fighter_name,elo,date,WL,method,opponent
Gerard Gordeau,515.75,12-11-1993,W,KO/TKO,Teila Tuli
Teila Tuli,484.25,12-11-1993,L,KO/TKO,Gerard Gordeau
Kevin Rosier,515.75,12-11-1993,W,KO/TKO,Zane Frazier
Zane Frazier,484.25,12-11-1993,L,KO/TKO,Kevin Rosier
Royce Gracie,519.37,12-11-1993,W,SUB,Art Jimmerson
Art Jimmerson,480.63,12-11-1993,L,SUB,Royce Gracie
Ken Shamrock,519.37,12-11-1993,W,SUB,Patrick Smith
Patrick Smith,480.63,12-11-1993,L,SUB,Ken Shamrock
Gerard Gordeau,532.25,12-11-1993,W,KO/TKO,Kevin Rosier
Kevin Rosier,499.25,12-11-1993,L,KO/TKO,Gerard Gordeau
Royce Gracie,539.66,12-11-1993,W,SUB,Ken Shamrock
Ken Shamrock,499.07,12-11-1993,L,SUB,Royce Gracie
Jason DeLucia,519.37,12-11-1993,W,SUB,Trent Jenkins
Trent Jenkins,480.63,12-11-1993,L,SUB,Jason DeLucia
Royce Gracie,560.43,12-11-1993,W,SUB,Gerard Gordeau
Gerard Gordeau,511.48,12-11-1993,L,SUB,Royce Gracie
Scott Morris,519.37,11-03-1994,W,SUB,Sean Daugherty
Sean Daugherty,480.63,11-03-1994,L,SUB,Scott Morris
Patrick Smith,501.08,11-03-1994,W,SUB,Ray Wizard
Ray Wizard,479.55,11-03-1994,L,SUB,Patrick Smith
Johnny Rhodes,515.75,11-03-1994,W,KO/TKO,David Levicki
David Levicki,484.25,11-03-1994,L,KO/TKO,Johnny Rhodes
Frank Hamaker,519.37,11-03-1994,W,SUB,Thaddeus Luster
Thaddeus Luster,480.63,11-03-1994,L,SUB,Frank Hamaker
Orlando Wiet,515.75,11-03-1994,W,KO/TKO,Robert Lucarelli
Robert Lucarelli,484.25,11-03-1994,L,KO/TKO,Orlando Wiet
Remco Pardoel,519.37,11-03-1994,W,SUB,Alberta Cerra Leon
Alberta Cerra Leon,480.63,11-03-1994,L,SUB,Remco Pardoel
Jason DeLucia,538.53,11-03-1994,W,SUB,Scott Baker
Scott Baker,480.84,11-03-1994,L,SUB,Jason DeLucia
Royce Gracie,578.76,11-03-1994,W,SUB,Minoki Ichihara
Minoki Ichihara,481.67,11-03-1994,L,SUB,Royce Gracie
Patrick Smith,518.45,11-03-1994,W,KO/TKO,Scott Morris
Scott Morris,502.0,11-03-1994,L,KO/TKO,Patrick Smith
Johnny Rhodes,535.13,11-03-1994,W,SUB,Fred Ettish
Fred Ettish,480.62,11-03-1994,L,SUB,Johnny Rhodes
Remco Pardoel,535.7,11-03-1994,W,KO/TKO,Orlando Wiet
Orlando Wiet,499.42,11-03-1994,L,KO/TKO,Remco Pardoel
Royce Gracie,599.16,11-03-1994,W,SUB,Jason DeLucia
Jason DeLucia,518.13,11-03-1994,L,SUB,Royce Gracie
Patrick Smith,540.69,11-03-1994,W,SUB,Johnny Rhodes
Johnny Rhodes,512.89,11-03-1994,L,SUB,Patrick Smith
Royce Gracie,618.81,11-03-1994,W,SUB,Remco Pardoel
Remco Pardoel,516.05,11-03-1994,L,SUB,Royce Gracie
Royce Gracie,634.58,11-03-1994,W,KO/TKO,Patrick Smith
Patrick Smith,524.92,11-03-1994,L,KO/TKO,Royce Gracie
Keith Hackney,515.75,09-09-1994,W,KO/TKO,Emmanuel Yarborough
Emmanuel Yarborough,484.25,09-09-1994,L,KO/TKO,Keith Hackney
Ken Shamrock,514.86,09-09-1994,W,KO/TKO,Christophe Leninger
Christophe Leninger,484.21,09-09-1994,L,KO/TKO,Ken Shamrock
Harold Howard,515.75,09-09-1994,W,KO/TKO,Roland Payne
Roland Payne,484.25,09-09-1994,L,KO/TKO,Harold Howard
Royce Gracie,650.88,09-09-1994,W,SUB,Kimo Leopoldo
Kimo Leopoldo,483.7,09-09-1994,L,SUB,Royce Gracie
Ken Shamrock,534.29,09-09-1994,W,SUB,Felix Lee Mitchell
Felix Lee Mitchell,480.57,09-09-1994,L,SUB,Ken Shamrock
Steve Jennum,516.46,09-09-1994,W,KO/TKO,Harold Howard
Harold Howard,499.29,09-09-1994,L,KO/TKO,Steve Jennum
Joe Charles,519.33,16-12-1994,W,SUB,Kevin Rosier
Kevin Rosier,479.92,16-12-1994,L,SUB,Joe Charles
Marcus Bossett,515.75,16-12-1994,W,KO/TKO,Eldo Xavier Dias
Eldo Xavier Dias,484.25,16-12-1994,L,KO/TKO,Marcus Bossett
Guy Mezger,515.75,16-12-1994,W,KO/TKO,Jason Fairn
Jason Fairn,484.25,16-12-1994,L,KO/TKO,Guy Mezger
Royce Gracie,666.69,16-12-1994,W,SUB,Ron van Clief
Ron van Clief,484.19,16-12-1994,L,SUB,Royce Gracie
Keith Hackney,535.13,16-12-1994,W,SUB,Joe Son
Joe Son,480.62,16-12-1994,L,SUB,Keith Hackney
Steve Jennum,535.79,16-12-1994,W,SUB,Melton Bowen
Melton Bowen,480.67,16-12-1994,L,SUB,Steve Jennum
Dan Severn,519.37,16-12-1994,W,SUB,Anthony Macias
Anthony Macias,480.63,16-12-1994,L,SUB,Dan Severn
Royce Gracie,684.36,16-12-1994,W,SUB,Keith Hackney
Keith Hackney,517.46,16-12-1994,L,SUB,Royce Gracie
Dan Severn,539.45,16-12-1994,W,SUB,Marcus Bossett
Marcus Bossett,495.67,16-12-1994,L,SUB,Dan Severn
Royce Gracie,701.12,16-12-1994,W,SUB,Dan Severn
Dan Severn,522.69,16-12-1994,L,SUB,Royce Gracie
Dave Beneteau,515.75,07-04-1995,W,KO/TKO,Asbel Cancio
Asbel Cancio,484.25,07-04-1995,L,KO/TKO,Dave Beneteau
Guy Mezger,531.5,07-04-1995,W,KO/TKO,John Dowdy
John Dowdy,484.25,07-04-1995,L,KO/TKO,Guy Mezger
Jon Hess,515.75,07-04-1995,W,KO/TKO,Andy Anderson
Andy Anderson,484.25,07-04-1995,L,KO/TKO,Jon Hess
Todd Medina,519.37,07-04-1995,W,SUB,Larry Cureton
Larry Cureton,480.63,07-04-1995,L,SUB,Todd Medina
Oleg Taktarov,519.37,07-04-1995,W,SUB,Ernie Verdicia
Ernie Verdicia,480.63,07-04-1995,L,SUB,Oleg Taktarov
Dan Severn,541.88,07-04-1995,W,SUB,Joe Charles
Joe Charles,500.14,07-04-1995,L,SUB,Dan Severn
Dave Beneteau,532.42,07-04-1995,W,KO/TKO,Todd Medina
Todd Medina,502.7,07-04-1995,L,KO/TKO,Dave Beneteau
Dan Severn,557.31,07-04-1995,W,KO/TKO,Oleg Taktarov
Oleg Taktarov,503.94,07-04-1995,L,KO/TKO,Dan Severn
Ken Shamrock,540.99,07-04-1995,L,Other,Royce Gracie
Royce Gracie,694.42,07-04-1995,W,Other,Ken Shamrock
Dan Severn,577.01,07-04-1995,W,SUB,Dave Beneteau
Dave Beneteau,512.72,07-04-1995,L,SUB,Dan Severn
Joel Sutton,515.75,14-07-1995,W,KO/TKO,Jack McGlaughlin
Jack McGlaughlin,484.25,14-07-1995,L,KO/TKO,Joel Sutton
Anthony Macias,497.26,14-07-1995,W,KO/TKO,He-Man Gipson
He-Man Gipson,483.37,14-07-1995,L,KO/TKO,Anthony Macias
David Abbott,515.75,14-07-1995,W,KO/TKO,John Matua
John Matua,484.25,14-07-1995,L,KO/TKO,David Abbott
Paul Varelans,515.75,14-07-1995,W,KO/TKO,Cal Worsham
Cal Worsham,484.25,14-07-1995,L,KO/TKO,Paul Varelans
Patrick Smith,542.91,14-07-1995,W,SUB,Rudyard Moncayo
Rudyard Moncayo,482.01,14-07-1995,L,SUB,Patrick Smith
Oleg Taktarov,523.8,14-07-1995,W,SUB,Dave Beneteau
Dave Beneteau,492.86,14-07-1995,L,SUB,Oleg Taktarov
David Abbott,532.25,14-07-1995,W,KO/TKO,Paul Varelans
Paul Varelans,499.25,14-07-1995,L,KO/TKO,David Abbott
Oleg Taktarov,542.55,14-07-1995,W,SUB,Anthony Macias
Anthony Macias,478.51,14-07-1995,L,SUB,Oleg Taktarov
Ken Shamrock,564.4,14-07-1995,W,SUB,Dan Severn
Dan Severn,553.6,14-07-1995,L,SUB,Ken Shamrock
Oleg Taktarov,563.14,14-07-1995,W,SUB,David Abbott
David Abbott,511.66,14-07-1995,L,SUB,Oleg Taktarov
Joel Sutton,531.5,08-09-1995,W,KO/TKO,Geza Kalman
Geza Kalman,484.25,08-09-1995,L,KO/TKO,Joel Sutton
Onassis Parungao,515.75,08-09-1995,W,KO/TKO,Francesco Maturi
Francesco Maturi,484.25,08-09-1995,L,KO/TKO,Onassis Parungao
Scott Bessac,519.37,08-09-1995,W,SUB,David Hood
David Hood,480.63,08-09-1995,L,SUB,Scott Bessac
Paul Varelans,515.03,08-09-1995,W,KO/TKO,Gerry Harris
Gerry Harris,484.22,08-09-1995,L,KO/TKO,Paul Varelans
Mark Hall,515.72,08-09-1995,W,KO/TKO,Harold Howard
Harold Howard,483.57,08-09-1995,L,KO/TKO,Mark Hall
Remco Pardoel,534.53,08-09-1995,W,SUB,Ryan Parker
Ryan Parker,481.52,08-09-1995,L,SUB,Remco Pardoel
Marco Ruas,518.29,08-09-1995,W,SUB,Larry Cureton
Larry Cureton,462.34,08-09-1995,L,SUB,Marco Ruas
Paul Varelans,535.37,08-09-1995,W,SUB,Mark Hall
Mark Hall,495.38,08-09-1995,L,SUB,Paul Varelans
Marco Ruas,539.53,08-09-1995,W,SUB,Remco Pardoel
Remco Pardoel,513.29,08-09-1995,L,SUB,Marco Ruas
Ken Shamrock,564.35,08-09-1995,L,Other,Oleg Taktarov
Oleg Taktarov,563.19,08-09-1995,W,Other,Ken Shamrock
Marco Ruas,556.57,08-09-1995,W,KO/TKO,Paul Varelans
Paul Varelans,518.33,08-09-1995,L,KO/TKO,Marco Ruas
Joe Charles,520.58,16-12-1995,W,SUB,Scott Bessac
Scott Bessac,498.93,16-12-1995,L,SUB,Joe Charles
Mark Hall,513.93,16-12-1995,W,SUB,Trent Jenkins
Trent Jenkins,462.08,16-12-1995,L,SUB,Mark Hall
David Abbott,532.38,16-12-1995,W,SUB,Steve Jennum
Steve Jennum,515.07,16-12-1995,L,SUB,David Abbott
Dan Severn,571.01,16-12-1995,W,SUB,Paul Varelans
Paul Varelans,500.92,16-12-1995,L,SUB,Dan Severn
Marco Ruas,576.23,16-12-1995,W,SUB,Keith Hackney
Keith Hackney,497.8,16-12-1995,L,SUB,Marco Ruas
Oleg Taktarov,580.91,16-12-1995,W,SUB,Dave Beneteau
Dave Beneteau,475.14,16-12-1995,L,SUB,Oleg Taktarov
Dan Severn,585.68,16-12-1995,W,U-DEC,David Abbott
David Abbott,517.71,16-12-1995,L,U-DEC,Dan Severn
Oleg Taktarov,599.41,16-12-1995,W,U-DEC,Marco Ruas
Marco Ruas,557.73,16-12-1995,L,U-DEC,Oleg Taktarov
Dan Severn,603.61,16-12-1995,W,U-DEC,Oleg Taktarov
Oleg Taktarov,581.48,16-12-1995,L,U-DEC,Dan Severn
Sam Adkins,515.75,16-02-1996,W,KO/TKO,Keith Mielke
Keith Mielke,484.25,16-02-1996,L,KO/TKO,Sam Adkins
Don Frye,515.75,16-02-1996,W,KO/TKO,Thomas Ramirez
Thomas Ramirez,484.25,16-02-1996,L,KO/TKO,Don Frye
Paul Varelans,516.63,16-02-1996,W,U-DEC,Joe Moreira
Joe Moreira,484.29,16-02-1996,L,U-DEC,Paul Varelans
Jerry Bohlander,519.37,16-02-1996,W,SUB,Scott Ferrozzo
Scott Ferrozzo,480.63,16-02-1996,L,SUB,Jerry Bohlander
Gary Goodridge,515.75,16-02-1996,W,KO/TKO,Paul Herrera
Paul Herrera,484.25,16-02-1996,L,KO/TKO,Gary Goodridge
Don Frye,532.25,16-02-1996,W,KO/TKO,Sam Adkins
Sam Adkins,499.25,16-02-1996,L,KO/TKO,Don Frye
Gary Goodridge,532.42,16-02-1996,W,KO/TKO,Jerry Bohlander
Jerry Bohlander,502.7,16-02-1996,L,KO/TKO,Gary Goodridge
Ken Shamrock,581.44,16-02-1996,W,SUB,Kimo Leopoldo
Kimo Leopoldo,466.61,16-02-1996,L,SUB,Ken Shamrock
Don Frye,549.51,16-02-1996,W,KO/TKO,Gary Goodridge
Gary Goodridge,515.16,16-02-1996,L,KO/TKO,Don Frye
Steve Nelmark,515.75,17-05-1996,W,KO/TKO,Tai Bowden
Tai Bowden,484.25,17-05-1996,L,KO/TKO,Steve Nelmark
Cal Worsham,500.0,17-05-1996,W,KO/TKO,Zane Frazier
Zane Frazier,468.5,17-05-1996,L,KO/TKO,Cal Worsham
Rafael Carino,515.75,17-05-1996,W,KO/TKO,Matt Andersen
Matt Andersen,484.25,17-05-1996,L,KO/TKO,Rafael Carino
Mark Schultz,516.44,17-05-1996,W,KO/TKO,Gary Goodridge
Gary Goodridge,498.72,17-05-1996,L,KO/TKO,Mark Schultz
Mark Hall,529.77,17-05-1996,W,KO/TKO,Koji Kitao
Koji Kitao,484.16,17-05-1996,L,KO/TKO,Mark Hall
Don Frye,564.96,17-05-1996,W,KO/TKO,Amaury Bitetti
Amaury Bitetti,484.55,17-05-1996,L,KO/TKO,Don Frye
Dan Severn,620.46,17-05-1996,W,S-DEC,Ken Shamrock
Ken Shamrock,564.59,17-05-1996,L,S-DEC,Dan Severn
Geza Kalman,500.71,12-07-1996,W,KO/TKO,Dieusel Berto
Dieusel Berto,483.54,12-07-1996,L,KO/TKO,Geza Kalman
Sam Adkins,514.15,12-07-1996,W,U-DEC,Felix Lee Mitchell
Felix Lee Mitchell,465.67,12-07-1996,L,U-DEC,Sam Adkins
Don Frye,581.82,12-07-1996,W,KO/TKO,Mark Hall
Mark Hall,512.91,12-07-1996,L,KO/TKO,Don Frye
Brian Johnston,515.75,12-07-1996,W,KO/TKO,Scott Fiedler
Scott Fiedler,484.25,12-07-1996,L,KO/TKO,Brian Johnston
Mark Coleman,515.75,12-07-1996,W,KO/TKO,Moti Horenstein
Moti Horenstein,484.25,12-07-1996,L,KO/TKO,Mark Coleman
Gary Goodridge,514.53,12-07-1996,W,KO/TKO,John Campetella
John Campetella,484.19,12-07-1996,L,KO/TKO,Gary Goodridge
Don Frye,597.66,12-07-1996,W,KO/TKO,Brian Johnston
Brian Johnston,499.91,12-07-1996,L,KO/TKO,Don Frye
Mark Coleman,535.97,12-07-1996,W,SUB,Gary Goodridge
Gary Goodridge,494.31,12-07-1996,L,SUB,Mark Coleman
Mark Coleman,556.25,12-07-1996,W,KO/TKO,Don Frye
Don Frye,577.38,12-07-1996,L,KO/TKO,Mark Coleman
Scott Ferrozzo,501.08,20-09-1996,W,SUB,Sam Fulton
Sam Fulton,479.55,20-09-1996,L,SUB,Scott Ferrozzo
Roberto Traven,515.75,20-09-1996,W,KO/TKO,Dave Berry
Dave Berry,484.25,20-09-1996,L,KO/TKO,Roberto Traven
Mark Coleman,574.84,20-09-1996,W,SUB,Julian Sanchez
Julian Sanchez,481.41,20-09-1996,L,SUB,Mark Coleman
Brian Johnston,515.66,20-09-1996,W,KO/TKO,Reza Nasri
Reza Nasri,484.25,20-09-1996,L,KO/TKO,Brian Johnston
David Abbott,536.88,20-09-1996,W,SUB,Sam Adkins
Sam Adkins,494.98,20-09-1996,L,SUB,David Abbott
Jerry Bohlander,518.33,20-09-1996,W,U-DEC,Fabio Gurgel
Fabio Gurgel,484.37,20-09-1996,L,U-DEC,Jerry Bohlander
Mark Coleman,590.43,20-09-1996,W,KO/TKO,Brian Johnston
Brian Johnston,500.07,20-09-1996,L,KO/TKO,Mark Coleman
Scott Ferrozzo,519.27,20-09-1996,W,U-DEC,David Abbott
David Abbott,518.69,20-09-1996,L,U-DEC,Scott Ferrozzo
Mark Hall,526.53,07-12-1996,W,KO/TKO,Felix Lee Mitchell
Felix Lee Mitchell,452.05,07-12-1996,L,KO/TKO,Mark Hall
Steve Nelmark,534.87,07-12-1996,W,SUB,Marcus Bossett
Marcus Bossett,476.55,07-12-1996,L,SUB,Steve Nelmark
Tai Bowden,500.71,07-12-1996,W,KO/TKO,Jack Nilson
Jack Nilson,483.54,07-12-1996,L,KO/TKO,Tai Bowden
Don Frye,592.21,07-12-1996,W,SUB,Gary Goodridge
Gary Goodridge,479.48,07-12-1996,L,SUB,Don Frye
David Abbott,533.59,07-12-1996,W,KO/TKO,Cal Worsham
Cal Worsham,485.1,07-12-1996,L,KO/TKO,David Abbott
Kimo Leopoldo,484.61,07-12-1996,W,KO/TKO,Paul Varelans
Paul Varelans,498.63,07-12-1996,L,KO/TKO,Kimo Leopoldo
Ken Shamrock,580.41,07-12-1996,W,SUB,Brian Johnston
Brian Johnston,484.25,07-12-1996,L,SUB,Ken Shamrock
Don Frye,608.71,07-12-1996,W,SUB,Mark Hall
Mark Hall,510.03,07-12-1996,L,SUB,Don Frye
David Abbott,550.15,07-12-1996,W,KO/TKO,Steve Nelmark
Steve Nelmark,518.31,07-12-1996,L,KO/TKO,David Abbott
Don Frye,626.38,07-12-1996,W,SUB,David Abbott
David Abbott,532.48,07-12-1996,L,SUB,Don Frye
Nick Sanzo,515.75,07-02-1997,W,KO/TKO,Jackie Lee
Jackie Lee,484.25,07-02-1997,L,KO/TKO,Nick Sanzo
Justin Martin,519.37,07-02-1997,W,SUB,Eric Martin
Eric Martin,480.63,07-02-1997,L,SUB,Justin Martin
Jerry Bohlander,537.56,07-02-1997,W,SUB,Rainy Martinez
Rainy Martinez,480.77,07-02-1997,L,SUB,Jerry Bohlander
Yoshiki Takahashi,515.75,07-02-1997,W,U-DEC,Wallid Ismail
Wallid Ismail,484.25,07-02-1997,L,U-DEC,Yoshiki Takahashi
Scott Ferrozzo,535.56,07-02-1997,W,KO/TKO,Jim Mullen
Jim Mullen,483.71,07-02-1997,L,KO/TKO,Scott Ferrozzo
Vitor Belfort,515.75,07-02-1997,W,KO/TKO,Tra Telligman
Tra Telligman,484.25,07-02-1997,L,KO/TKO,Vitor Belfort
Jerry Bohlander,557.45,07-02-1997,W,SUB,Nick Sanzo
Nick Sanzo,495.86,07-02-1997,L,SUB,Jerry Bohlander
Vitor Belfort,533.19,07-02-1997,W,KO/TKO,Scott Ferrozzo
Scott Ferrozzo,518.12,07-02-1997,L,KO/TKO,Vitor Belfort
Mark Coleman,616.48,07-02-1997,W,SUB,Dan Severn
Dan Severn,594.41,07-02-1997,L,SUB,Mark Coleman
Tito Ortiz,515.75,30-05-1997,W,KO/TKO,Wes Albritton
Wes Albritton,484.25,30-05-1997,L,KO/TKO,Tito Ortiz
Jack Nilson,500.04,30-05-1997,W,KO/TKO,Saeed Hosseini
Saeed Hosseini,483.5,30-05-1997,L,KO/TKO,Jack Nilson
Guy Mezger,546.42,30-05-1997,W,U-DEC,Christophe Leninger
Christophe Leninger,469.29,30-05-1997,L,U-DEC,Guy Mezger
Enson Inoue,519.37,30-05-1997,W,SUB,Royce Alger
Royce Alger,480.63,30-05-1997,L,SUB,Enson Inoue
Steven Graham,519.37,30-05-1997,W,SUB,Dmitri Stepanov
Dmitri Stepanov,480.63,30-05-1997,L,SUB,Steven Graham
Randy Couture,519.37,30-05-1997,W,SUB,Tony Halme
Tony Halme,480.63,30-05-1997,L,SUB,Randy Couture
Guy Mezger,566.61,30-05-1997,W,SUB,Tito Ortiz
Tito Ortiz,495.56,30-05-1997,L,SUB,Guy Mezger
Randy Couture,535.87,30-05-1997,W,KO/TKO,Steven Graham
Steven Graham,502.87,30-05-1997,L,KO/TKO,Randy Couture
Vitor Belfort,550.4,30-05-1997,W,KO/TKO,David Abbott
David Abbott,515.27,30-05-1997,L,KO/TKO,Vitor Belfort
Tony Fryklund,519.37,27-07-1997,W,SUB,Donnie Chappell
Donnie Chappell,480.63,27-07-1997,L,SUB,Tony Fryklund
Alex Hunter,518.23,27-07-1997,W,SUB,Sam Fulton
Sam Fulton,461.32,27-07-1997,L,SUB,Alex Hunter
Joe Moreira,500.75,27-07-1997,W,U-DEC,Yuri Vaulin
Yuri Vaulin,483.54,27-07-1997,L,U-DEC,Joe Moreira
Kevin Jackson,515.75,27-07-1997,W,KO/TKO,Todd Butler
Todd Butler,484.25,27-07-1997,L,KO/TKO,Kevin Jackson
Mark Kerr,515.04,27-07-1997,W,KO/TKO,Moti Horenstein
Moti Horenstein,469.21,27-07-1997,L,KO/TKO,Mark Kerr
Dan Bobish,518.49,27-07-1997,W,SUB,Brian Johnston
Brian Johnston,465.76,27-07-1997,L,SUB,Dan Bobish
Kevin Jackson,536.26,27-07-1997,W,SUB,Tony Fryklund
Tony Fryklund,498.86,27-07-1997,L,SUB,Kevin Jackson
Mark Kerr,535.54,27-07-1997,W,SUB,Dan Bobish
Dan Bobish,497.99,27-07-1997,L,SUB,Mark Kerr
Maurice Smith,520.84,27-07-1997,W,U-DEC,Mark Coleman
Mark Coleman,595.64,27-07-1997,L,U-DEC,Maurice Smith
Alex Hunter,533.87,17-10-1997,W,S-DEC,Harry Moskowitz
Harry Moskowitz,484.36,17-10-1997,L,S-DEC,Alex Hunter
Dwayne Cason,515.75,17-10-1997,W,KO/TKO,Houston Dorr
Houston Dorr,484.25,17-10-1997,L,KO/TKO,Dwayne Cason
Mark Kerr,551.03,17-10-1997,W,KO/TKO,Greg Stott
Greg Stott,484.51,17-10-1997,L,KO/TKO,Mark Kerr
Dave Beneteau,492.02,17-10-1997,W,U-DEC,Carlos Barreto
Carlos Barreto,483.12,17-10-1997,L,U-DEC,Dave Beneteau
Randy Couture,553.84,17-10-1997,W,KO/TKO,Vitor Belfort
Vitor Belfort,532.43,17-10-1997,L,KO/TKO,Randy Couture
Mark Kerr,570.93,17-10-1997,W,SUB,Dwayne Cason
Dwayne Cason,495.85,17-10-1997,L,SUB,Mark Kerr
Maurice Smith,540.81,17-10-1997,W,SUB,David Abbott
David Abbott,495.3,17-10-1997,L,SUB,Maurice Smith
Tra Telligman,504.5,21-12-1997,W,SUB,Brad Kohler
Brad Kohler,479.75,21-12-1997,L,SUB,Tra Telligman
David Abbott,511.26,21-12-1997,W,U-DEC,Yoji Anjo
Yoji Anjo,484.04,21-12-1997,L,U-DEC,David Abbott
Kazushi Sakuraba,485.0,21-12-1997,L,Overturned,Marcus Silveira
Marcus Silveira,515.0,21-12-1997,W,Overturned,Kazushi Sakuraba
Frank Shamrock,521.39,21-12-1997,W,SUB,Kevin Jackson
Kevin Jackson,514.87,21-12-1997,L,SUB,Frank Shamrock
Vitor Belfort,551.14,21-12-1997,W,SUB,Joe Charles
Joe Charles,501.87,21-12-1997,L,SUB,Vitor Belfort
Kazushi Sakuraba,506.04,21-12-1997,W,SUB,Marcus Silveira
Marcus Silveira,493.96,21-12-1997,L,SUB,Kazushi Sakuraba
Randy Couture,571.17,21-12-1997,W,M-DEC,Maurice Smith
Maurice Smith,523.48,21-12-1997,L,M-DEC,Randy Couture
Laverne Clark,515.75,13-03-1998,W,KO/TKO,Josh Stuart
Josh Stuart,484.25,13-03-1998,L,KO/TKO,Laverne Clark
Chris Brennan,519.37,13-03-1998,W,SUB,Courtney Turner
Courtney Turner,480.63,13-03-1998,L,SUB,Chris Brennan
Mikey Burnett,515.75,13-03-1998,W,KO/TKO,Eugenio Tadeu
Eugenio Tadeu,484.25,13-03-1998,L,KO/TKO,Mikey Burnett
Pat Miletich,515.75,13-03-1998,W,S-DEC,Townsend Saunders
Townsend Saunders,484.25,13-03-1998,L,S-DEC,Pat Miletich
Jerry Bohlander,576.89,13-03-1998,W,SUB,Kevin Jackson
Kevin Jackson,495.43,13-03-1998,L,SUB,Jerry Bohlander
Pat Miletich,536.26,13-03-1998,W,SUB,Chris Brennan
Chris Brennan,498.86,13-03-1998,L,SUB,Pat Miletich
Tsuyoshi Kohsaka,515.05,13-03-1998,W,U-DEC,Kimo Leopoldo
Kimo Leopoldo,469.56,13-03-1998,L,U-DEC,Tsuyoshi Kohsaka
Frank Shamrock,536.88,13-03-1998,W,KO/TKO,Igor Zinoviev
Igor Zinoviev,484.51,13-03-1998,L,KO/TKO,Frank Shamrock
Chuck Liddell,515.75,15-05-1998,W,U-DEC,Noe Hernandez
Noe Hernandez,484.25,15-05-1998,L,U-DEC,Chuck Liddell
Andre Roberts,515.04,15-05-1998,W,U-DEC,Harry Moskowitz
Harry Moskowitz,469.32,15-05-1998,L,U-DEC,Andre Roberts
Dan Henderson,515.75,15-05-1998,W,U-DEC,Allan Goes
Allan Goes,484.25,15-05-1998,L,U-DEC,Dan Henderson
Carlos Newton,519.37,15-05-1998,W,SUB,Bob Gilstrap
Bob Gilstrap,480.63,15-05-1998,L,SUB,Carlos Newton
Mike van Arsdale,519.37,15-05-1998,W,SUB,Joe Pardo
Joe Pardo,480.63,15-05-1998,L,SUB,Mike van Arsdale
David Abbott,527.23,15-05-1998,W,KO/TKO,Hugo Duarte
Hugo Duarte,484.03,15-05-1998,L,KO/TKO,David Abbott
Dan Henderson,532.42,15-05-1998,W,S-DEC,Carlos Newton
Carlos Newton,502.7,15-05-1998,L,S-DEC,Dan Henderson
Pete Williams,519.98,15-05-1998,W,KO/TKO,Mark Coleman
Mark Coleman,575.66,15-05-1998,L,KO/TKO,Pete Williams
Frank Shamrock,555.55,15-05-1998,W,SUB,Jeremy Horn
Jeremy Horn,481.33,15-05-1998,L,SUB,Frank Shamrock
Cesar Marscucci,515.75,16-10-1998,W,KO/TKO,Paulo Santos
Paulo Santos,484.25,16-10-1998,L,KO/TKO,Cesar Marscucci
Tulio Palhares,515.75,16-10-1998,W,KO/TKO,Adriano Santos
Adriano Santos,484.25,16-10-1998,L,KO/TKO,Tulio Palhares
Ebenezer Fontes Braga,518.33,16-10-1998,W,SUB,Jeremy Horn
Jeremy Horn,463.0,16-10-1998,L,SUB,Ebenezer Fontes Braga
Tsuyoshi Kohsaka,531.78,16-10-1998,W,U-DEC,Pete Williams
Pete Williams,503.25,16-10-1998,L,U-DEC,Tsuyoshi Kohsaka
Pat Miletich,552.49,16-10-1998,W,S-DEC,Mikey Burnett
Mikey Burnett,499.52,16-10-1998,L,S-DEC,Pat Miletich
Pedro Rizzo,516.98,16-10-1998,W,KO/TKO,David Abbott
David Abbott,510.25,16-10-1998,L,KO/TKO,Pedro Rizzo
Vitor Belfort,565.23,16-10-1998,W,KO/TKO,Wanderlei Silva
Wanderlei Silva,485.91,16-10-1998,L,KO/TKO,Vitor Belfort
Frank Shamrock,574.18,16-10-1998,W,SUB,John Lober
John Lober,481.37,16-10-1998,L,SUB,Frank Shamrock
Laverne Clark,531.5,08-01-1999,W,KO/TKO,Frank Caracci
Frank Caracci,484.25,08-01-1999,L,KO/TKO,Laverne Clark
Evan Tanner,519.37,08-01-1999,W,SUB,Darrel Gholar
Darrel Gholar,480.63,08-01-1999,L,SUB,Evan Tanner
Mikey Burnett,514.58,08-01-1999,W,U-DEC,Townsend Saunders
Townsend Saunders,469.19,08-01-1999,L,U-DEC,Mikey Burnett
Tito Ortiz,514.93,08-01-1999,W,KO/TKO,Jerry Bohlander
Jerry Bohlander,557.52,08-01-1999,L,KO/TKO,Tito Ortiz
Pedro Rizzo,536.24,08-01-1999,W,S-DEC,Mark Coleman
Mark Coleman,556.4,08-01-1999,L,S-DEC,Pedro Rizzo
Pat Miletich,567.79,08-01-1999,W,U-DEC,Jorge Patino
Jorge Patino,484.7,08-01-1999,L,U-DEC,Pat Miletich
Bas Rutten,517.19,08-01-1999,W,KO/TKO,Tsuyoshi Kohsaka
Tsuyoshi Kohsaka,514.59,08-01-1999,L,KO/TKO,Bas Rutten
Sione Latu,515.75,05-03-1999,W,KO/TKO,Joey Roberts
Joey Roberts,484.25,05-03-1999,L,KO/TKO,Sione Latu
Pete Williams,522.44,05-03-1999,W,SUB,Jason Godsey
Jason Godsey,480.81,05-03-1999,L,SUB,Pete Williams
Evan Tanner,534.95,05-03-1999,W,KO/TKO,Valeri Ignatov
Valeri Ignatov,484.42,05-03-1999,L,KO/TKO,Evan Tanner
Kevin Randleman,516.81,05-03-1999,W,U-DEC,Maurice Smith
Maurice Smith,506.67,05-03-1999,L,U-DEC,Kevin Randleman
Jeremy Horn,485.29,05-03-1999,W,SUB,Chuck Liddell
Chuck Liddell,493.46,05-03-1999,L,SUB,Jeremy Horn
Gary Goodridge,496.84,05-03-1999,W,KO/TKO,Andre Roberts
Andre Roberts,497.68,05-03-1999,L,KO/TKO,Gary Goodridge
Tito Ortiz,533.87,05-03-1999,W,KO/TKO,Guy Mezger
Guy Mezger,547.67,05-03-1999,L,KO/TKO,Tito Ortiz
Ron Waterman,515.75,07-05-1999,W,KO/TKO,Chris Condo
Chris Condo,484.25,07-05-1999,L,KO/TKO,Ron Waterman
Laverne Clark,547.19,07-05-1999,W,KO/TKO,Fabiano Iha
Fabiano Iha,484.31,07-05-1999,L,KO/TKO,Laverne Clark
Marcelo Mello,515.75,07-05-1999,W,KO/TKO,David Roberts
David Roberts,484.25,07-05-1999,L,KO/TKO,Marcelo Mello
Wanderlei Silva,502.3,07-05-1999,W,KO/TKO,Tony Petarra
Tony Petarra,483.61,07-05-1999,L,KO/TKO,Wanderlei Silva
Pete Williams,541.43,07-05-1999,W,SUB,Travis Fulton
Travis Fulton,481.01,07-05-1999,L,SUB,Pete Williams
Pedro Rizzo,551.92,07-05-1999,W,KO/TKO,Tra Telligman
Tra Telligman,488.82,07-05-1999,L,KO/TKO,Pedro Rizzo
Bas Rutten,533.67,07-05-1999,W,S-DEC,Kevin Randleman
Kevin Randleman,500.33,07-05-1999,L,S-DEC,Bas Rutten
Travis Fulton,497.62,16-07-1999,W,U-DEC,David Dodd
David Dodd,483.39,16-07-1999,L,U-DEC,Travis Fulton
Andre Roberts,514.25,16-07-1999,W,KO/TKO,Ron Waterman
Ron Waterman,499.18,16-07-1999,L,KO/TKO,Andre Roberts
Eugene Jackson,514.87,16-07-1999,W,KO/TKO,Royce Alger
Royce Alger,465.76,16-07-1999,L,KO/TKO,Eugene Jackson
Tsuyoshi Kohsaka,529.68,16-07-1999,W,KO/TKO,Tim Lajcik
Tim Lajcik,484.91,16-07-1999,L,KO/TKO,Tsuyoshi Kohsaka
Paul Jones,519.37,16-07-1999,W,SUB,Flavio Luiz Moura
Flavio Luiz Moura,480.63,16-07-1999,L,SUB,Paul Jones
Jeremy Horn,502.49,16-07-1999,W,KO/TKO,Daiju Takase
Daiju Takase,482.8,16-07-1999,L,KO/TKO,Jeremy Horn
Pat Miletich,582.93,16-07-1999,W,KO/TKO,Andre Pederneiras
Andre Pederneiras,484.86,16-07-1999,L,KO/TKO,Pat Miletich
Maurice Smith,524.72,16-07-1999,W,KO/TKO,Marco Ruas
Marco Ruas,539.68,16-07-1999,L,KO/TKO,Maurice Smith
Jens Pulver,500.0,24-09-1999,L,M-DEC,Alfonso Alcarez
Alfonso Alcarez,500.0,24-09-1999,W,M-DEC,Jens Pulver
John Lewis,515.75,24-09-1999,W,KO/TKO,Lowell Anderson
Lowell Anderson,484.25,24-09-1999,L,KO/TKO,John Lewis
Matt Hughes,515.04,24-09-1999,W,U-DEC,Valeri Ignatov
Valeri Ignatov,469.38,24-09-1999,L,U-DEC,Matt Hughes
Chuck Liddell,510.38,24-09-1999,W,KO/TKO,Paul Jones
Paul Jones,502.45,24-09-1999,L,KO/TKO,Chuck Liddell
Brad Kohler,496.42,24-09-1999,W,KO/TKO,Steve Judson
Steve Judson,483.33,24-09-1999,L,KO/TKO,Brad Kohler
Jeremy Horn,522.39,24-09-1999,W,SUB,Jason Godsey
Jason Godsey,460.91,24-09-1999,L,SUB,Jeremy Horn
Tim Lajcik,485.53,24-09-1999,L,U-DEC,Ron Waterman
Ron Waterman,498.56,24-09-1999,W,U-DEC,Tim Lajcik
Frank Shamrock,590.76,24-09-1999,W,KO/TKO,Tito Ortiz
Tito Ortiz,517.29,24-09-1999,L,KO/TKO,Frank Shamrock
Katsuhisa Fujii,515.75,19-11-1999,W,KO/TKO,Masutatsu Yano
Masutatsu Yano,484.25,19-11-1999,L,KO/TKO,Katsuhisa Fujii
Kenichi Yamamoto,514.97,19-11-1999,W,U-DEC,Daiju Takase
Daiju Takase,467.83,19-11-1999,L,U-DEC,Kenichi Yamamoto
Eugene Jackson,530.66,19-11-1999,W,KO/TKO,Keiichiro Yamamiya
Keiichiro Yamamiya,484.21,19-11-1999,L,KO/TKO,Eugene Jackson
Joe Slick,516.57,19-11-1999,W,KO/TKO,Jason DeLucia
Jason DeLucia,501.56,19-11-1999,L,KO/TKO,Joe Slick
Kenichi Yamamoto,534.98,19-11-1999,W,SUB,Katsuhisa Fujii
Katsuhisa Fujii,495.74,19-11-1999,L,SUB,Kenichi Yamamoto
Pedro Rizzo,568.77,19-11-1999,W,KO/TKO,Tsuyoshi Kohsaka
Tsuyoshi Kohsaka,512.83,19-11-1999,L,KO/TKO,Pedro Rizzo
Kevin Randleman,517.93,19-11-1999,W,U-DEC,Pete Williams
Pete Williams,523.83,19-11-1999,L,U-DEC,Kevin Randleman
Shonie Carter,515.75,10-03-2000,W,U-DEC,Brad Gumm
Brad Gumm,484.25,10-03-2000,L,U-DEC,Shonie Carter
Scott Adams,519.37,10-03-2000,W,SUB,Ian Freeman
Ian Freeman,480.63,10-03-2000,L,SUB,Scott Adams
Jens Pulver,515.75,10-03-2000,W,KO/TKO,David Velasquez
David Velasquez,484.25,10-03-2000,L,KO/TKO,Jens Pulver
Bob Cook,519.06,10-03-2000,W,SUB,Tiki Ghosn
Tiki Ghosn,480.94,10-03-2000,L,SUB,Bob Cook
Dave Menne,515.04,10-03-2000,W,U-DEC,Fabiano Iha
Fabiano Iha,469.27,10-03-2000,L,U-DEC,Dave Menne
Lance Gibson,515.75,10-03-2000,W,KO/TKO,Jermaine Andre
Jermaine Andre,484.25,10-03-2000,L,KO/TKO,Lance Gibson
Tedd Williams,514.99,10-03-2000,W,KO/TKO,Steve Judson
Steve Judson,468.34,10-03-2000,L,KO/TKO,Tedd Williams
Laverne Clark,562.76,14-04-2000,W,M-DEC,Koji Oishi
Koji Oishi,484.43,14-04-2000,L,M-DEC,Laverne Clark
Ikuhisa Minowa,516.5,14-04-2000,W,KO/TKO,Joe Slick
Joe Slick,500.07,14-04-2000,L,KO/TKO,Ikuhisa Minowa
Ron Waterman,514.38,14-04-2000,W,U-DEC,Satoshi Honma
Satoshi Honma,484.18,14-04-2000,L,U-DEC,Ron Waterman
Sanae Kikuta,521.08,14-04-2000,W,SUB,Eugene Jackson
Eugene Jackson,509.58,14-04-2000,L,SUB,Sanae Kikuta
Murilo Bustamante,518.18,14-04-2000,W,SUB,Yoji Anjo
Yoji Anjo,465.86,14-04-2000,L,SUB,Murilo Bustamante
Tito Ortiz,532.36,14-04-2000,W,U-DEC,Wanderlei Silva
Wanderlei Silva,487.23,14-04-2000,L,U-DEC,Tito Ortiz
Shonie Carter,531.5,09-06-2000,W,U-DEC,Adrian Serrano
Adrian Serrano,484.25,09-06-2000,L,U-DEC,Shonie Carter
Ian Freeman,497.26,09-06-2000,W,KO/TKO,Nate Schroeder
Nate Schroeder,483.37,09-06-2000,L,KO/TKO,Ian Freeman
Jens Pulver,531.5,09-06-2000,W,U-DEC,Joao Roque
Joao Roque,484.25,09-06-2000,L,U-DEC,Jens Pulver
Matt Hughes,530.83,09-06-2000,W,KO/TKO,Marcelo Aguiar
Marcelo Aguiar,484.21,09-06-2000,L,KO/TKO,Matt Hughes
Amaury Bitetti,501.0,09-06-2000,W,DQ,Alex Andrade
Alex Andrade,483.55,09-06-2000,L,DQ,Amaury Bitetti
Pat Miletich,601.0,09-06-2000,W,SUB,John Alessio
John Alessio,481.93,09-06-2000,L,SUB,Pat Miletich
Tyrone Roberts,515.0,09-06-2000,W,U-DEC,David Dodd
David Dodd,468.39,09-06-2000,L,U-DEC,Tyrone Roberts
Kevin Randleman,536.83,09-06-2000,W,U-DEC,Pedro Rizzo
Pedro Rizzo,549.87,09-06-2000,L,U-DEC,Kevin Randleman
Brad Gumm,484.93,22-09-2000,L,U-DEC,CJ Fernandes
CJ Fernandes,499.32,22-09-2000,W,U-DEC,Brad Gumm
Jeff Monson,515.09,22-09-2000,W,U-DEC,Tim Lajcik
Tim Lajcik,470.44,22-09-2000,L,U-DEC,Jeff Monson
Ian Freeman,514.6,22-09-2000,W,U-DEC,Tedd Williams
Tedd Williams,497.65,22-09-2000,L,U-DEC,Ian Freeman
Yuki Kondo,515.75,22-09-2000,W,KO/TKO,Alexandre Dantas
Alexandre Dantas,484.25,22-09-2000,L,KO/TKO,Yuki Kondo
Fabiano Iha,493.73,22-09-2000,W,SUB,Laverne Clark
Laverne Clark,538.3,22-09-2000,L,SUB,Fabiano Iha
Jeremy Horn,543.71,22-09-2000,W,SUB,Eugene Jackson
Eugene Jackson,488.26,22-09-2000,L,SUB,Jeremy Horn
Maurice Smith,540.05,22-09-2000,W,S-DEC,Bobby Hoffman
Bobby Hoffman,484.67,22-09-2000,L,S-DEC,Maurice Smith
Pedro Rizzo,567.63,22-09-2000,W,KO/TKO,Dan Severn
Dan Severn,576.65,22-09-2000,L,KO/TKO,Pedro Rizzo
Ben Earwood,515.75,17-11-2000,W,U-DEC,Chris Lytle
Chris Lytle,484.25,17-11-2000,L,U-DEC,Ben Earwood
Mark Hughes,515.75,17-11-2000,W,U-DEC,Alex Stiebling
Alex Stiebling,484.25,17-11-2000,L,U-DEC,Mark Hughes
Jens Pulver,547.97,17-11-2000,W,KO/TKO,John Lewis
John Lewis,499.28,17-11-2000,L,KO/TKO,Jens Pulver
Andrei Arlovski,519.37,17-11-2000,W,SUB,Aaron Brink
Aaron Brink,480.63,17-11-2000,L,SUB,Andrei Arlovski
Josh Barnett,515.75,17-11-2000,W,KO/TKO,Gan McGee
Gan McGee,484.25,17-11-2000,L,KO/TKO,Josh Barnett
Renato Sobral,517.56,17-11-2000,W,M-DEC,Maurice Smith
Maurice Smith,522.49,17-11-2000,L,M-DEC,Renato Sobral
Randy Couture,588.07,17-11-2000,W,KO/TKO,Kevin Randleman
Kevin Randleman,519.93,17-11-2000,L,KO/TKO,Randy Couture
Chuck Liddell,527.1,16-12-2000,W,U-DEC,Jeff Monson
Jeff Monson,498.37,16-12-2000,L,U-DEC,Chuck Liddell
Dennis Hallman,521.09,16-12-2000,W,SUB,Matt Hughes
Matt Hughes,509.74,16-12-2000,L,SUB,Dennis Hallman
Evan Tanner,551.25,16-12-2000,W,KO/TKO,Lance Gibson
Lance Gibson,499.45,16-12-2000,L,KO/TKO,Evan Tanner
Fabiano Iha,509.0,16-12-2000,W,KO/TKO,Daiju Takase
Daiju Takase,452.56,16-12-2000,L,KO/TKO,Fabiano Iha
Matt Lindland,514.21,16-12-2000,W,KO/TKO,Yoji Anjo
Yoji Anjo,451.65,16-12-2000,L,KO/TKO,Matt Lindland
Pat Miletich,620.9,16-12-2000,W,SUB,Kenichi Yamamoto
Kenichi Yamamoto,515.08,16-12-2000,L,SUB,Pat Miletich
Tito Ortiz,551.69,16-12-2000,W,SUB,Yuki Kondo
Yuki Kondo,496.42,16-12-2000,L,SUB,Tito Ortiz
Sean Sherk,518.01,23-02-2001,W,SUB,Tiki Ghosn
Tiki Ghosn,462.93,23-02-2001,L,SUB,Sean Sherk
Phil Baroni,515.75,23-02-2001,W,U-DEC,Curtis Stout
Curtis Stout,484.25,23-02-2001,L,U-DEC,Phil Baroni
Bobby Hoffman,470.33,23-02-2001,L,Overturned,Mark Robinson
Mark Robinson,514.34,23-02-2001,W,Overturned,Bobby Hoffman
Pedro Rizzo,581.68,23-02-2001,W,KO/TKO,Josh Barnett
Josh Barnett,501.7,23-02-2001,L,KO/TKO,Pedro Rizzo
Elvis Sinosic,521.8,23-02-2001,W,SUB,Jeremy Horn
Jeremy Horn,521.91,23-02-2001,L,SUB,Elvis Sinosic
Fabiano Iha,529.67,23-02-2001,W,SUB,Phil Johns
Phil Johns,479.33,23-02-2001,L,SUB,Fabiano Iha
Jens Pulver,563.5,23-02-2001,W,U-DEC,Caol Uno
Caol Uno,484.47,23-02-2001,L,U-DEC,Jens Pulver
Tito Ortiz,568.92,23-02-2001,W,KO/TKO,Evan Tanner
Evan Tanner,534.02,23-02-2001,L,KO/TKO,Tito Ortiz
Tony DeSouza,515.75,04-05-2001,W,U-DEC,Steve Berger
Steve Berger,484.25,04-05-2001,L,U-DEC,Tony DeSouza
BJ Penn,515.75,04-05-2001,W,KO/TKO,Joey Gilbert
Joey Gilbert,484.25,04-05-2001,L,KO/TKO,BJ Penn
Matt Lindland,530.04,04-05-2001,W,DQ,Ricardo Almeida
Ricardo Almeida,484.17,04-05-2001,L,DQ,Matt Lindland
Semmy Schilt,516.83,04-05-2001,W,KO/TKO,Pete Williams
Pete Williams,507.0,04-05-2001,L,KO/TKO,Semmy Schilt
Shonie Carter,547.19,04-05-2001,W,KO/TKO,Matt Serra
Matt Serra,484.31,04-05-2001,L,KO/TKO,Shonie Carter
Chuck Liddell,543.99,04-05-2001,W,KO/TKO,Kevin Randleman
Kevin Randleman,503.04,04-05-2001,L,KO/TKO,Chuck Liddell
Carlos Newton,527.58,04-05-2001,W,SUB,Pat Miletich
Pat Miletich,596.02,04-05-2001,L,SUB,Carlos Newton
Randy Couture,607.21,04-05-2001,W,U-DEC,Pedro Rizzo
Pedro Rizzo,562.54,04-05-2001,L,U-DEC,Randy Couture
Tony DeSouza,535.13,29-06-2001,W,SUB,Paul Rodriguez
Paul Rodriguez,480.62,29-06-2001,L,SUB,Tony DeSouza
Ricco Rodriguez,516.63,29-06-2001,W,KO/TKO,Andrei Arlovski
Andrei Arlovski,502.74,29-06-2001,L,KO/TKO,Ricco Rodriguez
Vladimir Matyushenko,515.59,29-06-2001,W,U-DEC,Yuki Kondo
Yuki Kondo,480.83,29-06-2001,L,U-DEC,Vladimir Matyushenko
Caol Uno,502.26,29-06-2001,W,KO/TKO,Fabiano Iha
Fabiano Iha,511.88,29-06-2001,L,KO/TKO,Caol Uno
Pat Miletich,609.57,29-06-2001,W,KO/TKO,Shonie Carter
Shonie Carter,533.64,29-06-2001,L,KO/TKO,Pat Miletich
Josh Barnett,521.92,29-06-2001,W,SUB,Semmy Schilt
Semmy Schilt,496.61,29-06-2001,L,SUB,Josh Barnett
BJ Penn,531.5,29-06-2001,W,KO/TKO,Din Thomas
Din Thomas,484.25,29-06-2001,L,KO/TKO,BJ Penn
Tito Ortiz,584.49,29-06-2001,W,KO/TKO,Elvis Sinosic
Elvis Sinosic,506.23,29-06-2001,L,KO/TKO,Tito Ortiz
Din Thomas,501.25,28-09-2001,W,U-DEC,Fabiano Iha
Fabiano Iha,494.88,28-09-2001,L,U-DEC,Din Thomas
Ricardo Almeida,503.77,28-09-2001,W,SUB,Eugene Jackson
Eugene Jackson,468.66,28-09-2001,L,SUB,Ricardo Almeida
Jutaro Nakao,517.34,28-09-2001,W,KO/TKO,Tony DeSouza
Tony DeSouza,517.79,28-09-2001,L,KO/TKO,Jutaro Nakao
Dave Menne,530.83,28-09-2001,W,U-DEC,Gil Castillo
Gil Castillo,484.21,28-09-2001,L,U-DEC,Dave Menne
Matt Serra,500.77,28-09-2001,W,M-DEC,Yves Edwards
Yves Edwards,483.54,28-09-2001,L,M-DEC,Matt Serra
Chuck Liddell,560.66,28-09-2001,W,U-DEC,Murilo Bustamante
Murilo Bustamante,501.51,28-09-2001,L,U-DEC,Chuck Liddell
Jens Pulver,579.97,28-09-2001,W,U-DEC,Dennis Hallman
Dennis Hallman,504.62,28-09-2001,L,U-DEC,Jens Pulver
Tito Ortiz,599.57,28-09-2001,W,U-DEC,Vladimir Matyushenko
Vladimir Matyushenko,500.51,28-09-2001,L,U-DEC,Tito Ortiz
Frank Mir,520.25,02-11-2001,W,SUB,Roberto Traven
Roberto Traven,495.5,02-11-2001,L,SUB,Frank Mir
Matt Lindland,546.58,02-11-2001,W,M-DEC,Phil Baroni
Phil Baroni,499.21,02-11-2001,L,M-DEC,Matt Lindland
Evan Tanner,551.22,02-11-2001,W,SUB,Homer Moore
Homer Moore,482.8,02-11-2001,L,SUB,Evan Tanner
Josh Barnett,535.99,02-11-2001,W,KO/TKO,Bobby Hoffman
Bobby Hoffman,456.26,02-11-2001,L,KO/TKO,Josh Barnett
BJ Penn,547.3,02-11-2001,W,KO/TKO,Caol Uno
Caol Uno,486.46,02-11-2001,L,KO/TKO,BJ Penn
Matt Hughes,526.3,02-11-2001,W,KO/TKO,Carlos Newton
Carlos Newton,511.02,02-11-2001,L,KO/TKO,Matt Hughes
Ricco Rodriguez,532.67,02-11-2001,W,KO/TKO,Pete Williams
Pete Williams,490.96,02-11-2001,L,KO/TKO,Ricco Rodriguez
Randy Couture,624.87,02-11-2001,W,KO/TKO,Pedro Rizzo
Pedro Rizzo,544.88,02-11-2001,L,KO/TKO,Randy Couture
Eugene Jackson,489.43,11-01-2002,W,SUB,Keith Rockel
Keith Rockel,479.23,11-01-2002,L,SUB,Eugene Jackson
Gil Castillo,500.62,11-01-2002,W,U-DEC,Chris Brennan
Chris Brennan,482.45,11-01-2002,L,U-DEC,Gil Castillo
Kevin Randleman,519.45,11-01-2002,W,U-DEC,Renato Sobral
Renato Sobral,501.15,11-01-2002,L,U-DEC,Kevin Randleman
Andrei Semenov,515.92,11-01-2002,W,KO/TKO,Ricardo Almeida
Ricardo Almeida,487.85,11-01-2002,L,KO/TKO,Andrei Semenov
Chuck Liddell,576.17,11-01-2002,W,U-DEC,Amar Suloev
Amar Suloev,484.49,11-01-2002,L,U-DEC,Chuck Liddell
Murilo Bustamante,518.59,11-01-2002,W,KO/TKO,Dave Menne
Dave Menne,513.75,11-01-2002,L,KO/TKO,Murilo Bustamante
Ricco Rodriguez,548.22,11-01-2002,W,KO/TKO,Jeff Monson
Jeff Monson,482.82,11-01-2002,L,KO/TKO,Ricco Rodriguez
Jens Pulver,597.64,11-01-2002,W,M-DEC,BJ Penn
BJ Penn,529.63,11-01-2002,L,M-DEC,Jens Pulver
Sean Sherk,534.48,22-03-2002,W,U-DEC,Jutaro Nakao
Jutaro Nakao,500.87,22-03-2002,L,U-DEC,Sean Sherk
Matt Serra,521.02,22-03-2002,W,SUB,Kelly Dullanty
Kelly Dullanty,479.75,22-03-2002,L,SUB,Matt Serra
Frank Mir,538.84,22-03-2002,W,SUB,Pete Williams
Pete Williams,472.37,22-03-2002,L,SUB,Frank Mir
Evan Tanner,565.6,22-03-2002,W,KO/TKO,Elvis Sinosic
Elvis Sinosic,491.85,22-03-2002,L,KO/TKO,Evan Tanner
Matt Lindland,567.81,22-03-2002,W,KO/TKO,Pat Miletich
Pat Miletich,588.34,22-03-2002,L,KO/TKO,Matt Lindland
Matt Hughes,541.55,22-03-2002,W,KO/TKO,Hayato Sakurai
Hayato Sakurai,484.75,22-03-2002,L,KO/TKO,Matt Hughes
Pedro Rizzo,558.73,22-03-2002,W,KO/TKO,Andrei Arlovski
Andrei Arlovski,488.89,22-03-2002,L,KO/TKO,Pedro Rizzo
Josh Barnett,557.56,22-03-2002,W,KO/TKO,Randy Couture
Randy Couture,603.3,22-03-2002,L,KO/TKO,Josh Barnett
Robbie Lawler,515.75,10-05-2002,W,U-DEC,Aaron Riley
Aaron Riley,484.25,10-05-2002,L,U-DEC,Robbie Lawler
Benji Radach,484.32,10-05-2002,L,Overturned,Steve Berger
Steve Berger,499.93,10-05-2002,W,Overturned,Benji Radach
Ivan Salaverry,516.47,10-05-2002,W,KO/TKO,Andrei Semenov
Andrei Semenov,499.45,10-05-2002,L,KO/TKO,Ivan Salaverry
Caol Uno,502.08,10-05-2002,W,U-DEC,Yves Edwards
Yves Edwards,467.92,10-05-2002,L,U-DEC,Caol Uno
Phil Baroni,514.29,10-05-2002,W,KO/TKO,Amar Suloev
Amar Suloev,469.41,10-05-2002,L,KO/TKO,Phil Baroni
BJ Penn,544.04,10-05-2002,W,KO/TKO,Paul Creighton
Paul Creighton,485.59,10-05-2002,L,KO/TKO,BJ Penn
Ricco Rodriguez,564.39,10-05-2002,W,KO/TKO,Tsuyoshi Kohsaka
Tsuyoshi Kohsaka,496.66,10-05-2002,L,KO/TKO,Ricco Rodriguez
Murilo Bustamante,540.99,10-05-2002,W,SUB,Matt Lindland
Matt Lindland,545.41,10-05-2002,L,SUB,Murilo Bustamante
Yves Edwards,485.12,22-06-2002,W,KO/TKO,Joao Pierini
Joao Pierini,482.8,22-06-2002,L,KO/TKO,Yves Edwards
Tony Fryklund,514.66,22-06-2002,W,KO/TKO,Rodrigo Ruas
Rodrigo Ruas,484.2,22-06-2002,L,KO/TKO,Tony Fryklund
Robbie Lawler,531.5,22-06-2002,W,KO/TKO,Steve Berger
Steve Berger,484.18,22-06-2002,L,KO/TKO,Robbie Lawler
Pete Spratt,519.37,22-06-2002,W,SUB,Zach Light
Zach Light,480.63,22-06-2002,L,SUB,Pete Spratt
Benji Radach,500.78,22-06-2002,W,U-DEC,Nick Serra
Nick Serra,483.54,22-06-2002,L,U-DEC,Benji Radach
Chuck Liddell,595.06,22-06-2002,W,U-DEC,Vitor Belfort
Vitor Belfort,546.34,22-06-2002,L,U-DEC,Chuck Liddell
Evan Tanner,579.63,13-07-2002,W,U-DEC,Chris Haseman
Chris Haseman,485.97,13-07-2002,L,U-DEC,Evan Tanner
Renato Sobral,516.48,13-07-2002,W,U-DEC,Elvis Sinosic
Elvis Sinosic,476.52,13-07-2002,L,U-DEC,Renato Sobral
Phillip Miller,515.75,13-07-2002,W,U-DEC,James Zikic
James Zikic,484.25,13-07-2002,L,U-DEC,Phillip Miller
Genki Sudo,519.06,13-07-2002,W,SUB,Leigh Remedios
Leigh Remedios,480.94,13-07-2002,L,SUB,Genki Sudo
Mark Weir,515.27,13-07-2002,W,KO/TKO,Eugene Jackson
Eugene Jackson,474.16,13-07-2002,L,KO/TKO,Mark Weir
Ian Freeman,533.05,13-07-2002,W,KO/TKO,Frank Mir
Frank Mir,520.39,13-07-2002,L,KO/TKO,Ian Freeman
Matt Hughes,557.29,13-07-2002,W,KO/TKO,Carlos Newton
Carlos Newton,495.28,13-07-2002,L,KO/TKO,Matt Hughes
Sean Sherk,550.06,27-09-2002,W,KO/TKO,Benji Radach
Benji Radach,485.2,27-09-2002,L,KO/TKO,Sean Sherk
Matt Lindland,559.85,27-09-2002,W,U-DEC,Ivan Salaverry
Ivan Salaverry,502.03,27-09-2002,L,U-DEC,Matt Lindland
Phil Baroni,530.76,27-09-2002,W,KO/TKO,Dave Menne
Dave Menne,497.28,27-09-2002,L,KO/TKO,Phil Baroni
Gan McGee,503.33,27-09-2002,W,KO/TKO,Pedro Rizzo
Pedro Rizzo,539.65,27-09-2002,L,KO/TKO,Gan McGee
Caol Uno,518.54,27-09-2002,W,U-DEC,Din Thomas
Din Thomas,484.79,27-09-2002,L,U-DEC,Caol Uno
BJ Penn,559.45,27-09-2002,W,U-DEC,Matt Serra
Matt Serra,505.61,27-09-2002,L,U-DEC,BJ Penn
Tim Sylvia,515.75,27-09-2002,W,KO/TKO,Wesley Correira
Wesley Correira,484.25,27-09-2002,L,KO/TKO,Tim Sylvia
Ricco Rodriguez,585.23,27-09-2002,W,KO/TKO,Randy Couture
Randy Couture,582.46,27-09-2002,L,KO/TKO,Ricco Rodriguez
Phillip Miller,535.69,22-11-2002,W,SUB,Mark Weir
Mark Weir,495.33,22-11-2002,L,SUB,Phillip Miller
Vladimir Matyushenko,516.24,22-11-2002,W,KO/TKO,Travis Wiuff
Travis Wiuff,484.27,22-11-2002,L,KO/TKO,Vladimir Matyushenko
Andrei Arlovski,506.63,22-11-2002,W,KO/TKO,Ian Freeman
Ian Freeman,515.31,22-11-2002,L,KO/TKO,Andrei Arlovski
Robbie Lawler,545.39,22-11-2002,W,KO/TKO,Tiki Ghosn
Tiki Ghosn,449.04,22-11-2002,L,KO/TKO,Robbie Lawler
Carlos Newton,515.99,22-11-2002,W,SUB,Pete Spratt
Pete Spratt,498.66,22-11-2002,L,SUB,Carlos Newton
Matt Hughes,572.38,22-11-2002,W,KO/TKO,Gil Castillo
Gil Castillo,485.53,22-11-2002,L,KO/TKO,Matt Hughes
Chuck Liddell,610.81,22-11-2002,W,KO/TKO,Renato Sobral
Renato Sobral,500.73,22-11-2002,L,KO/TKO,Chuck Liddell
Tito Ortiz,618.0,22-11-2002,W,KO/TKO,Ken Shamrock
Ken Shamrock,561.98,22-11-2002,L,KO/TKO,Tito Ortiz
Yves Edwards,505.6,28-02-2003,W,SUB,Rich Clementi
Rich Clementi,479.52,28-02-2003,L,SUB,Yves Edwards
Gan McGee,518.92,28-02-2003,W,KO/TKO,Alexandre Dantas
Alexandre Dantas,468.66,28-02-2003,L,KO/TKO,Gan McGee
Din Thomas,501.48,28-02-2003,W,S-DEC,Matt Serra
Matt Serra,488.92,28-02-2003,L,S-DEC,Din Thomas
Vladimir Matyushenko,533.85,28-02-2003,W,U-DEC,Pedro Rizzo
Pedro Rizzo,522.04,28-02-2003,L,U-DEC,Vladimir Matyushenko
Matt Lindland,574.97,28-02-2003,W,U-DEC,Phil Baroni
Phil Baroni,515.64,28-02-2003,L,U-DEC,Matt Lindland
BJ Penn,557.69,28-02-2003,L,S-DEC,Caol Uno
Caol Uno,520.3,28-02-2003,W,S-DEC,BJ Penn
Frank Mir,539.2,28-02-2003,W,SUB,David Abbott
David Abbott,491.44,28-02-2003,L,SUB,Frank Mir
Tim Sylvia,535.51,28-02-2003,W,KO/TKO,Ricco Rodriguez
Ricco Rodriguez,565.47,28-02-2003,L,KO/TKO,Tim Sylvia
David Loiseau,515.54,25-04-2003,W,KO/TKO,Mark Weir
Mark Weir,479.79,25-04-2003,L,KO/TKO,David Loiseau
Hermes Franca,515.75,25-04-2003,W,U-DEC,Richard Crunkilton
Richard Crunkilton,484.25,25-04-2003,L,U-DEC,Hermes Franca
Duane Ludwig,516.61,25-04-2003,W,U-DEC,Genki Sudo
Genki Sudo,502.45,25-04-2003,L,U-DEC,Duane Ludwig
Rich Franklin,519.3,25-04-2003,W,KO/TKO,Evan Tanner
Evan Tanner,560.33,25-04-2003,L,KO/TKO,Rich Franklin
Wesley Correira,500.71,25-04-2003,W,KO/TKO,Sean Alvarez
Sean Alvarez,483.54,25-04-2003,L,KO/TKO,Wesley Correira
Dave Strasser,515.75,25-04-2003,W,U-DEC,Romie Aram
Romie Aram,484.25,25-04-2003,L,U-DEC,Dave Strasser
Pete Spratt,520.27,25-04-2003,W,SUB,Robbie Lawler
Robbie Lawler,523.78,25-04-2003,L,SUB,Pete Spratt
Matt Hughes,589.93,25-04-2003,W,U-DEC,Sean Sherk
Sean Sherk,532.51,25-04-2003,L,U-DEC,Matt Hughes
Pedro Rizzo,536.29,06-06-2003,W,KO/TKO,Tra Telligman
Tra Telligman,474.57,06-06-2003,L,KO/TKO,Pedro Rizzo
Falaniko Vitale,519.1,06-06-2003,W,KO/TKO,Matt Lindland
Matt Lindland,555.87,06-06-2003,L,KO/TKO,Falaniko Vitale
Yves Edwards,522.57,06-06-2003,W,U-DEC,Eddie Ruiz
Eddie Ruiz,483.03,06-06-2003,L,U-DEC,Yves Edwards
Frank Mir,553.85,06-06-2003,W,DQ,Wes Sims
Wes Sims,485.35,06-06-2003,L,DQ,Frank Mir
Vernon White,500.66,06-06-2003,L,S-DEC,Ian Freeman
Ian Freeman,514.65,06-06-2003,W,S-DEC,Vernon White
Vitor Belfort,560.0,06-06-2003,W,KO/TKO,Marvin Eastman
Marvin Eastman,486.34,06-06-2003,L,KO/TKO,Vitor Belfort
Kimo Leopoldo,490.15,06-06-2003,W,SUB,David Abbott
David Abbott,470.85,06-06-2003,L,SUB,Kimo Leopoldo
Randy Couture,599.49,06-06-2003,W,KO/TKO,Chuck Liddell
Chuck Liddell,593.78,06-06-2003,L,KO/TKO,Randy Couture
Hermes Franca,532.47,26-09-2003,W,KO/TKO,Caol Uno
Caol Uno,503.58,26-09-2003,L,KO/TKO,Hermes Franca
Nick Diaz,518.74,26-09-2003,W,SUB,Jeremy Jackson
Jeremy Jackson,481.26,26-09-2003,L,SUB,Nick Diaz
Josh Thomson,515.75,26-09-2003,W,KO/TKO,Gerald Strebendt
Gerald Strebendt,484.25,26-09-2003,L,KO/TKO,Josh Thomson
Karo Parisyan,520.25,26-09-2003,W,SUB,Dave Strasser
Dave Strasser,495.5,26-09-2003,L,SUB,Karo Parisyan
Rich Franklin,534.88,26-09-2003,W,KO/TKO,Edwin DeWees
Edwin DeWees,484.42,26-09-2003,L,KO/TKO,Rich Franklin
Jorge Rivera,516.45,26-09-2003,W,U-DEC,David Loiseau
David Loiseau,499.09,26-09-2003,L,U-DEC,Jorge Rivera
Tim Sylvia,551.94,26-09-2003,W,KO/TKO,Gan McGee
Gan McGee,502.49,26-09-2003,L,KO/TKO,Tim Sylvia
Andrei Arlovski,524.42,26-09-2003,W,KO/TKO,Vladimir Matyushenko
Vladimir Matyushenko,516.06,26-09-2003,L,KO/TKO,Andrei Arlovski
Randy Couture,616.87,26-09-2003,W,U-DEC,Tito Ortiz
Tito Ortiz,600.62,26-09-2003,L,U-DEC,Randy Couture
Yves Edwards,539.4,21-11-2003,W,KO/TKO,Nick Agallar
Nick Agallar,483.17,21-11-2003,L,KO/TKO,Yves Edwards
Keith Rockel,499.76,21-11-2003,W,SUB,Chris Liguori
Chris Liguori,479.47,21-11-2003,L,SUB,Keith Rockel
Pedro Rizzo,554.17,21-11-2003,W,U-DEC,Ricco Rodriguez
Ricco Rodriguez,547.59,21-11-2003,L,U-DEC,Pedro Rizzo
Robbie Lawler,537.75,21-11-2003,W,U-DEC,Chris Lytle
Chris Lytle,470.28,21-11-2003,L,U-DEC,Robbie Lawler
Evan Tanner,574.07,21-11-2003,W,KO/TKO,Phil Baroni
Phil Baroni,501.9,21-11-2003,L,KO/TKO,Evan Tanner
Wesley Correira,515.8,21-11-2003,W,KO/TKO,David Abbott
David Abbott,455.76,21-11-2003,L,KO/TKO,Wesley Correira
Matt Lindland,569.96,21-11-2003,W,KO/TKO,Falaniko Vitale
Falaniko Vitale,505.01,21-11-2003,L,KO/TKO,Matt Lindland
Matt Hughes,607.84,21-11-2003,W,SUB,Frank Trigg
Frank Trigg,482.09,21-11-2003,L,SUB,Matt Hughes
Matt Serra,505.17,31-01-2004,W,U-DEC,Jeff Curran
Jeff Curran,483.75,31-01-2004,L,U-DEC,Matt Serra
Josh Thomson,533.04,31-01-2004,W,M-DEC,Hermes Franca
Hermes Franca,515.18,31-01-2004,L,M-DEC,Josh Thomson
Georges St-Pierre,516.67,31-01-2004,W,U-DEC,Karo Parisyan
Karo Parisyan,503.58,31-01-2004,L,U-DEC,Georges St-Pierre
Lee Murray,520.29,31-01-2004,W,SUB,Jorge Rivera
Jorge Rivera,496.16,31-01-2004,L,SUB,Lee Murray
Frank Mir,567.74,31-01-2004,W,KO/TKO,Wes Sims
Wes Sims,471.46,31-01-2004,L,KO/TKO,Frank Mir
BJ Penn,581.95,31-01-2004,W,SUB,Matt Hughes
Matt Hughes,583.58,31-01-2004,L,SUB,BJ Penn
Renato Verissimo,516.47,31-01-2004,W,U-DEC,Carlos Newton
Carlos Newton,499.52,31-01-2004,L,U-DEC,Renato Verissimo
Vitor Belfort,579.18,31-01-2004,W,KO/TKO,Randy Couture
Randy Couture,597.69,31-01-2004,L,KO/TKO,Vitor Belfort
Genki Sudo,521.69,02-04-2004,W,SUB,Mike Brown
Mike Brown,480.76,02-04-2004,L,SUB,Genki Sudo
Jonathan Wiezorek,515.75,02-04-2004,W,KO/TKO,Wade Shipp
Wade Shipp,484.25,02-04-2004,L,KO/TKO,Jonathan Wiezorek
Mike Kyle,514.46,02-04-2004,W,KO/TKO,Wes Sims
Wes Sims,457.0,02-04-2004,L,KO/TKO,Mike Kyle
Nick Diaz,536.14,02-04-2004,W,KO/TKO,Robbie Lawler
Robbie Lawler,520.35,02-04-2004,L,KO/TKO,Nick Diaz
Andrei Arlovski,541.24,02-04-2004,W,KO/TKO,Wesley Correira
Wesley Correira,498.98,02-04-2004,L,KO/TKO,Andrei Arlovski
Yves Edwards,556.85,02-04-2004,W,S-DEC,Hermes Franca
Hermes Franca,497.73,02-04-2004,L,S-DEC,Yves Edwards
Chris Lytle,488.17,02-04-2004,W,SUB,Tiki Ghosn
Tiki Ghosn,431.15,02-04-2004,L,SUB,Chris Lytle
Chuck Liddell,609.84,02-04-2004,W,KO/TKO,Tito Ortiz
Tito Ortiz,584.56,02-04-2004,L,KO/TKO,Chuck Liddell
Trevor Prangley,518.19,19-06-2004,W,SUB,Curtis Stout
Curtis Stout,466.06,19-06-2004,L,SUB,Trevor Prangley
Georges St-Pierre,532.38,19-06-2004,W,KO/TKO,Jay Hieron
Jay Hieron,484.29,19-06-2004,L,KO/TKO,Georges St-Pierre
Matt Serra,521.42,19-06-2004,W,U-DEC,Ivan Menjivar
Ivan Menjivar,483.75,19-06-2004,L,U-DEC,Matt Serra
Evan Tanner,587.19,19-06-2004,W,U-DEC,Phil Baroni
Phil Baroni,488.78,19-06-2004,L,U-DEC,Evan Tanner
Matt Hughes,596.33,19-06-2004,W,U-DEC,Renato Verissimo
Renato Verissimo,503.72,19-06-2004,L,U-DEC,Matt Hughes
Frank Mir,588.87,19-06-2004,W,SUB,Tim Sylvia
Tim Sylvia,530.81,19-06-2004,L,SUB,Frank Mir
Frank Trigg,498.86,19-06-2004,W,KO/TKO,Dennis Hallman
Dennis Hallman,487.85,19-06-2004,L,KO/TKO,Frank Trigg
Ken Shamrock,574.52,19-06-2004,W,KO/TKO,Kimo Leopoldo
Kimo Leopoldo,477.61,19-06-2004,L,KO/TKO,Ken Shamrock
Yves Edwards,575.02,21-08-2004,W,KO/TKO,Josh Thomson
Josh Thomson,514.87,21-08-2004,L,KO/TKO,Yves Edwards
Karo Parisyan,520.8,21-08-2004,W,S-DEC,Nick Diaz
Nick Diaz,518.92,21-08-2004,L,S-DEC,Karo Parisyan
Chris Lytle,508.81,21-08-2004,W,SUB,Ronald Jhun
Ronald Jhun,479.36,21-08-2004,L,SUB,Chris Lytle
Justin Eilers,516.41,21-08-2004,W,KO/TKO,Mike Kyle
Mike Kyle,498.05,21-08-2004,L,KO/TKO,Justin Eilers
David Terrell,518.88,21-08-2004,W,KO/TKO,Matt Lindland
Matt Lindland,551.08,21-08-2004,L,KO/TKO,David Terrell
Chuck Liddell,621.32,21-08-2004,W,KO/TKO,Vernon White
Vernon White,489.18,21-08-2004,L,KO/TKO,Chuck Liddell
Joe Riggs,515.75,21-08-2004,W,KO/TKO,Joe Doerksen
Joe Doerksen,484.25,21-08-2004,L,KO/TKO,Joe Riggs
Randy Couture,612.6,21-08-2004,W,KO/TKO,Vitor Belfort
Vitor Belfort,564.27,21-08-2004,L,KO/TKO,Randy Couture
Travis Lutter,515.13,22-10-2004,W,KO/TKO,Marvin Eastman
Marvin Eastman,471.21,22-10-2004,L,KO/TKO,Travis Lutter
Ivan Salaverry,522.11,22-10-2004,W,SUB,Tony Fryklund
Tony Fryklund,494.58,22-10-2004,L,SUB,Ivan Salaverry
Evan Tanner,604.38,22-10-2004,W,SUB,Robbie Lawler
Robbie Lawler,503.16,22-10-2004,L,SUB,Evan Tanner
Frank Trigg,515.59,22-10-2004,W,KO/TKO,Renato Verissimo
Renato Verissimo,486.99,22-10-2004,L,KO/TKO,Frank Trigg
Matt Hughes,612.93,22-10-2004,W,SUB,Georges St-Pierre
Georges St-Pierre,515.78,22-10-2004,L,SUB,Matt Hughes
Rich Franklin,553.13,22-10-2004,W,SUB,Jorge Rivera
Jorge Rivera,477.91,22-10-2004,L,SUB,Rich Franklin
Tito Ortiz,596.55,22-10-2004,W,U-DEC,Patrick Cote
Patrick Cote,488.01,22-10-2004,L,U-DEC,Tito Ortiz
Nick Diaz,533.81,05-02-2005,W,KO/TKO,Drew Fickett
Drew Fickett,485.11,05-02-2005,L,KO/TKO,Nick Diaz
Karo Parisyan,536.73,05-02-2005,W,U-DEC,Chris Lytle
Chris Lytle,492.88,05-02-2005,L,U-DEC,Karo Parisyan
David Loiseau,514.88,05-02-2005,W,KO/TKO,Gideon Ray
Gideon Ray,484.21,05-02-2005,L,KO/TKO,David Loiseau
Mike Kyle,513.89,05-02-2005,W,KO/TKO,James Irvin
James Irvin,484.16,05-02-2005,L,KO/TKO,Mike Kyle
Paul Buentello,516.49,05-02-2005,W,KO/TKO,Justin Eilers
Justin Eilers,499.92,05-02-2005,L,KO/TKO,Paul Buentello
Evan Tanner,618.04,05-02-2005,W,KO/TKO,David Terrell
David Terrell,505.22,05-02-2005,L,KO/TKO,Evan Tanner
Andrei Arlovski,562.72,05-02-2005,W,SUB,Tim Sylvia
Tim Sylvia,509.33,05-02-2005,L,SUB,Andrei Arlovski
Pete Sell,518.14,05-02-2005,W,SUB,Phil Baroni
Phil Baroni,470.64,05-02-2005,L,SUB,Pete Sell
Tito Ortiz,611.52,05-02-2005,W,S-DEC,Vitor Belfort
Vitor Belfort,549.3,05-02-2005,L,S-DEC,Tito Ortiz
Alex Karalexis,515.75,09-04-2005,W,KO/TKO,Josh Rafferty
Josh Rafferty,484.25,09-04-2005,L,KO/TKO,Alex Karalexis
Mike Swick,515.75,09-04-2005,W,KO/TKO,Alex Schoenauer
Alex Schoenauer,484.25,09-04-2005,L,KO/TKO,Mike Swick
Nate Quarry,515.75,09-04-2005,W,KO/TKO,Lodune Sincaid
Lodune Sincaid,484.25,09-04-2005,L,KO/TKO,Nate Quarry
Josh Koscheck,515.75,09-04-2005,W,KO/TKO,Chris Sanford
Chris Sanford,484.25,09-04-2005,L,KO/TKO,Josh Koscheck
Chris Leben,515.75,09-04-2005,W,KO/TKO,Jason Thacker
Jason Thacker,484.25,09-04-2005,L,KO/TKO,Chris Leben
Sam Hoger,515.75,09-04-2005,W,U-DEC,Bobby Southworth
Bobby Southworth,484.25,09-04-2005,L,U-DEC,Sam Hoger
Diego Sanchez,515.75,09-04-2005,W,KO/TKO,Kenny Florian
Kenny Florian,484.25,09-04-2005,L,KO/TKO,Diego Sanchez
Forrest Griffin,515.75,09-04-2005,W,U-DEC,Stephan Bonnar
Stephan Bonnar,484.25,09-04-2005,L,U-DEC,Forrest Griffin
Rich Franklin,572.24,09-04-2005,W,KO/TKO,Ken Shamrock
Ken Shamrock,555.41,09-04-2005,L,KO/TKO,Rich Franklin
Mike van Arsdale,534.95,16-04-2005,W,U-DEC,John Marsh
John Marsh,484.42,16-04-2005,L,U-DEC,Mike van Arsdale
Joe Doerksen,503.2,16-04-2005,W,SUB,Patrick Cote
Patrick Cote,469.06,16-04-2005,L,SUB,Joe Doerksen
Ivan Salaverry,542.03,16-04-2005,W,SUB,Joe Riggs
Joe Riggs,495.83,16-04-2005,L,SUB,Ivan Salaverry
Georges St-Pierre,530.82,16-04-2005,W,U-DEC,Jason Miller
Jason Miller,484.96,16-04-2005,L,U-DEC,Georges St-Pierre
Matt Lindland,568.17,16-04-2005,W,SUB,Travis Lutter
Travis Lutter,498.04,16-04-2005,L,SUB,Matt Lindland
Matt Hughes,628.35,16-04-2005,W,SUB,Frank Trigg
Frank Trigg,500.17,16-04-2005,L,SUB,Matt Hughes
Renato Sobral,518.89,16-04-2005,W,SUB,Travis Wiuff
Travis Wiuff,466.11,16-04-2005,L,SUB,Renato Sobral
Chuck Liddell,638.14,16-04-2005,W,KO/TKO,Randy Couture
Randy Couture,595.78,16-04-2005,L,KO/TKO,Chuck Liddell
Nick Diaz,547.98,04-06-2005,W,KO/TKO,Koji Oishi
Koji Oishi,470.26,04-06-2005,L,KO/TKO,Nick Diaz
David Loiseau,530.67,04-06-2005,W,KO/TKO,Charles McCarthy
Charles McCarthy,484.21,04-06-2005,L,KO/TKO,David Loiseau
Nate Quarry,533.1,04-06-2005,W,KO/TKO,Shonie Carter
Shonie Carter,516.29,04-06-2005,L,KO/TKO,Nate Quarry
Paul Buentello,535.82,04-06-2005,W,SUB,Kevin Jordan
Kevin Jordan,480.67,04-06-2005,L,SUB,Paul Buentello
Forrest Griffin,535.13,04-06-2005,W,SUB,Bill Mahood
Bill Mahood,480.62,04-06-2005,L,SUB,Forrest Griffin
Rich Franklin,593.45,04-06-2005,W,KO/TKO,Evan Tanner
Evan Tanner,596.83,04-06-2005,L,KO/TKO,Rich Franklin
Karo Parisyan,553.22,04-06-2005,W,U-DEC,Matt Serra
Matt Serra,504.93,04-06-2005,L,U-DEC,Karo Parisyan
Andrei Arlovski,578.12,04-06-2005,W,KO/TKO,Justin Eilers
Justin Eilers,484.52,04-06-2005,L,KO/TKO,Andrei Arlovski
Drew Fickett,505.31,06-08-2005,W,SUB,Josh Neer
Josh Neer,479.8,06-08-2005,L,SUB,Drew Fickett
Kenny Florian,501.42,06-08-2005,W,KO/TKO,Alex Karalexis
Alex Karalexis,498.58,06-08-2005,L,KO/TKO,Kenny Florian
Mike Swick,530.76,06-08-2005,W,KO/TKO,Gideon Ray
Gideon Ray,469.2,06-08-2005,L,KO/TKO,Mike Swick
Josh Koscheck,536.31,06-08-2005,W,SUB,Pete Spratt
Pete Spratt,499.71,06-08-2005,L,SUB,Josh Koscheck
Nate Quarry,549.61,06-08-2005,W,KO/TKO,Pete Sell
Pete Sell,501.63,06-08-2005,L,KO/TKO,Nate Quarry
Stephan Bonnar,501.42,06-08-2005,W,U-DEC,Sam Hoger
Sam Hoger,498.58,06-08-2005,L,U-DEC,Stephan Bonnar
Chris Leben,530.05,06-08-2005,W,S-DEC,Patrick Cote
Patrick Cote,454.76,06-08-2005,L,S-DEC,Chris Leben
Nate Marquardt,517.65,06-08-2005,W,U-DEC,Ivan Salaverry
Ivan Salaverry,524.38,06-08-2005,L,U-DEC,Nate Marquardt
James Irvin,500.63,20-08-2005,W,KO/TKO,Terry Martin
Terry Martin,483.53,20-08-2005,L,KO/TKO,James Irvin
Trevor Prangley,533.73,20-08-2005,W,U-DEC,Travis Lutter
Travis Lutter,482.5,20-08-2005,L,U-DEC,Trevor Prangley
Matt Lindland,581.62,20-08-2005,W,U-DEC,Joe Doerksen
Joe Doerksen,489.75,20-08-2005,L,U-DEC,Matt Lindland
Georges St-Pierre,549.33,20-08-2005,W,SUB,Frank Trigg
Frank Trigg,481.66,20-08-2005,L,SUB,Georges St-Pierre
Diego Sanchez,531.5,20-08-2005,W,KO/TKO,Brian Gassaway
Brian Gassaway,484.25,20-08-2005,L,KO/TKO,Diego Sanchez
Randy Couture,611.27,20-08-2005,W,SUB,Mike van Arsdale
Mike van Arsdale,519.46,20-08-2005,L,SUB,Randy Couture
Tim Sylvia,523.51,20-08-2005,W,KO/TKO,Tra Telligman
Tra Telligman,460.39,20-08-2005,L,KO/TKO,Tim Sylvia
Chuck Liddell,650.33,20-08-2005,W,KO/TKO,Jeremy Horn
Jeremy Horn,509.72,20-08-2005,L,KO/TKO,Chuck Liddell
Jonathan Goulet,515.04,03-10-2005,W,KO/TKO,Jay Hieron
Jay Hieron,469.25,03-10-2005,L,KO/TKO,Jonathan Goulet
Jon Fitch,515.75,03-10-2005,W,U-DEC,Brock Larson
Brock Larson,484.25,03-10-2005,L,U-DEC,Jon Fitch
Spencer Fisher,519.06,03-10-2005,W,SUB,Thiago Alves
Thiago Alves,480.94,03-10-2005,L,SUB,Spencer Fisher
Drew Fickett,526.69,03-10-2005,W,SUB,Josh Koscheck
Josh Koscheck,514.93,03-10-2005,L,SUB,Drew Fickett
Brandon Vera,515.75,03-10-2005,W,KO/TKO,Fabiano Scherner
Fabiano Scherner,484.25,03-10-2005,L,KO/TKO,Brandon Vera
Chris Leben,548.5,03-10-2005,W,SUB,Edwin DeWees
Edwin DeWees,465.97,03-10-2005,L,SUB,Chris Leben
David Loiseau,551.17,03-10-2005,W,KO/TKO,Evan Tanner
Evan Tanner,576.33,03-10-2005,L,KO/TKO,David Loiseau
Alessio Sakara,485.0,07-10-2005,L,CNC,Ron Faircloth
Ron Faircloth,515.0,07-10-2005,W,CNC,Alessio Sakara
Marcio Cruz,519.06,07-10-2005,W,SUB,Keigo Kunihara
Keigo Kunihara,480.94,07-10-2005,L,SUB,Marcio Cruz
Jorge Rivera,494.11,07-10-2005,W,U-DEC,Dennis Hallman
Dennis Hallman,471.65,07-10-2005,L,U-DEC,Jorge Rivera
Joe Riggs,511.45,07-10-2005,W,KO/TKO,Chris Lytle
Chris Lytle,477.26,07-10-2005,L,KO/TKO,Joe Riggs
Renato Sobral,537.77,07-10-2005,W,SUB,Chael Sonnen
Chael Sonnen,481.12,07-10-2005,L,SUB,Renato Sobral
Forrest Griffin,549.5,07-10-2005,W,KO/TKO,Elvis Sinosic
Elvis Sinosic,462.15,07-10-2005,L,KO/TKO,Forrest Griffin
Branden Lee Hinkle,515.75,07-10-2005,W,KO/TKO,Sean Gannon
Sean Gannon,484.25,07-10-2005,L,KO/TKO,Branden Lee Hinkle
Andrei Arlovski,595.26,07-10-2005,W,KO/TKO,Paul Buentello
Paul Buentello,518.68,07-10-2005,L,KO/TKO,Andrei Arlovski
Keith Jardine,515.75,05-11-2005,W,KO/TKO,Kerry Schall
Kerry Schall,484.25,05-11-2005,L,KO/TKO,Keith Jardine
Melvin Guillard,515.75,05-11-2005,W,KO/TKO,Marcus Davis
Marcus Davis,484.25,05-11-2005,L,KO/TKO,Melvin Guillard
Joshua Burkman,515.75,05-11-2005,W,KO/TKO,Sammy Morgan
Sammy Morgan,484.25,05-11-2005,L,KO/TKO,Joshua Burkman
Kenny Florian,521.3,05-11-2005,W,SUB,Kit Cope
Kit Cope,480.12,05-11-2005,L,SUB,Kenny Florian
Joe Stevenson,515.75,05-11-2005,W,U-DEC,Luke Cummo
Luke Cummo,484.25,05-11-2005,L,U-DEC,Joe Stevenson
Rashad Evans,515.75,05-11-2005,W,S-DEC,Brad Imes
Brad Imes,484.25,05-11-2005,L,S-DEC,Rashad Evans
Diego Sanchez,549.57,05-11-2005,W,U-DEC,Nick Diaz
Nick Diaz,529.91,05-11-2005,L,U-DEC,Diego Sanchez
Nick Thompson,515.75,19-11-2005,W,U-DEC,Keith Wisniewski
Keith Wisniewski,484.25,19-11-2005,L,U-DEC,Nick Thompson
Thiago Alves,497.55,19-11-2005,W,KO/TKO,Ansar Chalangov
Ansar Chalangov,483.39,19-11-2005,L,KO/TKO,Thiago Alves
Sam Hoger,517.72,19-11-2005,W,SUB,Jeff Newton
Jeff Newton,480.86,19-11-2005,L,SUB,Sam Hoger
Jeremy Horn,526.56,19-11-2005,W,U-DEC,Trevor Prangley
Trevor Prangley,516.89,19-11-2005,L,U-DEC,Jeremy Horn
Georges St-Pierre,565.75,19-11-2005,W,KO/TKO,Sean Sherk
Sean Sherk,516.09,19-11-2005,L,KO/TKO,Georges St-Pierre
Matt Hughes,643.31,19-11-2005,W,SUB,Joe Riggs
Joe Riggs,496.49,19-11-2005,L,SUB,Matt Hughes
Gabriel Gonzaga,514.87,19-11-2005,W,KO/TKO,Kevin Jordan
Kevin Jordan,465.8,19-11-2005,L,KO/TKO,Gabriel Gonzaga
Rich Franklin,610.5,19-11-2005,W,KO/TKO,Nate Quarry
Nate Quarry,532.56,19-11-2005,L,KO/TKO,Rich Franklin
Jason Von Flue,518.67,16-01-2006,W,SUB,Alex Karalexis
Alex Karalexis,479.91,16-01-2006,L,SUB,Jason Von Flue
Spencer Fisher,533.91,16-01-2006,W,KO/TKO,Aaron Riley
Aaron Riley,469.4,16-01-2006,L,KO/TKO,Spencer Fisher
Duane Ludwig,533.04,16-01-2006,W,KO/TKO,Jonathan Goulet
Jonathan Goulet,498.61,16-01-2006,L,KO/TKO,Duane Ludwig
Josh Neer,501.17,16-01-2006,W,SUB,Melvin Guillard
Melvin Guillard,494.38,16-01-2006,L,SUB,Josh Neer
Chris Leben,563.7,16-01-2006,W,KO/TKO,Jorge Rivera
Jorge Rivera,478.91,16-01-2006,L,KO/TKO,Chris Leben
Joshua Burkman,536.68,16-01-2006,W,SUB,Drew Fickett
Drew Fickett,505.76,16-01-2006,L,SUB,Joshua Burkman
Stephan Bonnar,521.67,16-01-2006,W,SUB,James Irvin
James Irvin,480.38,16-01-2006,L,SUB,Stephan Bonnar
Tim Sylvia,538.9,16-01-2006,W,U-DEC,Assuerio Silva
Assuerio Silva,484.61,16-01-2006,L,U-DEC,Tim Sylvia
Keith Jardine,531.5,04-02-2006,W,U-DEC,Mike Whitehead
Mike Whitehead,484.25,04-02-2006,L,U-DEC,Keith Jardine
Jeff Monson,504.02,04-02-2006,W,SUB,Branden Lee Hinkle
Branden Lee Hinkle,494.55,04-02-2006,L,SUB,Jeff Monson
Paul Buentello,533.58,04-02-2006,W,KO/TKO,Gilbert Aldana
Gilbert Aldana,485.1,04-02-2006,L,KO/TKO,Paul Buentello
Alessio Sakara,499.72,04-02-2006,W,U-DEC,Elvis Sinosic
Elvis Sinosic,447.43,04-02-2006,L,U-DEC,Alessio Sakara
Joe Riggs,513.75,04-02-2006,W,U-DEC,Nick Diaz
Nick Diaz,512.65,04-02-2006,L,U-DEC,Joe Riggs
Renato Sobral,557.87,04-02-2006,W,SUB,Mike van Arsdale
Mike van Arsdale,499.36,04-02-2006,L,SUB,Renato Sobral
Marcio Cruz,538.83,04-02-2006,W,KO/TKO,Frank Mir
Frank Mir,569.1,04-02-2006,L,KO/TKO,Marcio Cruz
Brandon Vera,530.77,04-02-2006,W,KO/TKO,Justin Eilers
Justin Eilers,469.5,04-02-2006,L,KO/TKO,Brandon Vera
Chuck Liddell,666.98,04-02-2006,W,KO/TKO,Randy Couture
Randy Couture,594.62,04-02-2006,L,KO/TKO,Chuck Liddell
Tom Murphy,515.75,04-03-2006,W,KO/TKO,Icho Larenas
Icho Larenas,484.25,04-03-2006,L,KO/TKO,Tom Murphy
Jason Lambert,519.37,04-03-2006,W,SUB,Rob MacDonald
Rob MacDonald,480.63,04-03-2006,L,SUB,Jason Lambert
Sam Stout,517.28,04-03-2006,W,S-DEC,Spencer Fisher
Spencer Fisher,516.63,04-03-2006,L,S-DEC,Sam Stout
Mark Hominick,523.11,04-03-2006,W,SUB,Yves Edwards
Yves Edwards,551.91,04-03-2006,L,SUB,Mark Hominick
Nate Marquardt,532.83,04-03-2006,W,U-DEC,Joe Doerksen
Joe Doerksen,474.57,04-03-2006,L,U-DEC,Nate Marquardt
Georges St-Pierre,584.59,04-03-2006,W,S-DEC,BJ Penn
BJ Penn,563.11,04-03-2006,L,S-DEC,Georges St-Pierre
Mike Swick,550.1,04-03-2006,W,SUB,Steve Vigneault
Steve Vigneault,480.66,04-03-2006,L,SUB,Mike Swick
Rich Franklin,627.33,04-03-2006,W,U-DEC,David Loiseau
David Loiseau,534.34,04-03-2006,L,U-DEC,Rich Franklin
Chael Sonnen,498.49,06-04-2006,W,U-DEC,Trevor Prangley
Trevor Prangley,499.52,06-04-2006,L,U-DEC,Chael Sonnen
Josh Koscheck,532.55,06-04-2006,W,SUB,Ansar Chalangov
Ansar Chalangov,465.77,06-04-2006,L,SUB,Josh Koscheck
Dan Christison,517.89,06-04-2006,W,SUB,Brad Imes
Brad Imes,466.36,06-04-2006,L,SUB,Dan Christison
Jon Fitch,536.92,06-04-2006,W,SUB,Joshua Burkman
Joshua Burkman,515.51,06-04-2006,L,SUB,Jon Fitch
Luke Cummo,501.56,06-04-2006,W,U-DEC,Jason Von Flue
Jason Von Flue,501.36,06-04-2006,L,U-DEC,Luke Cummo
Chris Leben,579.05,06-04-2006,W,U-DEC,Luigi Fioravanti
Luigi Fioravanti,484.65,06-04-2006,L,U-DEC,Chris Leben
Josh Neer,518.36,06-04-2006,W,U-DEC,Joe Stevenson
Joe Stevenson,498.56,06-04-2006,L,U-DEC,Josh Neer
Rashad Evans,532.34,06-04-2006,W,S-DEC,Sam Hoger
Sam Hoger,501.13,06-04-2006,L,S-DEC,Rashad Evans
Stephan Bonnar,539.41,06-04-2006,W,U-DEC,Keith Jardine
Keith Jardine,513.76,06-04-2006,L,U-DEC,Stephan Bonnar
Thiago Alves,514.17,15-04-2006,W,KO/TKO,Derrick Noble
Derrick Noble,483.38,15-04-2006,L,KO/TKO,Thiago Alves
Jason Lambert,534.17,15-04-2006,W,KO/TKO,Terry Martin
Terry Martin,468.73,15-04-2006,L,KO/TKO,Jason Lambert
David Terrell,524.3,15-04-2006,W,SUB,Scott Smith
Scott Smith,480.92,15-04-2006,L,SUB,David Terrell
Karo Parisyan,569.29,15-04-2006,W,KO/TKO,Nick Thompson
Nick Thompson,499.68,15-04-2006,L,KO/TKO,Karo Parisyan
Jeff Monson,522.17,15-04-2006,W,S-DEC,Marcio Cruz
Marcio Cruz,520.68,15-04-2006,L,S-DEC,Jeff Monson
Evan Tanner,591.51,15-04-2006,W,SUB,Justin Levens
Justin Levens,484.82,15-04-2006,L,SUB,Evan Tanner
Tito Ortiz,625.72,15-04-2006,W,S-DEC,Forrest Griffin
Forrest Griffin,535.3,15-04-2006,L,S-DEC,Tito Ortiz
Sean Sherk,531.68,15-04-2006,W,U-DEC,Nick Diaz
Nick Diaz,497.06,15-04-2006,L,U-DEC,Sean Sherk
Tim Sylvia,558.92,15-04-2006,W,KO/TKO,Andrei Arlovski
Andrei Arlovski,575.24,15-04-2006,L,KO/TKO,Tim Sylvia
Melvin Guillard,510.38,27-05-2006,W,KO/TKO,Rick Davis
Rick Davis,484.0,27-05-2006,L,KO/TKO,Melvin Guillard
Gabriel Gonzaga,529.92,27-05-2006,W,KO/TKO,Fabiano Scherner
Fabiano Scherner,469.2,27-05-2006,L,KO/TKO,Gabriel Gonzaga
Spencer Fisher,531.63,27-05-2006,W,KO/TKO,Matt Wiman
Matt Wiman,485.0,27-05-2006,L,KO/TKO,Spencer Fisher
Jeremy Horn,544.92,27-05-2006,W,SUB,Chael Sonnen
Chael Sonnen,480.13,27-05-2006,L,SUB,Jeremy Horn
Mike Swick,569.93,27-05-2006,W,SUB,Joe Riggs
Joe Riggs,493.92,27-05-2006,L,SUB,Mike Swick
Brandon Vera,549.19,27-05-2006,W,SUB,Assuerio Silva
Assuerio Silva,466.19,27-05-2006,L,SUB,Brandon Vera
Diego Sanchez,564.11,27-05-2006,W,U-DEC,John Alessio
John Alessio,467.39,27-05-2006,L,U-DEC,Diego Sanchez
Dean Lister,519.36,27-05-2006,W,SUB,Alessio Sakara
Alessio Sakara,480.36,27-05-2006,L,SUB,Dean Lister
Matt Hughes,664.8,27-05-2006,W,KO/TKO,Royce Gracie
Royce Gracie,672.93,27-05-2006,L,KO/TKO,Matt Hughes
Mike Nickels,519.37,24-06-2006,W,SUB,Wes Combs
Wes Combs,480.63,24-06-2006,L,SUB,Mike Nickels
Matt Hamill,515.75,24-06-2006,W,KO/TKO,Jesse Forbes
Jesse Forbes,484.25,24-06-2006,L,KO/TKO,Matt Hamill
Luigi Fioravanti,501.1,24-06-2006,W,KO/TKO,Solomon Hutcherson
Solomon Hutcherson,483.55,24-06-2006,L,KO/TKO,Luigi Fioravanti
Kalib Starnes,519.37,24-06-2006,W,SUB,Danny Abbadi
Danny Abbadi,480.63,24-06-2006,L,SUB,Kalib Starnes
Rory Singer,519.37,24-06-2006,W,SUB,Ross Pointon
Ross Pointon,480.63,24-06-2006,L,SUB,Rory Singer
Keith Jardine,528.89,24-06-2006,W,U-DEC,Wilson Gouveia
Wilson Gouveia,484.87,24-06-2006,L,U-DEC,Keith Jardine
Kendall Grove,515.75,24-06-2006,W,U-DEC,Ed Herman
Ed Herman,484.25,24-06-2006,L,U-DEC,Kendall Grove
Michael Bisping,515.75,24-06-2006,W,KO/TKO,Josh Haynes
Josh Haynes,484.25,24-06-2006,L,KO/TKO,Michael Bisping
Kenny Florian,542.27,24-06-2006,W,SUB,Sam Stout
Sam Stout,496.31,24-06-2006,L,SUB,Kenny Florian
Jorge Santiago,515.06,28-06-2006,W,KO/TKO,Justin Levens
Justin Levens,469.76,28-06-2006,L,KO/TKO,Jorge Santiago
Rob MacDonald,501.08,28-06-2006,W,SUB,Kristian Rothaermel
Kristian Rothaermel,479.55,28-06-2006,L,SUB,Rob MacDonald
Jon Fitch,553.04,28-06-2006,W,KO/TKO,Thiago Alves
Thiago Alves,498.05,28-06-2006,L,KO/TKO,Jon Fitch
Jason Lambert,549.46,28-06-2006,W,KO/TKO,Branden Lee Hinkle
Branden Lee Hinkle,479.26,28-06-2006,L,KO/TKO,Jason Lambert
Josh Koscheck,547.38,28-06-2006,W,U-DEC,Dave Menne
Dave Menne,482.45,28-06-2006,L,U-DEC,Josh Koscheck
Mark Hominick,538.51,28-06-2006,W,U-DEC,Jorge Gurgel
Jorge Gurgel,484.6,28-06-2006,L,U-DEC,Mark Hominick
Rashad Evans,549.94,28-06-2006,W,M-DEC,Stephan Bonnar
Stephan Bonnar,521.81,28-06-2006,L,M-DEC,Rashad Evans
Anderson Silva,519.27,28-06-2006,W,KO/TKO,Chris Leben
Chris Leben,559.78,28-06-2006,L,KO/TKO,Anderson Silva
Jonathan Goulet,514.49,28-06-2006,W,M-DEC,Luke Cummo
Luke Cummo,485.68,28-06-2006,L,M-DEC,Jonathan Goulet
Drew Fickett,524.19,08-07-2006,W,SUB,Kurt Pellegrino
Kurt Pellegrino,481.57,08-07-2006,L,SUB,Drew Fickett
Cheick Kongo,515.07,08-07-2006,W,KO/TKO,Gilbert Aldana
Gilbert Aldana,470.03,08-07-2006,L,KO/TKO,Cheick Kongo
Jeff Monson,538.32,08-07-2006,W,KO/TKO,Anthony Perosh
Anthony Perosh,483.85,08-07-2006,L,KO/TKO,Jeff Monson
Hermes Franca,516.59,08-07-2006,W,SUB,Joe Jordan
Joe Jordan,481.14,08-07-2006,L,SUB,Hermes Franca
Joe Stevenson,516.71,08-07-2006,W,KO/TKO,Yves Edwards
Yves Edwards,533.76,08-07-2006,L,KO/TKO,Joe Stevenson
Frank Mir,582.55,08-07-2006,W,U-DEC,Dan Christison
Dan Christison,504.44,08-07-2006,L,U-DEC,Frank Mir
Tito Ortiz,640.13,08-07-2006,W,KO/TKO,Ken Shamrock
Ken Shamrock,541.0,08-07-2006,L,KO/TKO,Tito Ortiz
Joshua Burkman,531.39,08-07-2006,W,U-DEC,Josh Neer
Josh Neer,502.48,08-07-2006,L,U-DEC,Joshua Burkman
Tim Sylvia,577.76,08-07-2006,W,U-DEC,Andrei Arlovski
Andrei Arlovski,556.4,08-07-2006,L,U-DEC,Tim Sylvia
Anthony Torres,519.37,17-08-2006,W,SUB,Pat Healy
Pat Healy,480.63,17-08-2006,L,SUB,Anthony Torres
Forrest Petz,515.04,17-08-2006,W,U-DEC,Sammy Morgan
Sammy Morgan,469.21,17-08-2006,L,U-DEC,Forrest Petz
Jake O'Brien,515.75,17-08-2006,W,KO/TKO,Kristof Midoux
Kristof Midoux,484.25,17-08-2006,L,KO/TKO,Jake O'Brien
Joe Riggs,513.71,17-08-2006,W,SUB,Jason Von Flue
Jason Von Flue,481.57,17-08-2006,L,SUB,Joe Riggs
Martin Kampmann,519.37,17-08-2006,W,SUB,Crafton Wallace
Crafton Wallace,480.63,17-08-2006,L,SUB,Martin Kampmann
Josh Koscheck,563.0,17-08-2006,W,KO/TKO,Jonathan Goulet
Jonathan Goulet,498.87,17-08-2006,L,KO/TKO,Josh Koscheck
Dean Lister,534.94,17-08-2006,W,U-DEC,Yuki Sasaki
Yuki Sasaki,484.42,17-08-2006,L,U-DEC,Dean Lister
Chris Leben,573.51,17-08-2006,W,KO/TKO,Jorge Santiago
Jorge Santiago,501.33,17-08-2006,L,KO/TKO,Chris Leben
Diego Sanchez,583.14,17-08-2006,W,U-DEC,Karo Parisyan
Karo Parisyan,550.26,17-08-2006,L,U-DEC,Diego Sanchez
Yushin Okami,515.75,26-08-2006,W,U-DEC,Alan Belcher
Alan Belcher,484.25,26-08-2006,L,U-DEC,Yushin Okami
David Heath,519.37,26-08-2006,W,SUB,Cory Walmsley
Cory Walmsley,480.63,26-08-2006,L,SUB,David Heath
Wilson Gouveia,504.01,26-08-2006,W,SUB,Wes Combs
Wes Combs,461.49,26-08-2006,L,SUB,Wilson Gouveia
Eric Schafer,519.43,26-08-2006,W,SUB,Rob MacDonald
Rob MacDonald,481.65,26-08-2006,L,SUB,Eric Schafer
Hermes Franca,535.29,26-08-2006,W,SUB,Jamie Varner
Jamie Varner,481.3,26-08-2006,L,SUB,Hermes Franca
Cheick Kongo,530.85,26-08-2006,W,KO/TKO,Christian Wellisch
Christian Wellisch,484.22,26-08-2006,L,KO/TKO,Cheick Kongo
Nick Diaz,516.09,26-08-2006,W,SUB,Josh Neer
Josh Neer,483.45,26-08-2006,L,SUB,Nick Diaz
Forrest Griffin,550.44,26-08-2006,W,U-DEC,Stephan Bonnar
Stephan Bonnar,506.67,26-08-2006,L,U-DEC,Forrest Griffin
Chuck Liddell,680.55,26-08-2006,W,KO/TKO,Renato Sobral
Renato Sobral,544.3,26-08-2006,L,KO/TKO,Chuck Liddell
Tyson Griffin,519.37,23-09-2006,W,SUB,David Lee
David Lee,480.63,23-09-2006,L,SUB,Tyson Griffin
Jorge Gurgel,500.17,23-09-2006,W,S-DEC,Danny Abbadi
Danny Abbadi,465.06,23-09-2006,L,S-DEC,Jorge Gurgel
Eddie Sanchez,515.75,23-09-2006,W,KO/TKO,Mario Neto
Mario Neto,484.25,23-09-2006,L,KO/TKO,Eddie Sanchez
Roger Huerta,515.75,23-09-2006,W,U-DEC,Jason Dent
Jason Dent,484.25,23-09-2006,L,U-DEC,Roger Huerta
Joe Lauzon,520.06,23-09-2006,W,KO/TKO,Jens Pulver
Jens Pulver,577.58,23-09-2006,L,KO/TKO,Joe Lauzon
Rashad Evans,567.92,23-09-2006,W,KO/TKO,Jason Lambert
Jason Lambert,531.48,23-09-2006,L,KO/TKO,Rashad Evans
Melvin Guillard,526.39,23-09-2006,W,KO/TKO,Gabe Ruediger
Gabe Ruediger,483.99,23-09-2006,L,KO/TKO,Melvin Guillard
Mike Swick,586.77,23-09-2006,W,U-DEC,David Loiseau
David Loiseau,517.5,23-09-2006,L,U-DEC,Mike Swick
Matt Hughes,678.75,23-09-2006,W,KO/TKO,BJ Penn
BJ Penn,549.16,23-09-2006,L,KO/TKO,Matt Hughes
Marcus Davis,505.33,10-10-2006,W,SUB,Forrest Petz
Forrest Petz,493.96,10-10-2006,L,SUB,Marcus Davis
Thiago Alves,512.41,10-10-2006,W,U-DEC,John Alessio
John Alessio,453.03,10-10-2006,L,U-DEC,Thiago Alves
Rory Singer,534.21,10-10-2006,W,U-DEC,Josh Haynes
Josh Haynes,469.41,10-10-2006,L,U-DEC,Rory Singer
Tony DeSouza,536.17,10-10-2006,W,SUB,Dustin Hazelett
Dustin Hazelett,481.62,10-10-2006,L,SUB,Tony DeSouza
Nate Marquardt,550.59,10-10-2006,W,SUB,Crafton Wallace
Crafton Wallace,462.87,10-10-2006,L,SUB,Nate Marquardt
Matt Hamill,531.5,10-10-2006,W,U-DEC,Seth Petruzelli
Seth Petruzelli,484.25,10-10-2006,L,U-DEC,Matt Hamill
Jason MacDonald,518.49,10-10-2006,W,SUB,Ed Herman
Ed Herman,465.76,10-10-2006,L,SUB,Jason MacDonald
Kendall Grove,531.5,10-10-2006,W,KO/TKO,Chris Price
Chris Price,484.25,10-10-2006,L,KO/TKO,Kendall Grove
Tito Ortiz,653.67,10-10-2006,W,KO/TKO,Ken Shamrock
Ken Shamrock,527.46,10-10-2006,L,KO/TKO,Tito Ortiz
Kurt Pellegrino,501.97,14-10-2006,W,SUB,Junior Assuncao
Junior Assuncao,479.6,14-10-2006,L,SUB,Kurt Pellegrino
Clay Guida,519.06,14-10-2006,W,SUB,Justin James
Justin James,480.94,14-10-2006,L,SUB,Clay Guida
Yushin Okami,532.42,14-10-2006,W,KO/TKO,Kalib Starnes
Kalib Starnes,502.7,14-10-2006,L,KO/TKO,Yushin Okami
Spencer Fisher,546.63,14-10-2006,W,KO/TKO,Dan Lauzon
Dan Lauzon,485.0,14-10-2006,L,KO/TKO,Spencer Fisher
Carmelo Marrero,517.14,14-10-2006,W,S-DEC,Cheick Kongo
Cheick Kongo,513.71,14-10-2006,L,S-DEC,Carmelo Marrero
Jon Fitch,568.31,14-10-2006,W,U-DEC,Kuniyoshi Hironaka
Kuniyoshi Hironaka,484.73,14-10-2006,L,U-DEC,Jon Fitch
Sean Sherk,548.68,14-10-2006,W,U-DEC,Kenny Florian
Kenny Florian,525.27,14-10-2006,L,U-DEC,Sean Sherk
Anderson Silva,540.74,14-10-2006,W,KO/TKO,Rich Franklin
Rich Franklin,605.86,14-10-2006,L,KO/TKO,Anderson Silva
Martin Kampmann,534.95,11-11-2006,W,U-DEC,Thales Leites
Thales Leites,484.42,11-11-2006,L,U-DEC,Martin Kampmann
Charles McCarthy,502.75,11-11-2006,W,SUB,Gideon Ray
Gideon Ray,450.66,11-11-2006,L,SUB,Charles McCarthy
Scott Smith,497.61,11-11-2006,W,KO/TKO,Pete Sell
Pete Sell,484.94,11-11-2006,L,KO/TKO,Scott Smith
Pete Spratt,517.76,11-11-2006,W,SUB,Jeremy Jackson
Jeremy Jackson,463.21,11-11-2006,L,SUB,Pete Spratt
Jorge Rivera,494.07,11-11-2006,W,KO/TKO,Edwin DeWees
Edwin DeWees,450.81,11-11-2006,L,KO/TKO,Jorge Rivera
Din Thomas,520.18,11-11-2006,W,SUB,Rich Clementi
Rich Clementi,460.82,11-11-2006,L,SUB,Din Thomas
Travis Lutter,500.33,11-11-2006,W,SUB,Patrick Cote
Patrick Cote,436.93,11-11-2006,L,SUB,Travis Lutter
Matt Serra,519.43,11-11-2006,W,S-DEC,Chris Lytle
Chris Lytle,462.76,11-11-2006,L,S-DEC,Matt Serra
Jake O'Brien,531.5,18-11-2006,W,U-DEC,Josh Shockman
Josh Shockman,484.25,18-11-2006,L,U-DEC,Jake O'Brien
James Irvin,497.02,18-11-2006,W,KO/TKO,Hector Ramirez
Hector Ramirez,483.36,18-11-2006,L,KO/TKO,James Irvin
Antoni Hardonk,515.75,18-11-2006,W,KO/TKO,Sherman Pendergarst
Sherman Pendergarst,484.25,18-11-2006,L,KO/TKO,Antoni Hardonk
Nick Diaz,531.83,18-11-2006,W,KO/TKO,Gleison Tibau
Gleison Tibau,484.26,18-11-2006,L,KO/TKO,Nick Diaz
Joe Stevenson,536.03,18-11-2006,W,SUB,Dokonjonosuke Mishima
Dokonjonosuke Mishima,480.68,18-11-2006,L,SUB,Joe Stevenson
Brandon Vera,568.91,18-11-2006,W,KO/TKO,Frank Mir
Frank Mir,562.83,18-11-2006,L,KO/TKO,Brandon Vera
Drew McFedries,514.86,18-11-2006,W,KO/TKO,Alessio Sakara
Alessio Sakara,465.5,18-11-2006,L,KO/TKO,Drew McFedries
Tim Sylvia,594.39,18-11-2006,W,U-DEC,Jeff Monson
Jeff Monson,521.69,18-11-2006,L,U-DEC,Tim Sylvia
Georges St-Pierre,608.3,18-11-2006,W,KO/TKO,Matt Hughes
Matt Hughes,655.04,18-11-2006,L,KO/TKO,Georges St-Pierre
Logan Clark,515.75,13-12-2006,W,U-DEC,Steve Byrnes
Steve Byrnes,484.25,13-12-2006,L,U-DEC,Logan Clark
Brock Larson,500.71,13-12-2006,W,U-DEC,Keita Nakamura
Keita Nakamura,483.54,13-12-2006,L,U-DEC,Brock Larson
Luigi Fioravanti,516.72,13-12-2006,W,KO/TKO,Dave Menne
Dave Menne,466.83,13-12-2006,L,KO/TKO,Luigi Fioravanti
Alan Belcher,500.77,13-12-2006,W,KO/TKO,Jorge Santiago
Jorge Santiago,484.81,13-12-2006,L,KO/TKO,Alan Belcher
David Heath,534.95,13-12-2006,W,S-DEC,Victor Valimaki
Victor Valimaki,484.42,13-12-2006,L,S-DEC,David Heath
Marcus Davis,522.35,13-12-2006,W,U-DEC,Shonie Carter
Shonie Carter,499.27,13-12-2006,L,U-DEC,Marcus Davis
Karo Parisyan,564.83,13-12-2006,W,U-DEC,Drew Fickett
Drew Fickett,509.62,13-12-2006,L,U-DEC,Karo Parisyan
Josh Koscheck,577.77,13-12-2006,W,U-DEC,Jeff Joslin
Jeff Joslin,485.23,13-12-2006,L,U-DEC,Josh Koscheck
Diego Sanchez,598.79,13-12-2006,W,KO/TKO,Joe Riggs
Joe Riggs,498.06,13-12-2006,L,KO/TKO,Diego Sanchez
Christian Wellisch,499.95,30-12-2006,W,U-DEC,Anthony Perosh
Anthony Perosh,468.12,30-12-2006,L,U-DEC,Christian Wellisch
Yushin Okami,549.76,30-12-2006,W,KO/TKO,Rory Singer
Rory Singer,516.87,30-12-2006,L,KO/TKO,Yushin Okami
Gabriel Gonzaga,550.36,30-12-2006,W,SUB,Carmelo Marrero
Carmelo Marrero,496.7,30-12-2006,L,SUB,Gabriel Gonzaga
Thiago Alves,530.04,30-12-2006,W,KO/TKO,Tony DeSouza
Tony DeSouza,518.54,30-12-2006,L,KO/TKO,Thiago Alves
Michael Bisping,532.42,30-12-2006,W,KO/TKO,Eric Schafer
Eric Schafer,502.76,30-12-2006,L,KO/TKO,Michael Bisping
Andrei Arlovski,570.54,30-12-2006,W,KO/TKO,Marcio Cruz
Marcio Cruz,506.54,30-12-2006,L,KO/TKO,Andrei Arlovski
Jason MacDonald,541.59,30-12-2006,W,SUB,Chris Leben
Chris Leben,550.41,30-12-2006,L,SUB,Jason MacDonald
Keith Jardine,546.41,30-12-2006,W,KO/TKO,Forrest Griffin
Forrest Griffin,532.92,30-12-2006,L,KO/TKO,Keith Jardine
Chuck Liddell,699.24,30-12-2006,W,KO/TKO,Tito Ortiz
Tito Ortiz,634.98,30-12-2006,L,KO/TKO,Chuck Liddell
Rich Clementi,480.96,25-01-2007,W,SUB,Ross Pointon
Ross Pointon,460.49,25-01-2007,L,SUB,Rich Clementi
Din Thomas,537.37,25-01-2007,W,U-DEC,Clay Guida
Clay Guida,501.87,25-01-2007,L,U-DEC,Din Thomas
Ed Herman,486.16,25-01-2007,W,SUB,Chris Price
Chris Price,463.85,25-01-2007,L,SUB,Ed Herman
Joshua Burkman,546.4,25-01-2007,W,U-DEC,Chad Reiner
Chad Reiner,484.99,25-01-2007,L,U-DEC,Joshua Burkman
Nate Marquardt,567.78,25-01-2007,W,U-DEC,Dean Lister
Dean Lister,517.75,25-01-2007,L,U-DEC,Nate Marquardt
Hermes Franca,553.1,25-01-2007,W,KO/TKO,Spencer Fisher
Spencer Fisher,528.82,25-01-2007,L,KO/TKO,Hermes Franca
Jake O'Brien,547.19,25-01-2007,W,U-DEC,Heath Herring
Heath Herring,484.31,25-01-2007,L,U-DEC,Jake O'Brien
Rashad Evans,583.05,25-01-2007,W,KO/TKO,Sean Salmon
Sean Salmon,484.87,25-01-2007,L,KO/TKO,Rashad Evans
Dustin Hazelett,498.2,03-02-2007,W,U-DEC,Diego Saraiva
Diego Saraiva,483.42,03-02-2007,L,U-DEC,Dustin Hazelett
Lyoto Machida,515.8,03-02-2007,W,U-DEC,Sam Hoger
Sam Hoger,485.33,03-02-2007,L,U-DEC,Lyoto Machida
Frankie Edgar,516.63,03-02-2007,W,U-DEC,Tyson Griffin
Tyson Griffin,502.74,03-02-2007,L,U-DEC,Frankie Edgar
Terry Martin,485.63,03-02-2007,W,KO/TKO,Jorge Rivera
Jorge Rivera,477.17,03-02-2007,L,KO/TKO,Terry Martin
Patrick Cote,455.4,03-02-2007,W,U-DEC,Scott Smith
Scott Smith,479.14,03-02-2007,L,U-DEC,Patrick Cote
Quinton Jackson,514.45,03-02-2007,W,KO/TKO,Marvin Eastman
Marvin Eastman,456.76,03-02-2007,L,KO/TKO,Quinton Jackson
Roger Huerta,531.5,03-02-2007,W,KO/TKO,John Halverson
John Halverson,484.25,03-02-2007,L,KO/TKO,Roger Huerta
Mirko Filipovic,516.46,03-02-2007,W,KO/TKO,Eddie Sanchez
Eddie Sanchez,499.29,03-02-2007,L,KO/TKO,Mirko Filipovic
Anderson Silva,559.2,03-02-2007,W,SUB,Travis Lutter
Travis Lutter,481.87,03-02-2007,L,SUB,Anderson Silva
Jamie Varner,501.71,03-03-2007,W,SUB,Jason Gilliam
Jason Gilliam,479.59,03-03-2007,L,SUB,Jamie Varner
Gleison Tibau,500.01,03-03-2007,W,U-DEC,Jason Dent
Jason Dent,468.5,03-03-2007,L,U-DEC,Gleison Tibau
Jon Fitch,587.65,03-03-2007,W,SUB,Luigi Fioravanti
Luigi Fioravanti,497.38,03-03-2007,L,SUB,Jon Fitch
Matt Hamill,547.19,03-03-2007,W,KO/TKO,Rex Holman
Rex Holman,484.31,03-03-2007,L,KO/TKO,Matt Hamill
Jason Lambert,547.81,03-03-2007,W,KO/TKO,Renato Sobral
Renato Sobral,527.97,03-03-2007,L,KO/TKO,Jason Lambert
Matt Hughes,662.87,03-03-2007,W,U-DEC,Chris Lytle
Chris Lytle,454.93,03-03-2007,L,U-DEC,Matt Hughes
Rich Franklin,618.73,03-03-2007,W,KO/TKO,Jason MacDonald
Jason MacDonald,528.72,03-03-2007,L,KO/TKO,Rich Franklin
Martin Kampmann,554.94,03-03-2007,W,SUB,Drew McFedries
Drew McFedries,494.87,03-03-2007,L,SUB,Martin Kampmann
Randy Couture,610.36,03-03-2007,W,U-DEC,Tim Sylvia
Tim Sylvia,578.65,03-03-2007,L,U-DEC,Randy Couture
Thiago Tavares,515.75,05-04-2007,W,U-DEC,Naoyuki Kotani
Naoyuki Kotani,484.25,05-04-2007,L,U-DEC,Thiago Tavares
Roan Carneiro,514.89,05-04-2007,W,U-DEC,Rich Clementi
Rich Clementi,466.07,05-04-2007,L,U-DEC,Roan Carneiro
Kuniyoshi Hironaka,500.9,05-04-2007,W,U-DEC,Forrest Petz
Forrest Petz,477.79,05-04-2007,L,U-DEC,Kuniyoshi Hironaka
Kurt Pellegrino,522.15,05-04-2007,W,SUB,Nate Mohr
Nate Mohr,479.82,05-04-2007,L,SUB,Kurt Pellegrino
Drew Fickett,524.19,05-04-2007,W,U-DEC,Keita Nakamura
Keita Nakamura,468.97,05-04-2007,L,U-DEC,Drew Fickett
Wilson Gouveia,522.84,05-04-2007,W,SUB,Seth Petruzelli
Seth Petruzelli,465.42,05-04-2007,L,SUB,Wilson Gouveia
Kenny Florian,541.62,05-04-2007,W,SUB,Dokonjonosuke Mishima
Dokonjonosuke Mishima,464.33,05-04-2007,L,SUB,Kenny Florian
Justin McCully,516.46,05-04-2007,W,U-DEC,Antoni Hardonk
Antoni Hardonk,499.29,05-04-2007,L,U-DEC,Justin McCully
Joe Stevenson,556.66,05-04-2007,W,SUB,Melvin Guillard
Melvin Guillard,505.76,05-04-2007,L,SUB,Joe Stevenson
Luke Cummo,500.69,07-04-2007,W,KO/TKO,Josh Haynes
Josh Haynes,454.4,07-04-2007,L,KO/TKO,Luke Cummo
Marcus Davis,542.95,07-04-2007,W,SUB,Pete Spratt
Pete Spratt,497.16,07-04-2007,L,SUB,Marcus Davis
Thales Leites,500.19,07-04-2007,W,U-DEC,Pete Sell
Pete Sell,469.17,07-04-2007,L,U-DEC,Thales Leites
Heath Herring,499.25,07-04-2007,W,U-DEC,Brad Imes
Brad Imes,451.42,07-04-2007,L,U-DEC,Heath Herring
Kendall Grove,550.53,07-04-2007,W,SUB,Alan Belcher
Alan Belcher,481.74,07-04-2007,L,SUB,Kendall Grove
Yushin Okami,569.67,07-04-2007,W,U-DEC,Mike Swick
Mike Swick,566.86,07-04-2007,L,U-DEC,Yushin Okami
Roger Huerta,547.19,07-04-2007,W,U-DEC,Leonard Garcia
Leonard Garcia,484.31,07-04-2007,L,U-DEC,Roger Huerta
Josh Koscheck,597.65,07-04-2007,W,U-DEC,Diego Sanchez
Diego Sanchez,578.91,07-04-2007,L,U-DEC,Josh Koscheck
Matt Serra,540.06,07-04-2007,W,KO/TKO,Georges St-Pierre
Georges St-Pierre,587.67,07-04-2007,L,KO/TKO,Matt Serra
Paul Taylor,515.75,21-04-2007,W,KO/TKO,Edilberto de Oliveira
Edilberto de Oliveira,484.25,21-04-2007,L,KO/TKO,Paul Taylor
Jess Liaudin,519.37,21-04-2007,W,SUB,Dennis Siver
Dennis Siver,480.63,21-04-2007,L,SUB,Jess Liaudin
Alessio Sakara,482.11,21-04-2007,W,KO/TKO,Victor Valimaki
Victor Valimaki,467.81,21-04-2007,L,KO/TKO,Alessio Sakara
Junior Assuncao,498.71,21-04-2007,W,SUB,David Lee
David Lee,461.52,21-04-2007,L,SUB,Junior Assuncao
Terry Etim,519.37,21-04-2007,W,SUB,Matt Grice
Matt Grice,480.63,21-04-2007,L,SUB,Terry Etim
Cheick Kongo,527.32,21-04-2007,W,M-DEC,Assuerio Silva
Assuerio Silva,452.58,21-04-2007,L,M-DEC,Cheick Kongo
Lyoto Machida,533.21,21-04-2007,W,U-DEC,David Heath
David Heath,517.54,21-04-2007,L,U-DEC,Lyoto Machida
Michael Bisping,545.53,21-04-2007,W,KO/TKO,Elvis Sinosic
Elvis Sinosic,434.32,21-04-2007,L,KO/TKO,Michael Bisping
Andrei Arlovski,583.74,21-04-2007,W,U-DEC,Fabricio Werdum
Fabricio Werdum,486.8,21-04-2007,L,U-DEC,Andrei Arlovski
Gabriel Gonzaga,566.61,21-04-2007,W,KO/TKO,Mirko Filipovic
Mirko Filipovic,500.21,21-04-2007,L,KO/TKO,Gabriel Gonzaga
Wilson Gouveia,542.46,26-05-2007,W,SUB,Carmelo Marrero
Carmelo Marrero,477.08,26-05-2007,L,SUB,Wilson Gouveia
Din Thomas,556.82,26-05-2007,W,SUB,Jeremy Stephens
Jeremy Stephens,480.55,26-05-2007,L,SUB,Din Thomas
Alan Belcher,501.29,26-05-2007,W,SUB,Sean Salmon
Sean Salmon,465.32,26-05-2007,L,SUB,Alan Belcher
Thiago Silva,515.61,26-05-2007,W,KO/TKO,James Irvin
James Irvin,481.41,26-05-2007,L,KO/TKO,Thiago Silva
Kalib Starnes,520.6,26-05-2007,W,U-DEC,Chris Leben
Chris Leben,532.51,26-05-2007,L,U-DEC,Kalib Starnes
Houston Alexander,517.84,26-05-2007,W,KO/TKO,Keith Jardine
Keith Jardine,528.57,26-05-2007,L,KO/TKO,Houston Alexander
Terry Martin,503.96,26-05-2007,W,KO/TKO,Ivan Salaverry
Ivan Salaverry,506.05,26-05-2007,L,KO/TKO,Terry Martin
Karo Parisyan,580.46,26-05-2007,W,U-DEC,Joshua Burkman
Joshua Burkman,530.77,26-05-2007,L,U-DEC,Karo Parisyan
Quinton Jackson,538.98,26-05-2007,W,KO/TKO,Chuck Liddell
Chuck Liddell,674.71,26-05-2007,L,KO/TKO,Quinton Jackson
Nate Mohr,496.48,12-06-2007,W,U-DEC,Luke Caudillo
Luke Caudillo,483.34,12-06-2007,L,U-DEC,Nate Mohr
Anthony Johnson,515.07,12-06-2007,W,KO/TKO,Chad Reiner
Chad Reiner,469.92,12-06-2007,L,KO/TKO,Anthony Johnson
Gleison Tibau,520.3,12-06-2007,W,SUB,Jeff Cox
Jeff Cox,479.71,12-06-2007,L,SUB,Gleison Tibau
Tamdan McCrory,518.9,12-06-2007,W,SUB,Pete Spratt
Pete Spratt,478.26,12-06-2007,L,SUB,Tamdan McCrory
Forrest Petz,494.43,12-06-2007,W,U-DEC,Luigi Fioravanti
Luigi Fioravanti,480.74,12-06-2007,L,U-DEC,Forrest Petz
Thiago Tavares,534.81,12-06-2007,W,SUB,Jason Black
Jason Black,480.94,12-06-2007,L,SUB,Thiago Tavares
Drew McFedries,510.85,12-06-2007,W,KO/TKO,Jordan Radev
Jordan Radev,484.02,12-06-2007,L,KO/TKO,Drew McFedries
Jon Fitch,606.37,12-06-2007,W,SUB,Roan Carneiro
Roan Carneiro,496.17,12-06-2007,L,SUB,Jon Fitch
Spencer Fisher,543.1,12-06-2007,W,U-DEC,Sam Stout
Sam Stout,482.03,12-06-2007,L,U-DEC,Spencer Fisher
Dustin Hazelett,518.6,16-06-2007,W,SUB,Stevie Lynch
Stevie Lynch,479.6,16-06-2007,L,SUB,Dustin Hazelett
Eddie Sanchez,515.07,16-06-2007,W,KO/TKO,Colin Robinson
Colin Robinson,484.22,16-06-2007,L,KO/TKO,Eddie Sanchez
Marcus Davis,558.74,16-06-2007,W,KO/TKO,Jason Tan
Jason Tan,484.21,16-06-2007,L,KO/TKO,Marcus Davis
Ed Herman,505.72,16-06-2007,W,SUB,Scott Smith
Scott Smith,459.58,16-06-2007,L,SUB,Ed Herman
Tyson Griffin,518.45,16-06-2007,W,S-DEC,Clay Guida
Clay Guida,486.16,16-06-2007,L,S-DEC,Tyson Griffin
Jason MacDonald,543.93,16-06-2007,W,KO/TKO,Rory Singer
Rory Singer,501.66,16-06-2007,L,KO/TKO,Jason MacDonald
Forrest Griffin,546.44,16-06-2007,W,U-DEC,Hector Ramirez
Hector Ramirez,469.84,16-06-2007,L,U-DEC,Forrest Griffin
Rich Franklin,632.92,16-06-2007,W,U-DEC,Yushin Okami
Yushin Okami,555.48,16-06-2007,L,U-DEC,Rich Franklin
Matt Wiman,501.43,23-06-2007,W,KO/TKO,Brian Geraghty
Brian Geraghty,483.57,23-06-2007,L,KO/TKO,Matt Wiman
Leonard Garcia,504.56,23-06-2007,W,SUB,Allen Berube
Allen Berube,479.75,23-06-2007,L,SUB,Leonard Garcia
Gray Maynard,485.0,23-06-2007,L,CNC,Rob Emerson
Rob Emerson,515.0,23-06-2007,W,CNC,Gray Maynard
Cole Miller,515.75,23-06-2007,W,KO/TKO,Andy Wang
Andy Wang,484.25,23-06-2007,L,KO/TKO,Cole Miller
Joe Lauzon,538.87,23-06-2007,W,SUB,Brandon Melendez
Brandon Melendez,481.19,23-06-2007,L,SUB,Joe Lauzon
Roger Huerta,562.76,23-06-2007,W,KO/TKO,Doug Evans
Doug Evans,484.43,23-06-2007,L,KO/TKO,Roger Huerta
Thales Leites,520.47,23-06-2007,W,SUB,Floyd Sword
Floyd Sword,479.72,23-06-2007,L,SUB,Thales Leites
Nate Diaz,519.06,23-06-2007,W,SUB,Manvel Gamburyan
Manvel Gamburyan,480.94,23-06-2007,L,SUB,Nate Diaz
BJ Penn,569.77,23-06-2007,W,SUB,Jens Pulver
Jens Pulver,556.97,23-06-2007,L,SUB,BJ Penn
Frankie Edgar,532.34,07-07-2007,W,KO/TKO,Mark Bocek
Mark Bocek,484.29,07-07-2007,L,KO/TKO,Frankie Edgar
Chris Lytle,475.68,07-07-2007,W,SUB,Jason Gilliam
Jason Gilliam,458.84,07-07-2007,L,SUB,Chris Lytle
Jorge Gurgel,515.88,07-07-2007,W,U-DEC,Diego Saraiva
Diego Saraiva,467.71,07-07-2007,L,U-DEC,Jorge Gurgel
Stephan Bonnar,526.75,07-07-2007,W,SUB,Mike Nickels
Mike Nickels,499.29,07-07-2007,L,SUB,Stephan Bonnar
Antonio Rodrigo Nogueira,515.72,07-07-2007,W,U-DEC,Heath Herring
Heath Herring,483.53,07-07-2007,L,U-DEC,Antonio Rodrigo Nogueira
Sean Sherk,566.15,07-07-2007,W,U-DEC,Hermes Franca
Hermes Franca,535.63,07-07-2007,L,U-DEC,Sean Sherk
Rashad Evans,585.28,07-07-2007,L,U-DEC,Tito Ortiz
Tito Ortiz,632.75,07-07-2007,W,U-DEC,Rashad Evans
Anderson Silva,577.64,07-07-2007,W,KO/TKO,Nate Marquardt
Nate Marquardt,549.34,07-07-2007,L,KO/TKO,Anderson Silva
Kenny Florian,556.15,07-07-2007,W,KO/TKO,Alvin Robinson
Alvin Robinson,485.47,07-07-2007,L,KO/TKO,Kenny Florian
Clay Guida,502.54,25-08-2007,W,S-DEC,Marcus Aurelio
Marcus Aurelio,483.62,25-08-2007,L,S-DEC,Clay Guida
Thales Leites,540.44,25-08-2007,W,SUB,Ryan Jensen
Ryan Jensen,480.03,25-08-2007,L,SUB,Thales Leites
Frank Mir,578.7,25-08-2007,W,SUB,Antoni Hardonk
Antoni Hardonk,483.42,25-08-2007,L,SUB,Frank Mir
Renato Sobral,546.46,25-08-2007,W,SUB,David Heath
David Heath,499.05,25-08-2007,L,SUB,Renato Sobral
Patrick Cote,476.31,25-08-2007,W,KO/TKO,Kendall Grove
Kendall Grove,529.62,25-08-2007,L,KO/TKO,Patrick Cote
Joe Stevenson,572.88,25-08-2007,W,U-DEC,Kurt Pellegrino
Kurt Pellegrino,505.93,25-08-2007,L,U-DEC,Joe Stevenson
Roger Huerta,578.16,25-08-2007,W,KO/TKO,Alberto Crane
Alberto Crane,484.6,25-08-2007,L,KO/TKO,Roger Huerta
Georges St-Pierre,603.87,25-08-2007,W,U-DEC,Josh Koscheck
Josh Koscheck,581.45,25-08-2007,L,U-DEC,Georges St-Pierre
Randy Couture,624.79,25-08-2007,W,KO/TKO,Gabriel Gonzaga
Gabriel Gonzaga,552.18,25-08-2007,L,KO/TKO,Randy Couture
Jess Liaudin,535.87,08-09-2007,W,KO/TKO,Anthony Torres
Anthony Torres,502.87,08-09-2007,L,KO/TKO,Jess Liaudin
Dennis Siver,496.54,08-09-2007,W,KO/TKO,Naoyuki Kotani
Naoyuki Kotani,468.34,08-09-2007,L,KO/TKO,Dennis Siver
Thiago Silva,531.37,08-09-2007,W,KO/TKO,Tomasz Drwal
Tomasz Drwal,484.24,08-09-2007,L,KO/TKO,Thiago Silva
Gleison Tibau,537.5,08-09-2007,W,U-DEC,Terry Etim
Terry Etim,502.17,08-09-2007,L,U-DEC,Gleison Tibau
Houston Alexander,532.65,08-09-2007,W,KO/TKO,Alessio Sakara
Alessio Sakara,467.3,08-09-2007,L,KO/TKO,Houston Alexander
Marcus Davis,578.96,08-09-2007,W,SUB,Paul Taylor
Paul Taylor,495.53,08-09-2007,L,SUB,Marcus Davis
Cheick Kongo,542.54,08-09-2007,W,U-DEC,Mirko Filipovic
Mirko Filipovic,484.99,08-09-2007,L,U-DEC,Cheick Kongo
Michael Bisping,563.62,08-09-2007,W,S-DEC,Matt Hamill
Matt Hamill,529.1,08-09-2007,L,S-DEC,Michael Bisping
Quinton Jackson,555.9,08-09-2007,W,U-DEC,Dan Henderson
Dan Henderson,515.5,08-09-2007,L,U-DEC,Quinton Jackson
Dustin Hazelett,538.61,19-09-2007,W,SUB,Jonathan Goulet
Jonathan Goulet,478.86,19-09-2007,L,SUB,Dustin Hazelett
Thiago Alves,545.85,19-09-2007,W,KO/TKO,Kuniyoshi Hironaka
Kuniyoshi Hironaka,485.09,19-09-2007,L,KO/TKO,Thiago Alves
Gray Maynard,501.43,19-09-2007,W,KO/TKO,Joe Veres
Joe Veres,483.57,19-09-2007,L,KO/TKO,Gray Maynard
Cole Miller,531.72,19-09-2007,W,U-DEC,Leonard Garcia
Leonard Garcia,488.59,19-09-2007,L,U-DEC,Cole Miller
Luke Cummo,516.41,19-09-2007,W,KO/TKO,Edilberto de Oliveira
Edilberto de Oliveira,468.53,19-09-2007,L,KO/TKO,Luke Cummo
Nate Quarry,545.47,19-09-2007,W,KO/TKO,Pete Sell
Pete Sell,456.26,19-09-2007,L,KO/TKO,Nate Quarry
Nate Diaz,538.17,19-09-2007,W,SUB,Junior Assuncao
Junior Assuncao,479.6,19-09-2007,L,SUB,Nate Diaz
Chris Leben,546.97,19-09-2007,W,KO/TKO,Terry Martin
Terry Martin,489.5,19-09-2007,L,KO/TKO,Chris Leben
Kenny Florian,577.41,19-09-2007,W,SUB,Din Thomas
Din Thomas,535.56,19-09-2007,L,SUB,Kenny Florian
Matt Wiman,517.86,22-09-2007,W,U-DEC,Michihiro Omigawa
Michihiro Omigawa,483.57,22-09-2007,L,U-DEC,Matt Wiman
Christian Wellisch,520.25,22-09-2007,W,SUB,Scott Junk
Scott Junk,479.7,22-09-2007,L,SUB,Christian Wellisch
Jeremy Stephens,495.72,22-09-2007,W,U-DEC,Diego Saraiva
Diego Saraiva,452.54,22-09-2007,L,U-DEC,Jeremy Stephens
Rich Clementi,487.8,22-09-2007,W,SUB,Anthony Johnson
Anthony Johnson,493.34,22-09-2007,L,SUB,Rich Clementi
Tyson Griffin,535.73,22-09-2007,W,U-DEC,Thiago Tavares
Thiago Tavares,517.53,22-09-2007,L,U-DEC,Tyson Griffin
Lyoto Machida,548.82,22-09-2007,W,U-DEC,Kazuhiro Nakamura
Kazuhiro Nakamura,484.39,22-09-2007,L,U-DEC,Lyoto Machida
Jon Fitch,625.02,22-09-2007,W,S-DEC,Diego Sanchez
Diego Sanchez,560.26,22-09-2007,L,S-DEC,Jon Fitch
Forrest Griffin,563.47,22-09-2007,W,SUB,Mauricio Rua
Mauricio Rua,482.97,22-09-2007,L,SUB,Forrest Griffin
Keith Jardine,550.58,22-09-2007,W,S-DEC,Chuck Liddell
Chuck Liddell,652.7,22-09-2007,L,S-DEC,Keith Jardine
Matt Grice,496.39,20-10-2007,W,S-DEC,Jason Black
Jason Black,465.18,20-10-2007,L,S-DEC,Matt Grice
Joshua Burkman,544.88,20-10-2007,W,S-DEC,Forrest Petz
Forrest Petz,480.32,20-10-2007,L,S-DEC,Joshua Burkman
Demian Maia,518.26,20-10-2007,W,SUB,Ryan Jensen
Ryan Jensen,461.77,20-10-2007,L,SUB,Demian Maia
Yushin Okami,570.71,20-10-2007,W,U-DEC,Jason MacDonald
Jason MacDonald,528.7,20-10-2007,L,U-DEC,Yushin Okami
Alan Belcher,518.71,20-10-2007,W,KO/TKO,Kalib Starnes
Kalib Starnes,503.18,20-10-2007,L,KO/TKO,Alan Belcher
Stephan Bonnar,542.11,20-10-2007,W,KO/TKO,Eric Schafer
Eric Schafer,487.4,20-10-2007,L,KO/TKO,Stephan Bonnar
Alvin Robinson,502.6,20-10-2007,W,U-DEC,Jorge Gurgel
Jorge Gurgel,498.75,20-10-2007,L,U-DEC,Alvin Robinson
Tim Sylvia,593.96,20-10-2007,W,U-DEC,Brandon Vera
Brandon Vera,553.6,20-10-2007,L,U-DEC,Tim Sylvia
Anderson Silva,599.35,20-10-2007,W,KO/TKO,Rich Franklin
Rich Franklin,611.21,20-10-2007,L,KO/TKO,Anderson Silva
Akihiro Gono,520.09,17-11-2007,W,SUB,Tamdan McCrory
Tamdan McCrory,498.81,17-11-2007,L,SUB,Akihiro Gono
Marcus Aurelio,499.36,17-11-2007,W,KO/TKO,Luke Caudillo
Luke Caudillo,467.6,17-11-2007,L,KO/TKO,Marcus Aurelio
Joe Lauzon,557.72,17-11-2007,W,SUB,Jason Reinhardt
Jason Reinhardt,481.15,17-11-2007,L,SUB,Joe Lauzon
Thiago Alves,560.26,17-11-2007,W,KO/TKO,Chris Lytle
Chris Lytle,461.27,17-11-2007,L,KO/TKO,Thiago Alves
Frankie Edgar,550.12,17-11-2007,W,U-DEC,Spencer Fisher
Spencer Fisher,525.32,17-11-2007,L,U-DEC,Frankie Edgar
Ed Herman,521.43,17-11-2007,W,KO/TKO,Joe Doerksen
Joe Doerksen,458.86,17-11-2007,L,KO/TKO,Ed Herman
Karo Parisyan,593.79,17-11-2007,W,U-DEC,Ryo Chonan
Ryo Chonan,486.67,17-11-2007,L,U-DEC,Karo Parisyan
Thiago Silva,548.68,17-11-2007,W,KO/TKO,Houston Alexander
Houston Alexander,515.34,17-11-2007,L,KO/TKO,Thiago Silva
Rashad Evans,603.57,17-11-2007,W,S-DEC,Michael Bisping
Michael Bisping,545.33,17-11-2007,L,S-DEC,Rashad Evans
Jonathan Goulet,499.41,08-12-2007,W,SUB,Paul Georgieff
Paul Georgieff,479.45,08-12-2007,L,SUB,Jonathan Goulet
Roman Mitichyan,519.37,08-12-2007,W,SUB,Dorian Price
Dorian Price,480.63,08-12-2007,L,SUB,Roman Mitichyan
Matt Arroyo,519.37,08-12-2007,W,SUB,John Kolosci
John Kolosci,480.63,08-12-2007,L,SUB,Matt Arroyo
Troy Mandaloniz,515.75,08-12-2007,W,KO/TKO,Richie Hightower
Richie Hightower,484.25,08-12-2007,L,KO/TKO,Troy Mandaloniz
Ben Saunders,515.75,08-12-2007,W,U-DEC,Dan Barrera
Dan Barrera,484.25,08-12-2007,L,U-DEC,Ben Saunders
George Sotiropoulos,519.37,08-12-2007,W,SUB,Billy Miles
Billy Miles,480.63,08-12-2007,L,SUB,George Sotiropoulos
War Machine,515.75,08-12-2007,W,KO/TKO,Jared Rollins
Jared Rollins,484.25,08-12-2007,L,KO/TKO,War Machine
Mac Danzig,519.37,08-12-2007,W,SUB,Tommy Speer
Tommy Speer,480.63,08-12-2007,L,SUB,Mac Danzig
Roger Huerta,596.39,08-12-2007,W,SUB,Clay Guida
Clay Guida,484.31,08-12-2007,L,SUB,Roger Huerta
Mark Bocek,500.05,29-12-2007,W,U-DEC,Doug Evans
Doug Evans,468.67,29-12-2007,L,U-DEC,Mark Bocek
Roan Carneiro,512.93,29-12-2007,W,KO/TKO,Tony DeSouza
Tony DeSouza,501.78,29-12-2007,L,KO/TKO,Roan Carneiro
Dean Lister,531.98,29-12-2007,W,U-DEC,Jordan Radev
Jordan Radev,469.79,29-12-2007,L,U-DEC,Dean Lister
Manvel Gamburyan,501.18,29-12-2007,W,SUB,Nate Mohr
Nate Mohr,476.24,29-12-2007,L,SUB,Manvel Gamburyan
James Irvin,498.0,29-12-2007,W,DQ,Luiz Cane
Luiz Cane,483.41,29-12-2007,L,DQ,James Irvin
Rich Clementi,509.14,29-12-2007,W,SUB,Melvin Guillard
Melvin Guillard,484.42,29-12-2007,L,SUB,Rich Clementi
Lyoto Machida,567.56,29-12-2007,W,SUB,Rameau Thierry Sokoudjou
Rameau Thierry Sokoudjou,481.26,29-12-2007,L,SUB,Lyoto Machida
Eddie Sanchez,530.85,29-12-2007,W,KO/TKO,Soa Palelei
Soa Palelei,484.22,29-12-2007,L,KO/TKO,Eddie Sanchez
Chuck Liddell,661.47,29-12-2007,W,U-DEC,Wanderlei Silva
Wanderlei Silva,478.46,29-12-2007,L,U-DEC,Chuck Liddell
Georges St-Pierre,627.19,29-12-2007,W,SUB,Matt Hughes
Matt Hughes,639.55,29-12-2007,L,SUB,Georges St-Pierre
Sam Stout,498.59,19-01-2008,W,U-DEC,Per Eklund
Per Eklund,483.44,19-01-2008,L,U-DEC,Sam Stout
Alessio Sakara,484.53,19-01-2008,W,KO/TKO,James Lee
James Lee,482.77,19-01-2008,L,KO/TKO,Alessio Sakara
Paul Kelly,515.55,19-01-2008,W,U-DEC,Paul Taylor
Paul Taylor,479.98,19-01-2008,L,U-DEC,Paul Kelly
Antoni Hardonk,499.21,19-01-2008,W,KO/TKO,Colin Robinson
Colin Robinson,468.43,19-01-2008,L,KO/TKO,Antoni Hardonk
Jorge Rivera,495.28,19-01-2008,W,KO/TKO,Kendall Grove
Kendall Grove,511.51,19-01-2008,L,KO/TKO,Jorge Rivera
Wilson Gouveia,560.74,19-01-2008,W,KO/TKO,Jason Lambert
Jason Lambert,529.53,19-01-2008,L,KO/TKO,Wilson Gouveia
Marcus Davis,596.05,19-01-2008,W,KO/TKO,Jess Liaudin
Jess Liaudin,518.78,19-01-2008,L,KO/TKO,Marcus Davis
Fabricio Werdum,505.48,19-01-2008,W,KO/TKO,Gabriel Gonzaga
Gabriel Gonzaga,533.5,19-01-2008,L,KO/TKO,Fabricio Werdum
BJ Penn,589.91,19-01-2008,W,SUB,Joe Stevenson
Joe Stevenson,552.74,19-01-2008,L,SUB,BJ Penn
Matt Wiman,537.99,23-01-2008,W,SUB,Justin Buchholz
Justin Buchholz,479.87,23-01-2008,L,SUB,Matt Wiman
Corey Hill,515.01,23-01-2008,W,KO/TKO,Joe Veres
Joe Veres,468.56,23-01-2008,L,KO/TKO,Corey Hill
Jeremy Stephens,513.92,23-01-2008,W,KO/TKO,Cole Miller
Cole Miller,513.52,23-01-2008,L,KO/TKO,Jeremy Stephens
Gray Maynard,517.7,23-01-2008,W,U-DEC,Dennis Siver
Dennis Siver,480.27,23-01-2008,L,U-DEC,Gray Maynard
Kurt Pellegrino,520.71,23-01-2008,W,KO/TKO,Alberto Crane
Alberto Crane,469.82,23-01-2008,L,KO/TKO,Kurt Pellegrino
Nate Diaz,557.22,23-01-2008,W,SUB,Alvin Robinson
Alvin Robinson,483.55,23-01-2008,L,SUB,Nate Diaz
Thiago Tavares,531.75,23-01-2008,W,U-DEC,Michihiro Omigawa
Michihiro Omigawa,469.35,23-01-2008,L,U-DEC,Thiago Tavares
Patrick Cote,495.27,23-01-2008,W,KO/TKO,Drew McFedries
Drew McFedries,491.89,23-01-2008,L,KO/TKO,Patrick Cote
Mike Swick,581.61,23-01-2008,W,M-DEC,Joshua Burkman
Joshua Burkman,530.13,23-01-2008,L,M-DEC,Mike Swick
Rob Emerson,528.68,02-02-2008,W,S-DEC,Keita Nakamura
Keita Nakamura,455.29,02-02-2008,L,S-DEC,Rob Emerson
Marvin Eastman,473.99,02-02-2008,W,U-DEC,Terry Martin
Terry Martin,472.27,02-02-2008,L,U-DEC,Marvin Eastman
Tim Boetsch,515.71,02-02-2008,W,KO/TKO,David Heath
David Heath,483.34,02-02-2008,L,KO/TKO,Tim Boetsch
Chris Lytle,478.77,02-02-2008,W,KO/TKO,Kyle Bradley
Kyle Bradley,482.5,02-02-2008,L,KO/TKO,Chris Lytle
Tyson Griffin,553.07,02-02-2008,W,U-DEC,Gleison Tibau
Gleison Tibau,520.16,02-02-2008,L,U-DEC,Tyson Griffin
Ricardo Almeida,507.9,02-02-2008,W,SUB,Rob Yundt
Rob Yundt,479.95,02-02-2008,L,SUB,Ricardo Almeida
Nate Marquardt,568.16,02-02-2008,W,SUB,Jeremy Horn
Jeremy Horn,526.1,02-02-2008,L,SUB,Nate Marquardt
Frank Mir,594.47,02-02-2008,W,SUB,Brock Lesnar
Brock Lesnar,484.23,02-02-2008,L,SUB,Frank Mir
Antonio Rodrigo Nogueira,539.7,02-02-2008,W,SUB,Tim Sylvia
Tim Sylvia,569.98,02-02-2008,L,SUB,Antonio Rodrigo Nogueira
Jorge Gurgel,513.84,01-03-2008,W,U-DEC,John Halverson
John Halverson,469.16,01-03-2008,L,U-DEC,Jorge Gurgel
Diego Sanchez,573.31,01-03-2008,W,KO/TKO,David Bielkheden
David Bielkheden,486.95,01-03-2008,L,KO/TKO,Diego Sanchez
Josh Koscheck,595.27,01-03-2008,W,KO/TKO,Dustin Hazelett
Dustin Hazelett,524.79,01-03-2008,L,KO/TKO,Josh Koscheck
Luigi Fioravanti,498.1,01-03-2008,W,U-DEC,Luke Cummo
Luke Cummo,499.05,01-03-2008,L,U-DEC,Luigi Fioravanti
Andrei Arlovski,599.18,01-03-2008,W,KO/TKO,Jake O'Brien
Jake O'Brien,531.75,01-03-2008,L,KO/TKO,Andrei Arlovski
Jon Fitch,638.77,01-03-2008,W,U-DEC,Chris Wilson
Chris Wilson,486.25,01-03-2008,L,U-DEC,Jon Fitch
Yushin Okami,588.2,01-03-2008,W,KO/TKO,Evan Tanner
Evan Tanner,574.02,01-03-2008,L,KO/TKO,Yushin Okami
Chris Leben,560.54,01-03-2008,W,KO/TKO,Alessio Sakara
Alessio Sakara,470.96,01-03-2008,L,KO/TKO,Chris Leben
Heath Herring,501.93,01-03-2008,W,S-DEC,Cheick Kongo
Cheick Kongo,524.14,01-03-2008,L,S-DEC,Heath Herring
Anderson Silva,617.36,01-03-2008,W,SUB,Dan Henderson
Dan Henderson,497.49,01-03-2008,L,SUB,Anderson Silva
Anthony Johnson,508.51,02-04-2008,W,KO/TKO,Tommy Speer
Tommy Speer,465.46,02-04-2008,L,KO/TKO,Anthony Johnson
George Sotiropoulos,535.87,02-04-2008,W,KO/TKO,Roman Mitichyan
Roman Mitichyan,502.87,02-04-2008,L,KO/TKO,George Sotiropoulos
Clay Guida,500.77,02-04-2008,W,KO/TKO,Samy Schiavo
Samy Schiavo,483.54,02-04-2008,L,KO/TKO,Clay Guida
Manvel Gamburyan,520.22,02-04-2008,W,SUB,Jeff Cox
Jeff Cox,460.67,02-04-2008,L,SUB,Manvel Gamburyan
Marcus Aurelio,519.69,02-04-2008,W,SUB,Ryan Roberts
Ryan Roberts,479.67,02-04-2008,L,SUB,Marcus Aurelio
Josh Neer,501.54,02-04-2008,W,U-DEC,Din Thomas
Din Thomas,517.47,02-04-2008,L,U-DEC,Josh Neer
James Irvin,515.32,02-04-2008,W,KO/TKO,Houston Alexander
Houston Alexander,498.02,02-04-2008,L,KO/TKO,James Irvin
Nate Diaz,576.72,02-04-2008,W,SUB,Kurt Pellegrino
Kurt Pellegrino,501.21,02-04-2008,L,SUB,Nate Diaz
Matt Hamill,544.24,02-04-2008,W,KO/TKO,Tim Boetsch
Tim Boetsch,500.57,02-04-2008,L,KO/TKO,Matt Hamill
Thiago Alves,580.81,02-04-2008,W,KO/TKO,Karo Parisyan
Karo Parisyan,573.24,02-04-2008,L,KO/TKO,Thiago Alves
Gray Maynard,536.55,02-04-2008,W,U-DEC,Frankie Edgar
Frankie Edgar,531.27,02-04-2008,L,U-DEC,Gray Maynard
Kenny Florian,594.39,02-04-2008,W,KO/TKO,Joe Lauzon
Joe Lauzon,540.74,02-04-2008,L,KO/TKO,Kenny Florian
Jonathan Goulet,515.23,19-04-2008,W,KO/TKO,Kuniyoshi Hironaka
Kuniyoshi Hironaka,469.27,19-04-2008,L,KO/TKO,Jonathan Goulet
Cain Velasquez,515.75,19-04-2008,W,KO/TKO,Brad Morris
Brad Morris,484.25,19-04-2008,L,KO/TKO,Cain Velasquez
Rich Clementi,525.87,19-04-2008,W,S-DEC,Sam Stout
Sam Stout,481.86,19-04-2008,L,S-DEC,Rich Clementi
Demian Maia,538.41,19-04-2008,W,SUB,Ed Herman
Ed Herman,501.28,19-04-2008,L,SUB,Demian Maia
Jason Day,516.6,19-04-2008,W,KO/TKO,Alan Belcher
Alan Belcher,502.11,19-04-2008,L,KO/TKO,Jason Day
Jason MacDonald,541.33,19-04-2008,W,KO/TKO,Joe Doerksen
Joe Doerksen,446.23,19-04-2008,L,KO/TKO,Jason MacDonald
Mac Danzig,537.91,19-04-2008,W,SUB,Mark Bocek
Mark Bocek,481.51,19-04-2008,L,SUB,Mac Danzig
Michael Bisping,559.16,19-04-2008,W,KO/TKO,Charles McCarthy
Charles McCarthy,488.92,19-04-2008,L,KO/TKO,Michael Bisping
Nate Quarry,559.97,19-04-2008,W,U-DEC,Kalib Starnes
Kalib Starnes,488.68,19-04-2008,L,U-DEC,Nate Quarry
Rich Franklin,621.35,19-04-2008,W,KO/TKO,Travis Lutter
Travis Lutter,471.73,19-04-2008,L,KO/TKO,Rich Franklin
Georges St-Pierre,640.2,19-04-2008,W,KO/TKO,Matt Serra
Matt Serra,527.05,19-04-2008,L,KO/TKO,Georges St-Pierre
Shane Carwin,516.67,24-05-2008,W,KO/TKO,Christian Wellisch
Christian Wellisch,503.58,24-05-2008,L,KO/TKO,Shane Carwin
Dong Hyun Kim,515.03,24-05-2008,W,KO/TKO,Jason Tan
Jason Tan,469.18,24-05-2008,L,KO/TKO,Dong Hyun Kim
Yoshiyuki Yoshida,520.25,24-05-2008,W,SUB,War Machine
War Machine,495.5,24-05-2008,L,SUB,Yoshiyuki Yoshida
Rich Clementi,542.64,24-05-2008,W,U-DEC,Terry Etim
Terry Etim,485.4,24-05-2008,L,U-DEC,Rich Clementi
Rameau Thierry Sokoudjou,497.15,24-05-2008,W,KO/TKO,Kazuhiro Nakamura
Kazuhiro Nakamura,468.5,24-05-2008,L,KO/TKO,Rameau Thierry Sokoudjou
Rousimar Palhares,519.71,24-05-2008,W,SUB,Ivan Salaverry
Ivan Salaverry,486.34,24-05-2008,L,SUB,Rousimar Palhares
Thiago Silva,564.17,24-05-2008,W,KO/TKO,Antonio Mendes
Antonio Mendes,484.51,24-05-2008,L,KO/TKO,Thiago Silva
Lyoto Machida,589.79,24-05-2008,W,U-DEC,Tito Ortiz
Tito Ortiz,610.52,24-05-2008,L,U-DEC,Lyoto Machida
Goran Reljic,518.48,24-05-2008,W,KO/TKO,Wilson Gouveia
Wilson Gouveia,542.26,24-05-2008,L,KO/TKO,Goran Reljic
Wanderlei Silva,497.43,24-05-2008,W,KO/TKO,Keith Jardine
Keith Jardine,531.61,24-05-2008,L,KO/TKO,Wanderlei Silva
BJ Penn,605.98,24-05-2008,W,KO/TKO,Sean Sherk
Sean Sherk,550.08,24-05-2008,L,KO/TKO,BJ Penn
Antoni Hardonk,517.21,07-06-2008,W,KO/TKO,Eddie Sanchez
Eddie Sanchez,512.85,07-06-2008,L,KO/TKO,Antoni Hardonk
Paul Taylor,497.48,07-06-2008,W,S-DEC,Jess Liaudin
Jess Liaudin,501.28,07-06-2008,L,S-DEC,Paul Taylor
Luiz Cane,501.24,07-06-2008,W,KO/TKO,Jason Lambert
Jason Lambert,511.7,07-06-2008,L,KO/TKO,Luiz Cane
Kevin Burns,519.77,07-06-2008,W,SUB,Roan Carneiro
Roan Carneiro,493.16,07-06-2008,L,SUB,Kevin Burns
Matt Wiman,555.67,07-06-2008,W,KO/TKO,Thiago Tavares
Thiago Tavares,514.07,07-06-2008,L,KO/TKO,Matt Wiman
Martin Kampmann,573.32,07-06-2008,W,SUB,Jorge Rivera
Jorge Rivera,476.9,07-06-2008,L,SUB,Martin Kampmann
Fabricio Werdum,524.25,07-06-2008,W,KO/TKO,Brandon Vera
Brandon Vera,534.83,07-06-2008,L,KO/TKO,Fabricio Werdum
Thales Leites,559.87,07-06-2008,W,S-DEC,Nate Marquardt
Nate Marquardt,548.73,07-06-2008,L,S-DEC,Thales Leites
Mike Swick,598.8,07-06-2008,W,U-DEC,Marcus Davis
Marcus Davis,578.86,07-06-2008,L,U-DEC,Mike Swick
Michael Bisping,573.65,07-06-2008,W,KO/TKO,Jason Day
Jason Day,502.11,07-06-2008,L,KO/TKO,Michael Bisping
Thiago Alves,603.58,07-06-2008,W,KO/TKO,Matt Hughes
Matt Hughes,616.78,07-06-2008,L,KO/TKO,Thiago Alves
Rob Kimmons,518.26,21-06-2008,W,SUB,Rob Yundt
Rob Yundt,461.69,21-06-2008,L,SUB,Rob Kimmons
Dean Lister,551.93,21-06-2008,W,SUB,Jeremy Horn
Jeremy Horn,506.15,21-06-2008,L,SUB,Dean Lister
Matt Brown,516.63,21-06-2008,W,KO/TKO,Matt Arroyo
Matt Arroyo,502.74,21-06-2008,L,KO/TKO,Matt Brown
Drew McFedries,506.83,21-06-2008,W,KO/TKO,Marvin Eastman
Marvin Eastman,459.05,21-06-2008,L,KO/TKO,Drew McFedries
Dustin Hazelett,544.14,21-06-2008,W,SUB,Joshua Burkman
Joshua Burkman,510.78,21-06-2008,L,SUB,Dustin Hazelett
Matthew Riddle,515.75,21-06-2008,W,U-DEC,Dante Rivera
Dante Rivera,484.25,21-06-2008,L,U-DEC,Matthew Riddle
Spencer Fisher,540.55,21-06-2008,W,U-DEC,Jeremy Stephens
Jeremy Stephens,498.69,21-06-2008,L,U-DEC,Spencer Fisher
Diego Sanchez,586.29,21-06-2008,W,KO/TKO,Luigi Fioravanti
Luigi Fioravanti,485.12,21-06-2008,L,KO/TKO,Diego Sanchez
Amir Sadollah,519.37,21-06-2008,W,SUB,CB Dollaway
CB Dollaway,480.63,21-06-2008,L,SUB,Amir Sadollah
Kendall Grove,530.06,21-06-2008,W,S-DEC,Evan Tanner
Evan Tanner,555.47,21-06-2008,L,S-DEC,Kendall Grove
Justin Buchholz,500.85,05-07-2008,W,SUB,Corey Hill
Corey Hill,494.03,05-07-2008,L,SUB,Justin Buchholz
Melvin Guillard,499.98,05-07-2008,W,KO/TKO,Dennis Siver
Dennis Siver,464.71,05-07-2008,L,KO/TKO,Melvin Guillard
Cole Miller,532.28,05-07-2008,W,SUB,Jorge Gurgel
Jorge Gurgel,495.08,05-07-2008,L,SUB,Cole Miller
Gabriel Gonzaga,551.92,05-07-2008,W,SUB,Justin McCully
Justin McCully,498.04,05-07-2008,L,SUB,Gabriel Gonzaga
Tyson Griffin,569.35,05-07-2008,W,U-DEC,Marcus Aurelio
Marcus Aurelio,503.41,05-07-2008,L,U-DEC,Tyson Griffin
Josh Koscheck,606.44,05-07-2008,W,U-DEC,Chris Lytle
Chris Lytle,467.6,05-07-2008,L,U-DEC,Josh Koscheck
Joe Stevenson,570.02,05-07-2008,W,SUB,Gleison Tibau
Gleison Tibau,502.88,05-07-2008,L,SUB,Joe Stevenson
Patrick Cote,513.92,05-07-2008,W,S-DEC,Ricardo Almeida
Ricardo Almeida,489.25,05-07-2008,L,S-DEC,Patrick Cote
Forrest Griffin,580.34,05-07-2008,W,U-DEC,Quinton Jackson
Quinton Jackson,539.03,05-07-2008,L,U-DEC,Forrest Griffin
Shannon Gugerty,519.37,19-07-2008,W,SUB,Dale Hartt
Dale Hartt,480.63,19-07-2008,L,SUB,Shannon Gugerty
Brad Blackburn,515.75,19-07-2008,W,KO/TKO,James Giboo
James Giboo,484.25,19-07-2008,L,KO/TKO,Brad Blackburn
Nate Loughran,519.37,19-07-2008,W,SUB,Johnny Rees
Johnny Rees,480.63,19-07-2008,L,SUB,Nate Loughran
Rory Markham,515.75,19-07-2008,W,KO/TKO,Brodie Farber
Brodie Farber,484.25,19-07-2008,L,KO/TKO,Rory Markham
Tim Credeur,515.75,19-07-2008,W,KO/TKO,Cale Yarbrough
Cale Yarbrough,484.25,19-07-2008,L,KO/TKO,Tim Credeur
CB Dollaway,501.08,19-07-2008,W,SUB,Jesse Taylor
Jesse Taylor,479.55,19-07-2008,L,SUB,CB Dollaway
Kevin Burns,535.74,19-07-2008,W,KO/TKO,Anthony Johnson
Anthony Johnson,492.54,19-07-2008,L,KO/TKO,Kevin Burns
Cain Velasquez,533.01,19-07-2008,W,KO/TKO,Jake O'Brien
Jake O'Brien,514.49,19-07-2008,L,KO/TKO,Cain Velasquez
Frankie Edgar,547.22,19-07-2008,W,U-DEC,Hermes Franca
Hermes Franca,519.68,19-07-2008,L,U-DEC,Frankie Edgar
Brandon Vera,549.01,19-07-2008,W,U-DEC,Reese Andy
Reese Andy,485.82,19-07-2008,L,U-DEC,Brandon Vera
Anderson Silva,631.83,19-07-2008,W,KO/TKO,James Irvin
James Irvin,500.85,19-07-2008,L,KO/TKO,Anderson Silva
Ben Saunders,534.81,09-08-2008,W,SUB,Ryan Thomas
Ryan Thomas,480.94,09-08-2008,L,SUB,Ben Saunders
Chris Wilson,502.62,09-08-2008,W,U-DEC,Steve Bruno
Steve Bruno,483.63,09-08-2008,L,U-DEC,Chris Wilson
Jon Jones,515.75,09-08-2008,W,U-DEC,Andre Gusmao
Andre Gusmao,484.25,09-08-2008,L,U-DEC,Jon Jones
Cheick Kongo,538.8,09-08-2008,W,KO/TKO,Dan Evensen
Dan Evensen,485.34,09-08-2008,L,KO/TKO,Cheick Kongo
Tamdan McCrory,514.57,09-08-2008,W,U-DEC,Luke Cummo
Luke Cummo,483.29,09-08-2008,L,U-DEC,Tamdan McCrory
Demian Maia,559.11,09-08-2008,W,SUB,Jason MacDonald
Jason MacDonald,520.63,09-08-2008,L,SUB,Demian Maia
Kenny Florian,613.25,09-08-2008,W,U-DEC,Roger Huerta
Roger Huerta,577.53,09-08-2008,L,U-DEC,Kenny Florian
Rob Emerson,544.78,09-08-2008,W,KO/TKO,Manvel Gamburyan
Manvel Gamburyan,504.12,09-08-2008,L,KO/TKO,Rob Emerson
Brock Lesnar,500.78,09-08-2008,W,U-DEC,Heath Herring
Heath Herring,485.38,09-08-2008,L,U-DEC,Brock Lesnar
Georges St-Pierre,658.13,09-08-2008,W,U-DEC,Jon Fitch
Jon Fitch,620.84,09-08-2008,L,U-DEC,Georges St-Pierre
Ryo Chonan,502.71,06-09-2008,W,S-DEC,Roan Carneiro
Roan Carneiro,477.12,06-09-2008,L,S-DEC,Ryo Chonan
Jason MacDonald,539.2,06-09-2008,W,SUB,Jason Lambert
Jason Lambert,493.13,06-09-2008,L,SUB,Jason MacDonald
Tim Boetsch,516.29,06-09-2008,W,KO/TKO,Michael Patt
Michael Patt,484.28,06-09-2008,L,KO/TKO,Tim Boetsch
Kurt Pellegrino,517.54,06-09-2008,W,U-DEC,Thiago Tavares
Thiago Tavares,497.74,06-09-2008,L,U-DEC,Kurt Pellegrino
Dong Hyun Kim,531.61,06-09-2008,W,S-DEC,Matt Brown
Matt Brown,500.05,06-09-2008,L,S-DEC,Dong Hyun Kim
Nate Marquardt,565.59,06-09-2008,W,KO/TKO,Martin Kampmann
Martin Kampmann,556.46,06-09-2008,L,KO/TKO,Nate Marquardt
Dan Henderson,514.25,06-09-2008,W,U-DEC,Rousimar Palhares
Rousimar Palhares,502.95,06-09-2008,L,U-DEC,Dan Henderson
Rich Franklin,634.25,06-09-2008,W,KO/TKO,Matt Hamill
Matt Hamill,531.34,06-09-2008,L,KO/TKO,Rich Franklin
Rashad Evans,627.16,06-09-2008,W,KO/TKO,Chuck Liddell
Chuck Liddell,637.88,06-09-2008,L,KO/TKO,Rashad Evans
Dan Miller,520.39,17-09-2008,W,SUB,Rob Kimmons
Rob Kimmons,497.87,17-09-2008,L,SUB,Dan Miller
Mike Massenzio,519.75,17-09-2008,W,SUB,Drew McFedries
Drew McFedries,487.08,17-09-2008,L,SUB,Mike Massenzio
Jason Brilz,515.04,17-09-2008,W,KO/TKO,Brad Morris
Brad Morris,469.21,17-09-2008,L,KO/TKO,Jason Brilz
Joe Lauzon,553.87,17-09-2008,W,KO/TKO,Kyle Bradley
Kyle Bradley,469.37,17-09-2008,L,KO/TKO,Joe Lauzon
Wilson Gouveia,556.98,17-09-2008,W,SUB,Ryan Jensen
Ryan Jensen,447.05,17-09-2008,L,SUB,Wilson Gouveia
Alessio Sakara,488.02,17-09-2008,W,KO/TKO,Joe Vedepo
Joe Vedepo,482.94,17-09-2008,L,KO/TKO,Alessio Sakara
Eric Schafer,507.36,17-09-2008,W,SUB,Houston Alexander
Houston Alexander,478.06,17-09-2008,L,SUB,Eric Schafer
Alan Belcher,517.82,17-09-2008,W,S-DEC,Ed Herman
Ed Herman,485.57,17-09-2008,L,S-DEC,Alan Belcher
Clay Guida,519.03,17-09-2008,W,U-DEC,Mac Danzig
Mac Danzig,519.65,17-09-2008,L,U-DEC,Clay Guida
Nate Diaz,591.47,17-09-2008,W,S-DEC,Josh Neer
Josh Neer,486.79,17-09-2008,L,S-DEC,Nate Diaz
Per Eklund,502.19,18-10-2008,W,SUB,Samy Schiavo
Samy Schiavo,464.79,18-10-2008,L,SUB,Per Eklund
Jim Miller,518.74,18-10-2008,W,SUB,David Baron
David Baron,481.26,18-10-2008,L,SUB,Jim Miller
Terry Etim,500.99,18-10-2008,W,U-DEC,Sam Stout
Sam Stout,466.27,18-10-2008,L,U-DEC,Terry Etim
David Bielkheden,503.35,18-10-2008,W,U-DEC,Jess Liaudin
Jess Liaudin,484.88,18-10-2008,L,U-DEC,David Bielkheden
Shane Carwin,532.38,18-10-2008,W,KO/TKO,Neil Wain
Neil Wain,484.29,18-10-2008,L,KO/TKO,Shane Carwin
Dan Hardy,516.66,18-10-2008,W,S-DEC,Akihiro Gono
Akihiro Gono,503.43,18-10-2008,L,S-DEC,Dan Hardy
Marcus Davis,594.48,18-10-2008,W,SUB,Paul Kelly
Paul Kelly,499.93,18-10-2008,L,SUB,Marcus Davis
Chris Lytle,484.7,18-10-2008,W,U-DEC,Paul Taylor
Paul Taylor,480.38,18-10-2008,L,U-DEC,Chris Lytle
Luiz Cane,517.55,18-10-2008,W,KO/TKO,Rameau Thierry Sokoudjou
Rameau Thierry Sokoudjou,480.84,18-10-2008,L,KO/TKO,Luiz Cane
Keith Jardine,548.15,18-10-2008,W,S-DEC,Brandon Vera
Brandon Vera,532.47,18-10-2008,L,S-DEC,Keith Jardine
Michael Bisping,590.25,18-10-2008,W,U-DEC,Chris Leben
Chris Leben,543.94,18-10-2008,L,U-DEC,Michael Bisping
Pete Sell,474.46,25-10-2008,W,U-DEC,Joshua Burkman
Joshua Burkman,492.58,25-10-2008,L,U-DEC,Pete Sell
Hermes Franca,534.69,25-10-2008,W,U-DEC,Marcus Aurelio
Marcus Aurelio,488.4,25-10-2008,L,U-DEC,Hermes Franca
Dan Miller,535.92,25-10-2008,W,U-DEC,Matt Horwich
Matt Horwich,484.47,25-10-2008,L,U-DEC,Dan Miller
Spencer Fisher,558.99,25-10-2008,W,SUB,Shannon Gugerty
Shannon Gugerty,500.93,25-10-2008,L,SUB,Spencer Fisher
Thales Leites,578.17,25-10-2008,W,SUB,Drew McFedries
Drew McFedries,468.78,25-10-2008,L,SUB,Thales Leites
Sean Sherk,566.7,25-10-2008,W,U-DEC,Tyson Griffin
Tyson Griffin,552.73,25-10-2008,L,U-DEC,Sean Sherk
Junior Dos Santos,516.85,25-10-2008,W,KO/TKO,Fabricio Werdum
Fabricio Werdum,507.4,25-10-2008,L,KO/TKO,Junior Dos Santos
Gray Maynard,554.87,25-10-2008,W,U-DEC,Rich Clementi
Rich Clementi,524.32,25-10-2008,L,U-DEC,Gray Maynard
Thiago Alves,624.0,25-10-2008,W,U-DEC,Josh Koscheck
Josh Koscheck,586.02,25-10-2008,L,U-DEC,Thiago Alves
Anderson Silva,645.96,25-10-2008,W,KO/TKO,Patrick Cote
Patrick Cote,499.79,25-10-2008,L,KO/TKO,Anderson Silva
Matt Brown,518.06,15-11-2008,W,SUB,Ryan Thomas
Ryan Thomas,462.93,15-11-2008,L,SUB,Matt Brown
Mark Bocek,500.36,15-11-2008,W,SUB,Alvin Robinson
Alvin Robinson,464.7,15-11-2008,L,SUB,Mark Bocek
Jeremy Stephens,514.5,15-11-2008,W,KO/TKO,Rafael Dos Anjos
Rafael Dos Anjos,484.19,15-11-2008,L,KO/TKO,Jeremy Stephens
Aaron Riley,486.31,15-11-2008,W,U-DEC,Jorge Gurgel
Jorge Gurgel,478.17,15-11-2008,L,U-DEC,Aaron Riley
Demian Maia,581.3,15-11-2008,W,SUB,Nate Quarry
Nate Quarry,537.78,15-11-2008,L,SUB,Demian Maia
Gabriel Gonzaga,565.97,15-11-2008,W,KO/TKO,Josh Hendricks
Josh Hendricks,485.95,15-11-2008,L,KO/TKO,Gabriel Gonzaga
Dustin Hazelett,562.71,15-11-2008,W,SUB,Tamdan McCrory
Tamdan McCrory,496.0,15-11-2008,L,SUB,Dustin Hazelett
Kenny Florian,634.27,15-11-2008,W,SUB,Joe Stevenson
Joe Stevenson,549.0,15-11-2008,L,SUB,Kenny Florian
Brock Lesnar,522.93,15-11-2008,W,KO/TKO,Randy Couture
Randy Couture,602.64,15-11-2008,L,KO/TKO,Brock Lesnar
Justin McCully,514.46,10-12-2008,W,U-DEC,Eddie Sanchez
Eddie Sanchez,496.43,10-12-2008,L,U-DEC,Justin McCully
Dale Hartt,496.99,10-12-2008,W,KO/TKO,Corey Hill
Corey Hill,477.67,10-12-2008,L,KO/TKO,Dale Hartt
Ben Saunders,550.34,10-12-2008,W,KO/TKO,Brandon Wolff
Brandon Wolff,484.47,10-12-2008,L,KO/TKO,Ben Saunders
Steve Bruno,502.52,10-12-2008,W,SUB,Johnny Rees
Johnny Rees,461.74,10-12-2008,L,SUB,Steve Bruno
Luigi Fioravanti,500.83,10-12-2008,W,U-DEC,Brodie Farber
Brodie Farber,468.54,10-12-2008,L,U-DEC,Luigi Fioravanti
Jim Miller,536.99,10-12-2008,W,U-DEC,Matt Wiman
Matt Wiman,537.42,10-12-2008,L,U-DEC,Jim Miller
Tim Credeur,532.42,10-12-2008,W,KO/TKO,Nate Loughran
Nate Loughran,502.7,10-12-2008,L,KO/TKO,Tim Credeur
Steve Cantwell,519.37,10-12-2008,W,SUB,Razak Al-Hassan
Razak Al-Hassan,480.63,10-12-2008,L,SUB,Steve Cantwell
Mike Swick,611.98,10-12-2008,W,KO/TKO,Jonathan Goulet
Jonathan Goulet,502.05,10-12-2008,L,KO/TKO,Mike Swick
Josh Koscheck,598.82,10-12-2008,W,KO/TKO,Yoshiyuki Yoshida
Yoshiyuki Yoshida,507.45,10-12-2008,L,KO/TKO,Josh Koscheck
Rolando Delgado,519.06,13-12-2008,W,SUB,John Polakowski
John Polakowski,480.94,13-12-2008,L,SUB,Rolando Delgado
Shane Nelson,515.75,13-12-2008,W,S-DEC,George Roop
George Roop,484.25,13-12-2008,L,S-DEC,Shane Nelson
Tom Lawlor,515.75,13-12-2008,W,U-DEC,Kyle Kingsbury
Kyle Kingsbury,484.25,13-12-2008,L,U-DEC,Tom Lawlor
Eliot Marshall,519.37,13-12-2008,W,SUB,Jules Bruchez
Jules Bruchez,480.63,13-12-2008,L,SUB,Eliot Marshall
Krzysztof Soszynski,519.06,13-12-2008,W,SUB,Shane Primm
Shane Primm,480.94,13-12-2008,L,SUB,Krzysztof Soszynski
Junie Browning,519.06,13-12-2008,W,SUB,David Kaplan
David Kaplan,480.94,13-12-2008,L,SUB,Junie Browning
Wilson Gouveia,572.64,13-12-2008,W,KO/TKO,Jason MacDonald
Jason MacDonald,523.54,13-12-2008,L,KO/TKO,Wilson Gouveia
Anthony Johnson,510.24,13-12-2008,W,KO/TKO,Kevin Burns
Kevin Burns,518.04,13-12-2008,L,KO/TKO,Anthony Johnson
Ryan Bader,515.75,13-12-2008,W,KO/TKO,Vinny Magalhaes
Vinny Magalhaes,484.25,13-12-2008,L,KO/TKO,Ryan Bader
Efrain Escudero,515.75,13-12-2008,W,U-DEC,Phillipe Nover
Phillipe Nover,484.25,13-12-2008,L,U-DEC,Efrain Escudero
Pat Barry,515.09,27-12-2008,W,KO/TKO,Dan Evensen
Dan Evensen,470.25,27-12-2008,L,KO/TKO,Pat Barry
Brad Blackburn,531.63,27-12-2008,W,U-DEC,Ryo Chonan
Ryo Chonan,486.83,27-12-2008,L,U-DEC,Brad Blackburn
Matt Hamill,545.04,27-12-2008,W,KO/TKO,Reese Andy
Reese Andy,472.12,27-12-2008,L,KO/TKO,Matt Hamill
Antoni Hardonk,533.61,27-12-2008,W,KO/TKO,Mike Wessel
Mike Wessel,483.6,27-12-2008,L,KO/TKO,Antoni Hardonk
Yushin Okami,603.66,27-12-2008,W,U-DEC,Dean Lister
Dean Lister,536.47,27-12-2008,L,U-DEC,Yushin Okami
Cheick Kongo,553.46,27-12-2008,W,KO/TKO,Mostapha Al-Turk
Mostapha Al-Turk,485.34,27-12-2008,L,KO/TKO,Cheick Kongo
Quinton Jackson,552.9,27-12-2008,W,KO/TKO,Wanderlei Silva
Wanderlei Silva,483.56,27-12-2008,L,KO/TKO,Quinton Jackson
CB Dollaway,518.47,27-12-2008,W,KO/TKO,Mike Massenzio
Mike Massenzio,502.36,27-12-2008,L,KO/TKO,CB Dollaway
Frank Mir,609.02,27-12-2008,W,KO/TKO,Antonio Rodrigo Nogueira
Antonio Rodrigo Nogueira,525.15,27-12-2008,L,KO/TKO,Frank Mir
Rashad Evans,645.35,27-12-2008,W,KO/TKO,Forrest Griffin
Forrest Griffin,562.15,27-12-2008,L,KO/TKO,Rashad Evans
Dennis Siver,480.98,17-01-2009,W,KO/TKO,Nate Mohr
Nate Mohr,459.97,17-01-2009,L,KO/TKO,Dennis Siver
Tomasz Drwal,500.7,17-01-2009,W,KO/TKO,Ivan Serati
Ivan Serati,483.54,17-01-2009,L,KO/TKO,Tomasz Drwal
Eric Schafer,522.78,17-01-2009,W,KO/TKO,Antonio Mendes
Antonio Mendes,469.09,17-01-2009,L,KO/TKO,Eric Schafer
Martin Kampmann,569.67,17-01-2009,W,KO/TKO,Alexandre Barros
Alexandre Barros,486.79,17-01-2009,L,KO/TKO,Martin Kampmann
John Hathaway,515.75,17-01-2009,W,KO/TKO,Tom Egan
Tom Egan,484.25,17-01-2009,L,KO/TKO,John Hathaway
Marcus Davis,605.93,17-01-2009,W,S-DEC,Chris Lytle
Chris Lytle,473.25,17-01-2009,L,S-DEC,Marcus Davis
Alan Belcher,536.76,17-01-2009,W,SUB,Denis Kang
Denis Kang,481.06,17-01-2009,L,SUB,Alan Belcher
Rousimar Palhares,518.85,17-01-2009,W,U-DEC,Jeremy Horn
Jeremy Horn,490.25,17-01-2009,L,U-DEC,Rousimar Palhares
Mauricio Rua,502.0,17-01-2009,W,KO/TKO,Mark Coleman
Mark Coleman,537.37,17-01-2009,L,KO/TKO,Mauricio Rua
Dan Henderson,536.23,17-01-2009,W,S-DEC,Rich Franklin
Rich Franklin,612.27,17-01-2009,L,S-DEC,Dan Henderson
Dan Cramer,515.87,31-01-2009,W,S-DEC,Matt Arroyo
Matt Arroyo,486.87,31-01-2009,L,S-DEC,Dan Cramer
Jake O'Brien,529.75,31-01-2009,W,S-DEC,Christian Wellisch
Christian Wellisch,488.32,31-01-2009,L,S-DEC,Jake O'Brien
John Howard,515.87,31-01-2009,W,S-DEC,Chris Wilson
Chris Wilson,486.75,31-01-2009,L,S-DEC,John Howard
Thiago Tavares,513.78,31-01-2009,W,U-DEC,Manvel Gamburyan
Manvel Gamburyan,488.08,31-01-2009,L,U-DEC,Thiago Tavares
Jon Fitch,631.46,31-01-2009,W,U-DEC,Akihiro Gono
Akihiro Gono,492.81,31-01-2009,L,U-DEC,Jon Fitch
Clay Guida,539.83,31-01-2009,W,S-DEC,Nate Diaz
Nate Diaz,570.67,31-01-2009,L,S-DEC,Clay Guida
Karo Parisyan,556.45,31-01-2009,L,Overturned,Dong Hyun Kim
Dong Hyun Kim,548.4,31-01-2009,W,Overturned,Karo Parisyan
Jon Jones,533.5,31-01-2009,W,U-DEC,Stephan Bonnar
Stephan Bonnar,524.36,31-01-2009,L,U-DEC,Jon Jones
Lyoto Machida,607.85,31-01-2009,W,KO/TKO,Thiago Silva
Thiago Silva,546.11,31-01-2009,L,KO/TKO,Lyoto Machida
Georges St-Pierre,674.09,31-01-2009,W,KO/TKO,BJ Penn
BJ Penn,590.02,31-01-2009,L,KO/TKO,Georges St-Pierre
Matthew Riddle,531.62,07-02-2009,W,U-DEC,Steve Bruno
Steve Bruno,486.65,07-02-2009,L,U-DEC,Matthew Riddle
Nick Catone,519.06,07-02-2009,W,SUB,Derek Downey
Derek Downey,480.94,07-02-2009,L,SUB,Nick Catone
Gleison Tibau,523.45,07-02-2009,W,SUB,Rich Clementi
Rich Clementi,503.75,07-02-2009,L,SUB,Gleison Tibau
Matt Veach,515.59,07-02-2009,W,KO/TKO,Matt Grice
Matt Grice,480.8,07-02-2009,L,KO/TKO,Matt Veach
Dan Miller,554.95,07-02-2009,W,SUB,Jake Rosholt
Jake Rosholt,480.97,07-02-2009,L,SUB,Dan Miller
Kurt Pellegrino,539.07,07-02-2009,W,SUB,Rob Emerson
Rob Emerson,523.25,07-02-2009,L,SUB,Kurt Pellegrino
Anthony Johnson,526.29,07-02-2009,W,KO/TKO,Luigi Fioravanti
Luigi Fioravanti,484.78,07-02-2009,L,KO/TKO,Anthony Johnson
Josh Neer,507.64,07-02-2009,W,SUB,Mac Danzig
Mac Danzig,498.8,07-02-2009,L,SUB,Josh Neer
Cain Velasquez,548.63,07-02-2009,W,KO/TKO,Denis Stojnic
Denis Stojnic,484.38,07-02-2009,L,KO/TKO,Cain Velasquez
Joe Lauzon,571.58,07-02-2009,W,SUB,Jeremy Stephens
Jeremy Stephens,496.79,07-02-2009,L,SUB,Joe Lauzon
Paul Kelly,516.4,21-02-2009,W,U-DEC,Troy Mandaloniz
Troy Mandaloniz,499.28,21-02-2009,L,U-DEC,Paul Kelly
Mike Ciesnolevicz,519.37,21-02-2009,W,SUB,Neil Grove
Neil Grove,480.63,21-02-2009,L,SUB,Mike Ciesnolevicz
Evan Dunham,515.85,21-02-2009,W,KO/TKO,Per Eklund
Per Eklund,486.34,21-02-2009,L,KO/TKO,Evan Dunham
Junior Dos Santos,532.55,21-02-2009,W,KO/TKO,Stefan Struve
Stefan Struve,484.3,21-02-2009,L,KO/TKO,Junior Dos Santos
Terry Etim,517.44,21-02-2009,W,KO/TKO,Brian Cobb
Brian Cobb,483.55,21-02-2009,L,KO/TKO,Terry Etim
Paulo Thiago,520.11,21-02-2009,W,KO/TKO,Josh Koscheck
Josh Koscheck,578.71,21-02-2009,L,KO/TKO,Paulo Thiago
Demian Maia,597.83,21-02-2009,W,SUB,Chael Sonnen
Chael Sonnen,463.6,21-02-2009,L,SUB,Demian Maia
Nate Marquardt,582.42,21-02-2009,W,KO/TKO,Wilson Gouveia
Wilson Gouveia,555.81,21-02-2009,L,KO/TKO,Nate Marquardt
Dan Hardy,533.12,21-02-2009,W,KO/TKO,Rory Markham
Rory Markham,499.29,21-02-2009,L,KO/TKO,Dan Hardy
Diego Sanchez,601.7,21-02-2009,W,U-DEC,Joe Stevenson
Joe Stevenson,533.59,21-02-2009,L,U-DEC,Diego Sanchez
Shane Nelson,530.86,07-03-2009,W,KO/TKO,Aaron Riley
Aaron Riley,471.2,07-03-2009,L,KO/TKO,Shane Nelson
Brandon Vera,546.05,07-03-2009,W,KO/TKO,Michael Patt
Michael Patt,470.7,07-03-2009,L,KO/TKO,Brandon Vera
Jason Brilz,531.6,07-03-2009,W,U-DEC,Tim Boetsch
Tim Boetsch,499.73,07-03-2009,L,U-DEC,Jason Brilz
Kendall Grove,545.24,07-03-2009,W,KO/TKO,Jason Day
Jason Day,486.93,07-03-2009,L,KO/TKO,Kendall Grove
Tamdan McCrory,511.93,07-03-2009,W,KO/TKO,Ryan Madigan
Ryan Madigan,484.07,07-03-2009,L,KO/TKO,Tamdan McCrory
Gray Maynard,572.66,07-03-2009,W,U-DEC,Jim Miller
Jim Miller,519.2,07-03-2009,L,U-DEC,Gray Maynard
Matt Hamill,559.41,07-03-2009,W,KO/TKO,Mark Munoz
Mark Munoz,485.63,07-03-2009,L,KO/TKO,Matt Hamill
Matt Brown,532.5,07-03-2009,W,KO/TKO,Pete Sell
Pete Sell,460.02,07-03-2009,L,KO/TKO,Matt Brown
Shane Carwin,551.29,07-03-2009,W,KO/TKO,Gabriel Gonzaga
Gabriel Gonzaga,547.06,07-03-2009,L,KO/TKO,Shane Carwin
Quinton Jackson,569.17,07-03-2009,W,U-DEC,Keith Jardine
Keith Jardine,531.88,07-03-2009,L,U-DEC,Quinton Jackson
Aaron Simpson,515.75,01-04-2009,W,KO/TKO,Tim McKenzie
Tim McKenzie,484.25,01-04-2009,L,KO/TKO,Aaron Simpson
Rob Kimmons,516.41,01-04-2009,W,SUB,Joe Vedepo
Joe Vedepo,464.4,01-04-2009,L,SUB,Rob Kimmons
Jorge Rivera,493.7,01-04-2009,W,S-DEC,Nissen Osterneck
Nissen Osterneck,483.2,01-04-2009,L,S-DEC,Jorge Rivera
Tim Credeur,552.49,01-04-2009,W,SUB,Nick Catone
Nick Catone,498.99,01-04-2009,L,SUB,Tim Credeur
Brock Larson,520.96,01-04-2009,W,SUB,Jesse Sanders
Jesse Sanders,479.75,01-04-2009,L,SUB,Brock Larson
Ricardo Almeida,504.78,01-04-2009,W,U-DEC,Matt Horwich
Matt Horwich,468.94,01-04-2009,L,U-DEC,Ricardo Almeida
Gleison Tibau,538.69,01-04-2009,W,U-DEC,Jeremy Stephens
Jeremy Stephens,481.55,01-04-2009,L,U-DEC,Gleison Tibau
Cole Miller,551.8,01-04-2009,W,SUB,Junie Browning
Junie Browning,499.54,01-04-2009,L,SUB,Cole Miller
Tyson Griffin,565.41,01-04-2009,W,U-DEC,Rafael Dos Anjos
Rafael Dos Anjos,471.51,01-04-2009,L,U-DEC,Tyson Griffin
Ryan Bader,530.42,01-04-2009,W,U-DEC,Carmelo Marrero
Carmelo Marrero,462.41,01-04-2009,L,U-DEC,Ryan Bader
Martin Kampmann,582.9,01-04-2009,W,S-DEC,Carlos Condit
Carlos Condit,486.77,01-04-2009,L,S-DEC,Martin Kampmann
Eliot Marshall,534.21,18-04-2009,W,U-DEC,Vinny Magalhaes
Vinny Magalhaes,469.41,18-04-2009,L,U-DEC,Eliot Marshall
TJ Grant,515.15,18-04-2009,W,S-DEC,Ryo Chonan
Ryo Chonan,471.68,18-04-2009,L,S-DEC,TJ Grant
Mark Bocek,520.83,18-04-2009,W,SUB,David Bielkheden
David Bielkheden,482.88,18-04-2009,L,SUB,Mark Bocek
Ed Herman,502.76,18-04-2009,W,U-DEC,David Loiseau
David Loiseau,500.31,18-04-2009,L,U-DEC,Ed Herman
Nate Quarry,552.88,18-04-2009,W,KO/TKO,Jason MacDonald
Jason MacDonald,508.44,18-04-2009,L,KO/TKO,Nate Quarry
Denis Kang,497.67,18-04-2009,W,U-DEC,Xavier Foupa-Pokam
Xavier Foupa-Pokam,483.39,18-04-2009,L,U-DEC,Denis Kang
Luiz Cane,534.89,18-04-2009,W,U-DEC,Steve Cantwell
Steve Cantwell,502.03,18-04-2009,L,U-DEC,Luiz Cane
Cheick Kongo,569.73,18-04-2009,W,KO/TKO,Antoni Hardonk
Antoni Hardonk,517.34,18-04-2009,L,KO/TKO,Cheick Kongo
Krzysztof Soszynski,538.24,18-04-2009,W,SUB,Brian Stann
Brian Stann,480.82,18-04-2009,L,SUB,Krzysztof Soszynski
Mauricio Rua,524.64,18-04-2009,W,KO/TKO,Chuck Liddell
Chuck Liddell,615.24,18-04-2009,L,KO/TKO,Mauricio Rua
Sam Stout,485.2,18-04-2009,W,U-DEC,Matt Wiman
Matt Wiman,518.49,18-04-2009,L,U-DEC,Sam Stout
Anderson Silva,663.52,18-04-2009,W,U-DEC,Thales Leites
Thales Leites,560.61,18-04-2009,L,U-DEC,Anderson Silva
George Roop,499.85,23-05-2009,W,S-DEC,David Kaplan
David Kaplan,465.34,23-05-2009,L,S-DEC,George Roop
Yoshiyuki Yoshida,525.54,23-05-2009,W,SUB,Brandon Wolff
Brandon Wolff,466.38,23-05-2009,L,SUB,Yoshiyuki Yoshida
Krzysztof Soszynski,552.83,23-05-2009,W,KO/TKO,Andre Gusmao
Andre Gusmao,469.66,23-05-2009,L,KO/TKO,Krzysztof Soszynski
Kyle Bradley,485.79,23-05-2009,W,KO/TKO,Phillipe Nover
Phillipe Nover,467.83,23-05-2009,L,KO/TKO,Kyle Bradley
Tim Hague,520.21,23-05-2009,W,SUB,Pat Barry
Pat Barry,494.88,23-05-2009,L,SUB,Tim Hague
Brock Larson,540.9,23-05-2009,W,SUB,Mike Pyle
Mike Pyle,480.06,23-05-2009,L,SUB,Brock Larson
Frankie Edgar,564.64,23-05-2009,W,U-DEC,Sean Sherk
Sean Sherk,549.28,23-05-2009,L,U-DEC,Frankie Edgar
Chael Sonnen,483.4,23-05-2009,W,U-DEC,Dan Miller
Dan Miller,535.15,23-05-2009,L,U-DEC,Chael Sonnen
Drew McFedries,485.19,23-05-2009,W,KO/TKO,Xavier Foupa-Pokam
Xavier Foupa-Pokam,466.98,23-05-2009,L,KO/TKO,Drew McFedries
Matt Hughes,628.55,23-05-2009,W,U-DEC,Matt Serra
Matt Serra,515.28,23-05-2009,L,U-DEC,Matt Hughes
Lyoto Machida,630.28,23-05-2009,W,KO/TKO,Rashad Evans
Rashad Evans,622.92,23-05-2009,L,KO/TKO,Lyoto Machida
John Hathaway,531.5,13-06-2009,W,U-DEC,Rick Story
Rick Story,484.25,13-06-2009,L,U-DEC,John Hathaway
Stefan Struve,503.36,13-06-2009,W,SUB,Denis Stojnic
Denis Stojnic,465.32,13-06-2009,L,SUB,Stefan Struve
Paul Kelly,533.03,13-06-2009,W,U-DEC,Rolando Delgado
Rolando Delgado,502.43,13-06-2009,L,U-DEC,Paul Kelly
Paul Taylor,497.02,13-06-2009,W,U-DEC,Peter Sobotta
Peter Sobotta,483.36,13-06-2009,L,U-DEC,Paul Taylor
Dennis Siver,502.21,13-06-2009,W,SUB,Dale Hartt
Dale Hartt,475.76,13-06-2009,L,SUB,Dennis Siver
Terry Etim,537.32,13-06-2009,W,SUB,Justin Buchholz
Justin Buchholz,480.97,13-06-2009,L,SUB,Terry Etim
Dan Hardy,553.93,13-06-2009,W,S-DEC,Marcus Davis
Marcus Davis,585.12,13-06-2009,L,S-DEC,Dan Hardy
Spencer Fisher,573.51,13-06-2009,W,U-DEC,Caol Uno
Caol Uno,489.06,13-06-2009,L,U-DEC,Spencer Fisher
Mike Swick,626.82,13-06-2009,W,KO/TKO,Ben Saunders
Ben Saunders,535.5,13-06-2009,L,KO/TKO,Mike Swick
Mirko Filipovic,500.76,13-06-2009,W,KO/TKO,Mostapha Al-Turk
Mostapha Al-Turk,469.57,13-06-2009,L,KO/TKO,Mirko Filipovic
Cain Velasquez,567.72,13-06-2009,W,U-DEC,Cheick Kongo
Cheick Kongo,550.64,13-06-2009,L,U-DEC,Cain Velasquez
Rich Franklin,622.44,13-06-2009,W,U-DEC,Wanderlei Silva
Wanderlei Silva,473.39,13-06-2009,L,U-DEC,Rich Franklin
Jason Dent,489.62,20-06-2009,W,SUB,Cameron Dollar
Cameron Dollar,478.88,20-06-2009,L,SUB,Jason Dent
Nick Osipczak,519.37,20-06-2009,W,SUB,Frank Lester
Frank Lester,480.63,20-06-2009,L,SUB,Nick Osipczak
Tomasz Drwal,518.09,20-06-2009,W,KO/TKO,Mike Ciesnolevicz
Mike Ciesnolevicz,501.98,20-06-2009,L,KO/TKO,Tomasz Drwal
Brad Blackburn,547.31,20-06-2009,W,S-DEC,Edgar Garcia
Edgar Garcia,484.32,20-06-2009,L,S-DEC,Brad Blackburn
Melvin Guillard,518.31,20-06-2009,W,S-DEC,Gleison Tibau
Gleison Tibau,520.36,20-06-2009,L,S-DEC,Melvin Guillard
Joe Stevenson,551.01,20-06-2009,W,U-DEC,Nate Diaz
Nate Diaz,553.25,20-06-2009,L,U-DEC,Joe Stevenson
Ross Pearson,515.75,20-06-2009,W,U-DEC,Andre Winner
Andre Winner,484.25,20-06-2009,L,U-DEC,Ross Pearson
Chris Lytle,491.02,20-06-2009,W,U-DEC,Kevin Burns
Kevin Burns,500.27,20-06-2009,L,U-DEC,Chris Lytle
James Wilks,519.37,20-06-2009,W,SUB,DaMarques Johnson
DaMarques Johnson,480.63,20-06-2009,L,SUB,James Wilks
Diego Sanchez,616.53,20-06-2009,W,S-DEC,Clay Guida
Clay Guida,525.0,20-06-2009,L,S-DEC,Diego Sanchez
Shannon Gugerty,519.18,11-07-2009,W,SUB,Matt Grice
Matt Grice,462.55,11-07-2009,L,SUB,Shannon Gugerty
Tom Lawlor,536.2,11-07-2009,W,SUB,CB Dollaway
CB Dollaway,498.02,11-07-2009,L,SUB,Tom Lawlor
Dong Hyun Kim,564.0,11-07-2009,W,U-DEC,TJ Grant
TJ Grant,499.55,11-07-2009,L,U-DEC,Dong Hyun Kim
Jon Jones,554.15,11-07-2009,W,SUB,Jake O'Brien
Jake O'Brien,509.1,11-07-2009,L,SUB,Jon Jones
Jim Miller,534.03,11-07-2009,W,U-DEC,Mac Danzig
Mac Danzig,483.97,11-07-2009,L,U-DEC,Jim Miller
Mark Coleman,552.53,11-07-2009,W,U-DEC,Stephan Bonnar
Stephan Bonnar,509.2,11-07-2009,L,U-DEC,Mark Coleman
Yoshihiro Akiyama,517.41,11-07-2009,W,S-DEC,Alan Belcher
Alan Belcher,519.35,11-07-2009,L,S-DEC,Yoshihiro Akiyama
Dan Henderson,556.14,11-07-2009,W,KO/TKO,Michael Bisping
Michael Bisping,570.34,11-07-2009,L,KO/TKO,Dan Henderson
Georges St-Pierre,690.8,11-07-2009,W,U-DEC,Thiago Alves
Thiago Alves,607.29,11-07-2009,L,U-DEC,Georges St-Pierre
Brock Lesnar,544.37,11-07-2009,W,KO/TKO,Frank Mir
Frank Mir,587.58,11-07-2009,L,KO/TKO,Brock Lesnar
Jon Fitch,642.85,11-07-2009,W,U-DEC,Paulo Thiago
Paulo Thiago,508.72,11-07-2009,L,U-DEC,Jon Fitch
Jesse Lennox,515.75,08-08-2009,W,KO/TKO,Danillo Villefort
Danillo Villefort,484.25,08-08-2009,L,KO/TKO,Jesse Lennox
George Sotiropoulos,554.59,08-08-2009,W,SUB,George Roop
George Roop,481.13,08-08-2009,L,SUB,George Sotiropoulos
Matthew Riddle,548.09,08-08-2009,W,U-DEC,Dan Cramer
Dan Cramer,499.4,08-08-2009,L,U-DEC,Matthew Riddle
Alessio Sakara,507.92,08-08-2009,W,S-DEC,Thales Leites
Thales Leites,540.71,08-08-2009,L,S-DEC,Alessio Sakara
John Howard,532.18,08-08-2009,W,S-DEC,Tamdan McCrory
Tamdan McCrory,495.62,08-08-2009,L,S-DEC,John Howard
Kurt Pellegrino,554.76,08-08-2009,W,U-DEC,Josh Neer
Josh Neer,491.95,08-08-2009,L,U-DEC,Kurt Pellegrino
Ricardo Almeida,523.19,08-08-2009,W,U-DEC,Kendall Grove
Kendall Grove,526.83,08-08-2009,L,U-DEC,Ricardo Almeida
Johny Hendricks,516.63,08-08-2009,W,KO/TKO,Amir Sadollah
Amir Sadollah,502.74,08-08-2009,L,KO/TKO,Johny Hendricks
Aaron Riley,489.63,08-08-2009,W,U-DEC,Shane Nelson
Shane Nelson,512.43,08-08-2009,L,U-DEC,Aaron Riley
Anderson Silva,679.64,08-08-2009,W,KO/TKO,Forrest Griffin
Forrest Griffin,546.03,08-08-2009,L,KO/TKO,Anderson Silva
BJ Penn,610.78,08-08-2009,W,SUB,Kenny Florian
Kenny Florian,613.51,08-08-2009,L,SUB,BJ Penn
Evan Dunham,531.05,29-08-2009,W,S-DEC,Marcus Aurelio
Marcus Aurelio,473.2,29-08-2009,L,S-DEC,Evan Dunham
Mark Munoz,501.99,29-08-2009,W,S-DEC,Nick Catone
Nick Catone,482.63,29-08-2009,L,S-DEC,Mark Munoz
Todd Duffee,516.67,29-08-2009,W,KO/TKO,Tim Hague
Tim Hague,503.54,29-08-2009,L,KO/TKO,Todd Duffee
Mike Russow,516.41,29-08-2009,W,U-DEC,Justin McCully
Justin McCully,498.05,29-08-2009,L,U-DEC,Mike Russow
Gabriel Gonzaga,560.69,29-08-2009,W,KO/TKO,Chris Tuchscherer
Chris Tuchscherer,486.37,29-08-2009,L,KO/TKO,Gabriel Gonzaga
Aaron Simpson,531.63,29-08-2009,W,KO/TKO,Ed Herman
Ed Herman,486.88,29-08-2009,L,KO/TKO,Aaron Simpson
Brandon Vera,562.87,29-08-2009,W,U-DEC,Krzysztof Soszynski
Krzysztof Soszynski,536.01,29-08-2009,L,U-DEC,Brandon Vera
Nate Marquardt,600.43,29-08-2009,W,KO/TKO,Demian Maia
Demian Maia,579.82,29-08-2009,L,KO/TKO,Nate Marquardt
Jake Rosholt,503.07,29-08-2009,W,SUB,Chris Leben
Chris Leben,521.84,29-08-2009,L,SUB,Jake Rosholt
Thiago Silva,561.22,29-08-2009,W,KO/TKO,Keith Jardine
Keith Jardine,516.77,29-08-2009,L,KO/TKO,Thiago Silva
Antonio Rodrigo Nogueira,544.36,29-08-2009,W,U-DEC,Randy Couture
Randy Couture,583.43,29-08-2009,L,U-DEC,Antonio Rodrigo Nogueira
Ryan Jensen,469.35,16-09-2009,W,SUB,Steve Steinbeiss
Steve Steinbeiss,477.7,16-09-2009,L,SUB,Ryan Jensen
Mike Pierce,517.6,16-09-2009,W,U-DEC,Brock Larson
Brock Larson,523.3,16-09-2009,L,U-DEC,Mike Pierce
Jeremy Stephens,497.27,16-09-2009,W,KO/TKO,Justin Buchholz
Justin Buchholz,465.25,16-09-2009,L,KO/TKO,Jeremy Stephens
CB Dollaway,513.86,16-09-2009,W,U-DEC,Jay Silva
Jay Silva,484.16,16-09-2009,L,U-DEC,CB Dollaway
Mike Pyle,499.16,16-09-2009,W,SUB,Chris Wilson
Chris Wilson,467.65,16-09-2009,L,SUB,Mike Pyle
Brian Stann,497.53,16-09-2009,W,U-DEC,Steve Cantwell
Steve Cantwell,485.32,16-09-2009,L,U-DEC,Brian Stann
Nate Quarry,569.36,16-09-2009,W,U-DEC,Tim Credeur
Tim Credeur,536.01,16-09-2009,L,U-DEC,Nate Quarry
Carlos Condit,503.12,16-09-2009,W,S-DEC,Jake Ellenberger
Jake Ellenberger,483.65,16-09-2009,L,S-DEC,Carlos Condit
Gray Maynard,592.43,16-09-2009,W,S-DEC,Roger Huerta
Roger Huerta,557.76,16-09-2009,L,S-DEC,Gray Maynard
Nate Diaz,570.4,16-09-2009,W,SUB,Melvin Guillard
Melvin Guillard,501.16,16-09-2009,L,SUB,Nate Diaz
Rafael Dos Anjos,489.59,19-09-2009,W,U-DEC,Rob Emerson
Rob Emerson,505.17,19-09-2009,L,U-DEC,Rafael Dos Anjos
Vladimir Matyushenko,531.08,19-09-2009,W,U-DEC,Igor Pokrajac
Igor Pokrajac,484.98,19-09-2009,L,U-DEC,Vladimir Matyushenko
Eliot Marshall,551.33,19-09-2009,W,S-DEC,Jason Brilz
Jason Brilz,514.48,19-09-2009,L,S-DEC,Eliot Marshall
Rick Story,504.17,19-09-2009,W,SUB,Brian Foster
Brian Foster,480.08,19-09-2009,L,SUB,Rick Story
Nik Lentz,515.75,19-09-2009,W,U-DEC,Rafaello Oliveira
Rafaello Oliveira,484.25,19-09-2009,L,U-DEC,Nik Lentz
Jim Miller,548.92,19-09-2009,W,KO/TKO,Steve Lopez
Steve Lopez,485.11,19-09-2009,L,KO/TKO,Jim Miller
Tomasz Drwal,536.99,19-09-2009,W,SUB,Drew McFedries
Drew McFedries,466.29,19-09-2009,L,SUB,Tomasz Drwal
Efrain Escudero,533.96,19-09-2009,W,KO/TKO,Cole Miller
Cole Miller,533.59,19-09-2009,L,KO/TKO,Efrain Escudero
Tyson Griffin,580.45,19-09-2009,W,KO/TKO,Hermes Franca
Hermes Franca,519.65,19-09-2009,L,KO/TKO,Tyson Griffin
Josh Koscheck,590.17,19-09-2009,W,KO/TKO,Frank Trigg
Frank Trigg,470.2,19-09-2009,L,KO/TKO,Josh Koscheck
Paul Daley,519.44,19-09-2009,W,KO/TKO,Martin Kampmann
Martin Kampmann,563.46,19-09-2009,L,KO/TKO,Paul Daley
Junior Dos Santos,548.23,19-09-2009,W,KO/TKO,Mirko Filipovic
Mirko Filipovic,485.08,19-09-2009,L,KO/TKO,Junior Dos Santos
Vitor Belfort,568.32,19-09-2009,W,KO/TKO,Rich Franklin
Rich Franklin,603.42,19-09-2009,L,KO/TKO,Vitor Belfort
Stefan Struve,523.46,24-10-2009,W,SUB,Chase Gormley
Chase Gormley,479.9,24-10-2009,L,SUB,Stefan Struve
Kyle Kingsbury,499.84,24-10-2009,W,S-DEC,Razak Al-Hassan
Razak Al-Hassan,465.04,24-10-2009,L,S-DEC,Kyle Kingsbury
Jorge Rivera,511.28,24-10-2009,W,KO/TKO,Rob Kimmons
Rob Kimmons,498.83,24-10-2009,L,KO/TKO,Jorge Rivera
Chael Sonnen,505.39,24-10-2009,W,U-DEC,Yushin Okami
Yushin Okami,581.67,24-10-2009,L,U-DEC,Chael Sonnen
Pat Barry,511.65,24-10-2009,W,KO/TKO,Antoni Hardonk
Antoni Hardonk,500.57,24-10-2009,L,KO/TKO,Pat Barry
Ryan Bader,547.29,24-10-2009,W,U-DEC,Eric Schafer
Eric Schafer,505.91,24-10-2009,L,U-DEC,Ryan Bader
Anthony Johnson,543.5,24-10-2009,W,KO/TKO,Yoshiyuki Yoshida
Yoshiyuki Yoshida,508.33,24-10-2009,L,KO/TKO,Anthony Johnson
Joe Stevenson,568.58,24-10-2009,W,KO/TKO,Spencer Fisher
Spencer Fisher,555.94,24-10-2009,L,KO/TKO,Joe Stevenson
Gleison Tibau,534.82,24-10-2009,W,U-DEC,Josh Neer
Josh Neer,477.49,24-10-2009,L,U-DEC,Gleison Tibau
Cain Velasquez,582.86,24-10-2009,W,KO/TKO,Ben Rothwell
Ben Rothwell,484.86,24-10-2009,L,KO/TKO,Cain Velasquez
Lyoto Machida,645.08,24-10-2009,W,U-DEC,Mauricio Rua
Mauricio Rua,509.84,24-10-2009,L,U-DEC,Lyoto Machida
Andre Winner,500.82,14-11-2009,W,KO/TKO,Rolando Delgado
Rolando Delgado,485.86,14-11-2009,L,KO/TKO,Andre Winner
Alexander Gustafsson,515.75,14-11-2009,W,KO/TKO,Jared Hamman
Jared Hamman,484.25,14-11-2009,L,KO/TKO,Alexander Gustafsson
Dennis Siver,520.99,14-11-2009,W,KO/TKO,Paul Kelly
Paul Kelly,514.25,14-11-2009,L,KO/TKO,Dennis Siver
Nick Osipczak,537.23,14-11-2009,W,KO/TKO,Matthew Riddle
Matthew Riddle,530.23,14-11-2009,L,KO/TKO,Nick Osipczak
Terry Etim,557.96,14-11-2009,W,SUB,Shannon Gugerty
Shannon Gugerty,498.54,14-11-2009,L,SUB,Terry Etim
John Hathaway,547.04,14-11-2009,W,U-DEC,Paul Taylor
Paul Taylor,481.48,14-11-2009,L,U-DEC,John Hathaway
Ross Pearson,531.01,14-11-2009,W,KO/TKO,Aaron Riley
Aaron Riley,474.37,14-11-2009,L,KO/TKO,Ross Pearson
Matt Brown,549.1,14-11-2009,W,KO/TKO,James Wilks
James Wilks,502.77,14-11-2009,L,KO/TKO,Matt Brown
Michael Bisping,582.84,14-11-2009,W,KO/TKO,Denis Kang
Denis Kang,485.17,14-11-2009,L,KO/TKO,Michael Bisping
Dan Hardy,575.65,14-11-2009,W,U-DEC,Mike Swick
Mike Swick,605.1,14-11-2009,L,U-DEC,Dan Hardy
Randy Couture,598.25,14-11-2009,W,U-DEC,Brandon Vera
Brandon Vera,548.05,14-11-2009,L,U-DEC,Randy Couture
George Sotiropoulos,572.34,21-11-2009,W,SUB,Jason Dent
Jason Dent,471.87,21-11-2009,L,SUB,George Sotiropoulos
Caol Uno,489.53,21-11-2009,L,M-DEC,Fabricio Camoes
Fabricio Camoes,499.53,21-11-2009,W,M-DEC,Caol Uno
Brian Foster,497.78,21-11-2009,W,KO/TKO,Brock Larson
Brock Larson,505.6,21-11-2009,L,KO/TKO,Brian Foster
Kendall Grove,544.88,21-11-2009,W,SUB,Jake Rosholt
Jake Rosholt,485.02,21-11-2009,L,SUB,Kendall Grove
Ben Saunders,553.48,21-11-2009,W,KO/TKO,Marcus Davis
Marcus Davis,567.14,21-11-2009,L,KO/TKO,Ben Saunders
Amir Sadollah,517.04,21-11-2009,W,U-DEC,Phil Baroni
Phil Baroni,456.34,21-11-2009,L,U-DEC,Amir Sadollah
Rogerio Nogueira,517.33,21-11-2009,W,KO/TKO,Luiz Cane
Luiz Cane,517.56,21-11-2009,L,KO/TKO,Rogerio Nogueira
Paulo Thiago,524.07,21-11-2009,W,U-DEC,Jacob Volkmann
Jacob Volkmann,484.65,21-11-2009,L,U-DEC,Paulo Thiago
Josh Koscheck,607.47,21-11-2009,W,SUB,Anthony Johnson
Anthony Johnson,526.2,21-11-2009,L,SUB,Josh Koscheck
Forrest Griffin,564.67,21-11-2009,W,S-DEC,Tito Ortiz
Tito Ortiz,591.88,21-11-2009,L,S-DEC,Forrest Griffin
Mark Bocek,540.78,05-12-2009,W,SUB,Joe Brammer
Joe Brammer,480.05,05-12-2009,L,SUB,Mark Bocek
John Howard,546.45,05-12-2009,W,KO/TKO,Dennis Hallman
Dennis Hallman,457.38,05-12-2009,L,KO/TKO,John Howard
Brian Stann,514.15,05-12-2009,W,U-DEC,Rodney Wallace
Rodney Wallace,483.38,05-12-2009,L,U-DEC,Brian Stann
Jon Madsen,515.75,05-12-2009,W,S-DEC,Justin Wren
Justin Wren,484.25,05-12-2009,L,S-DEC,Jon Madsen
James McSweeney,515.75,05-12-2009,W,KO/TKO,Darrill Schoonover
Darrill Schoonover,484.25,05-12-2009,L,KO/TKO,James McSweeney
Matt Mitrione,515.75,05-12-2009,W,KO/TKO,Marcus Jones
Marcus Jones,484.25,05-12-2009,L,KO/TKO,Matt Mitrione
Frankie Edgar,582.59,05-12-2009,W,SUB,Matt Veach
Matt Veach,497.64,05-12-2009,L,SUB,Frankie Edgar
Kevin Ferguson,514.76,05-12-2009,W,U-DEC,Houston Alexander
Houston Alexander,463.3,05-12-2009,L,U-DEC,Kevin Ferguson
Matt Hamill,576.4,05-12-2009,W,DQ,Jon Jones
Jon Jones,537.16,05-12-2009,L,DQ,Matt Hamill
Roy Nelson,515.75,05-12-2009,W,KO/TKO,Brendan Schaub
Brendan Schaub,484.25,05-12-2009,L,KO/TKO,Roy Nelson
TJ Grant,515.33,12-12-2009,W,KO/TKO,Kevin Burns
Kevin Burns,484.49,12-12-2009,L,KO/TKO,TJ Grant
DaMarques Johnson,500.21,12-12-2009,W,SUB,Edgar Garcia
Edgar Garcia,464.74,12-12-2009,L,SUB,DaMarques Johnson
Rousimar Palhares,537.73,12-12-2009,W,SUB,Lucio Linhares
Lucio Linhares,481.12,12-12-2009,L,SUB,Rousimar Palhares
Johny Hendricks,532.34,12-12-2009,W,U-DEC,Ricardo Funch
Ricardo Funch,484.29,12-12-2009,L,U-DEC,Johny Hendricks
Matt Wiman,533.97,12-12-2009,W,U-DEC,Shane Nelson
Shane Nelson,496.95,12-12-2009,L,U-DEC,Matt Wiman
Alan Belcher,536.75,12-12-2009,W,KO/TKO,Wilson Gouveia
Wilson Gouveia,538.41,12-12-2009,L,KO/TKO,Alan Belcher
Stefan Struve,541.21,12-12-2009,W,M-DEC,Paul Buentello
Paul Buentello,515.83,12-12-2009,L,M-DEC,Stefan Struve
Kenny Florian,627.81,12-12-2009,W,SUB,Clay Guida
Clay Guida,510.7,12-12-2009,L,SUB,Kenny Florian
Jon Fitch,654.14,12-12-2009,W,U-DEC,Mike Pierce
Mike Pierce,506.31,12-12-2009,L,U-DEC,Jon Fitch
Frank Mir,604.9,12-12-2009,W,SUB,Cheick Kongo
Cheick Kongo,533.32,12-12-2009,L,SUB,Frank Mir
BJ Penn,627.55,12-12-2009,W,KO/TKO,Diego Sanchez
Diego Sanchez,599.76,12-12-2009,L,KO/TKO,BJ Penn
Rafaello Oliveira,500.71,02-01-2010,W,U-DEC,John Gunderson
John Gunderson,483.54,02-01-2010,L,U-DEC,Rafaello Oliveira
Jake Ellenberger,500.1,02-01-2010,W,KO/TKO,Mike Pyle
Mike Pyle,482.71,02-01-2010,L,KO/TKO,Jake Ellenberger
Mark Munoz,516.94,02-01-2010,W,KO/TKO,Ryan Jensen
Ryan Jensen,454.4,02-01-2010,L,KO/TKO,Mark Munoz
Cole Miller,550.27,02-01-2010,W,SUB,Dan Lauzon
Dan Lauzon,468.32,02-01-2010,L,SUB,Cole Miller
Martin Kampmann,578.51,02-01-2010,W,SUB,Jacob Volkmann
Jacob Volkmann,469.6,02-01-2010,L,SUB,Martin Kampmann
Junior Dos Santos,563.75,02-01-2010,W,KO/TKO,Gilbert Yvel
Gilbert Yvel,484.48,02-01-2010,L,KO/TKO,Junior Dos Santos
Jim Miller,569.17,02-01-2010,W,SUB,Duane Ludwig
Duane Ludwig,512.79,02-01-2010,L,SUB,Jim Miller
Sam Stout,505.72,02-01-2010,W,U-DEC,Joe Lauzon
Joe Lauzon,551.06,02-01-2010,L,U-DEC,Sam Stout
Paul Daley,537.98,02-01-2010,W,KO/TKO,Dustin Hazelett
Dustin Hazelett,544.17,02-01-2010,L,KO/TKO,Paul Daley
Rashad Evans,635.9,02-01-2010,W,U-DEC,Thiago Silva
Thiago Silva,548.24,02-01-2010,L,U-DEC,Rashad Evans
Nick Catone,498.45,11-01-2010,W,S-DEC,Jesse Forbes
Jesse Forbes,468.43,11-01-2010,L,S-DEC,Nick Catone
Gerald Harris,515.75,11-01-2010,W,KO/TKO,John Salter
John Salter,484.25,11-01-2010,L,KO/TKO,Gerald Harris
Rafael Dos Anjos,505.91,11-01-2010,W,U-DEC,Kyle Bradley
Kyle Bradley,469.47,11-01-2010,L,U-DEC,Rafael Dos Anjos
Rory MacDonald,519.37,11-01-2010,W,SUB,Mike Guymon
Mike Guymon,480.63,11-01-2010,L,SUB,Rory MacDonald
Thiago Tavares,513.87,11-01-2010,L,M-DEC,Nik Lentz
Nik Lentz,515.66,11-01-2010,W,M-DEC,Thiago Tavares
Rick Story,521.22,11-01-2010,W,S-DEC,Jesse Lennox
Jesse Lennox,498.7,11-01-2010,L,S-DEC,Rick Story
Chris Leben,535.89,11-01-2010,W,U-DEC,Jay Silva
Jay Silva,470.11,11-01-2010,L,U-DEC,Chris Leben
Amir Sadollah,534.97,11-01-2010,W,U-DEC,Brad Blackburn
Brad Blackburn,529.38,11-01-2010,L,U-DEC,Amir Sadollah
Aaron Simpson,549.11,11-01-2010,W,S-DEC,Tom Lawlor
Tom Lawlor,518.72,11-01-2010,L,S-DEC,Aaron Simpson
Evan Dunham,551.75,11-01-2010,W,SUB,Efrain Escudero
Efrain Escudero,513.26,11-01-2010,L,SUB,Evan Dunham
Gray Maynard,611.4,11-01-2010,W,S-DEC,Nate Diaz
Nate Diaz,551.43,11-01-2010,L,S-DEC,Gray Maynard
Joey Beltran,515.75,06-02-2010,W,KO/TKO,Rolles Gracie
Rolles Gracie,484.25,06-02-2010,L,KO/TKO,Joey Beltran
Chris Tuchscherer,502.9,06-02-2010,W,M-DEC,Tim Hague
Tim Hague,487.01,06-02-2010,L,M-DEC,Chris Tuchscherer
Phil Davis,516.39,06-02-2010,W,U-DEC,Brian Stann
Brian Stann,497.76,06-02-2010,L,U-DEC,Phil Davis
Rob Emerson,519.23,06-02-2010,W,U-DEC,Phillipe Nover
Phillipe Nover,453.77,06-02-2010,L,U-DEC,Rob Emerson
Melvin Guillard,516.86,06-02-2010,W,U-DEC,Ronys Torres
Ronys Torres,484.3,06-02-2010,L,U-DEC,Melvin Guillard
Mac Danzig,498.87,06-02-2010,W,U-DEC,Justin Buchholz
Justin Buchholz,450.35,06-02-2010,L,U-DEC,Mac Danzig
Matt Serra,529.0,06-02-2010,W,KO/TKO,Frank Trigg
Frank Trigg,456.48,06-02-2010,L,KO/TKO,Matt Serra
Demian Maia,593.56,06-02-2010,W,U-DEC,Dan Miller
Dan Miller,521.41,06-02-2010,L,U-DEC,Demian Maia
Paulo Thiago,548.61,06-02-2010,W,SUB,Mike Swick
Mike Swick,580.56,06-02-2010,L,SUB,Paulo Thiago
Chael Sonnen,527.24,06-02-2010,W,U-DEC,Nate Marquardt
Nate Marquardt,578.58,06-02-2010,L,U-DEC,Chael Sonnen
Randy Couture,615.6,06-02-2010,W,SUB,Mark Coleman
Mark Coleman,535.18,06-02-2010,L,SUB,Randy Couture
James Te Huna,515.07,20-02-2010,W,KO/TKO,Igor Pokrajac
Igor Pokrajac,469.91,20-02-2010,L,KO/TKO,James Te Huna
CB Dollaway,530.58,20-02-2010,W,U-DEC,Goran Reljic
Goran Reljic,501.76,20-02-2010,L,U-DEC,CB Dollaway
Chris Lytle,511.71,20-02-2010,W,SUB,Brian Foster
Brian Foster,477.09,20-02-2010,L,SUB,Chris Lytle
Krzysztof Soszynski,550.55,20-02-2010,W,KO/TKO,Stephan Bonnar
Stephan Bonnar,494.66,20-02-2010,L,KO/TKO,Krzysztof Soszynski
Mirko Filipovic,500.06,20-02-2010,W,KO/TKO,Anthony Perosh
Anthony Perosh,453.14,20-02-2010,L,KO/TKO,Mirko Filipovic
Ryan Bader,563.71,20-02-2010,W,KO/TKO,Keith Jardine
Keith Jardine,500.35,20-02-2010,L,KO/TKO,Ryan Bader
George Sotiropoulos,590.89,20-02-2010,W,U-DEC,Joe Stevenson
Joe Stevenson,550.03,20-02-2010,L,U-DEC,George Sotiropoulos
Wanderlei Silva,493.94,20-02-2010,W,U-DEC,Michael Bisping
Michael Bisping,562.29,20-02-2010,L,U-DEC,Wanderlei Silva
Cain Velasquez,600.21,20-02-2010,W,KO/TKO,Antonio Rodrigo Nogueira
Antonio Rodrigo Nogueira,527.01,20-02-2010,L,KO/TKO,Cain Velasquez
Jason Brilz,529.84,21-03-2010,W,U-DEC,Eric Schafer
Eric Schafer,490.55,21-03-2010,L,U-DEC,Jason Brilz
Mike Pierce,521.77,21-03-2010,W,U-DEC,Julio Paulino
Julio Paulino,484.54,21-03-2010,L,U-DEC,Mike Pierce
Brendan Schaub,499.8,21-03-2010,W,KO/TKO,Chase Gormley
Chase Gormley,464.35,21-03-2010,L,KO/TKO,Brendan Schaub
John Howard,562.06,21-03-2010,W,KO/TKO,Daniel Roberts
Daniel Roberts,484.39,21-03-2010,L,KO/TKO,John Howard
Darren Elkins,516.33,21-03-2010,W,KO/TKO,Duane Ludwig
Duane Ludwig,496.46,21-03-2010,L,KO/TKO,Darren Elkins
Vladimir Matyushenko,548.54,21-03-2010,W,S-DEC,Eliot Marshall
Eliot Marshall,533.87,21-03-2010,L,S-DEC,Vladimir Matyushenko
Clay Guida,529.09,21-03-2010,W,SUB,Shannon Gugerty
Shannon Gugerty,480.15,21-03-2010,L,SUB,Clay Guida
Alessio Sakara,524.82,21-03-2010,W,KO/TKO,James Irvin
James Irvin,483.95,21-03-2010,L,KO/TKO,Alessio Sakara
Cheick Kongo,548.28,21-03-2010,W,KO/TKO,Paul Buentello
Paul Buentello,500.87,21-03-2010,L,KO/TKO,Cheick Kongo
Junior Dos Santos,582.33,21-03-2010,W,KO/TKO,Gabriel Gonzaga
Gabriel Gonzaga,542.11,21-03-2010,L,KO/TKO,Junior Dos Santos
Jon Jones,553.4,21-03-2010,W,KO/TKO,Brandon Vera
Brandon Vera,531.81,21-03-2010,L,KO/TKO,Jon Jones
Matthew Riddle,544.61,27-03-2010,W,DQ,Greg Soto
Greg Soto,485.62,27-03-2010,L,DQ,Matthew Riddle
Jared Hamman,499.96,27-03-2010,W,U-DEC,Rodney Wallace
Rodney Wallace,467.67,27-03-2010,L,U-DEC,Jared Hamman
Rousimar Palhares,558.9,27-03-2010,W,SUB,Tomasz Drwal
Tomasz Drwal,515.82,27-03-2010,L,SUB,Rousimar Palhares
Ricardo Almeida,545.62,27-03-2010,W,SUB,Matt Brown
Matt Brown,526.67,27-03-2010,L,SUB,Ricardo Almeida
Nate Diaz,564.83,27-03-2010,W,KO/TKO,Rory Markham
Rory Markham,485.89,27-03-2010,L,KO/TKO,Nate Diaz
Jim Miller,585.7,27-03-2010,W,U-DEC,Mark Bocek
Mark Bocek,524.25,27-03-2010,L,U-DEC,Jim Miller
Jon Fitch,667.07,27-03-2010,W,U-DEC,Ben Saunders
Ben Saunders,540.55,27-03-2010,L,U-DEC,Jon Fitch
Kurt Pellegrino,573.11,27-03-2010,W,SUB,Fabricio Camoes
Fabricio Camoes,481.18,27-03-2010,L,SUB,Kurt Pellegrino
Shane Carwin,572.05,27-03-2010,W,KO/TKO,Frank Mir
Frank Mir,584.14,27-03-2010,L,KO/TKO,Shane Carwin
Georges St-Pierre,704.57,27-03-2010,W,U-DEC,Dan Hardy
Dan Hardy,561.88,27-03-2010,L,U-DEC,Georges St-Pierre
Charlie Brenneman,515.75,31-03-2010,W,U-DEC,Jason High
Jason High,484.25,31-03-2010,L,U-DEC,Charlie Brenneman
Gerald Harris,531.5,31-03-2010,W,KO/TKO,Mario Miranda
Mario Miranda,484.25,31-03-2010,L,KO/TKO,Gerald Harris
Yushin Okami,592.98,31-03-2010,W,KO/TKO,Lucio Linhares
Lucio Linhares,469.81,31-03-2010,L,KO/TKO,Yushin Okami
Gleison Tibau,549.18,31-03-2010,W,KO/TKO,Caol Uno
Caol Uno,475.17,31-03-2010,L,KO/TKO,Gleison Tibau
Nik Lentz,532.33,31-03-2010,W,U-DEC,Rob Emerson
Rob Emerson,502.56,31-03-2010,L,U-DEC,Nik Lentz
Jacob Volkmann,486.02,31-03-2010,W,S-DEC,Ronys Torres
Ronys Torres,467.88,31-03-2010,L,S-DEC,Jacob Volkmann
Andre Winner,517.31,31-03-2010,W,U-DEC,Rafaello Oliveira
Rafaello Oliveira,484.22,31-03-2010,L,U-DEC,Andre Winner
Ross Pearson,547.76,31-03-2010,W,U-DEC,Dennis Siver
Dennis Siver,504.24,31-03-2010,L,U-DEC,Ross Pearson
Jorge Rivera,531.39,31-03-2010,W,KO/TKO,Nate Quarry
Nate Quarry,549.25,31-03-2010,L,KO/TKO,Jorge Rivera
Roy Nelson,533.46,31-03-2010,W,KO/TKO,Stefan Struve
Stefan Struve,523.5,31-03-2010,L,KO/TKO,Roy Nelson
Kenny Florian,640.53,31-03-2010,W,SUB,Takanori Gomi
Takanori Gomi,487.28,31-03-2010,L,SUB,Kenny Florian
Jon Madsen,530.07,10-04-2010,W,U-DEC,Mostapha Al-Turk
Mostapha Al-Turk,455.25,10-04-2010,L,U-DEC,Jon Madsen
Paul Kelly,532.4,10-04-2010,W,SUB,Matt Veach
Matt Veach,479.49,10-04-2010,L,SUB,Paul Kelly
DaMarques Johnson,518.09,10-04-2010,W,KO/TKO,Brad Blackburn
Brad Blackburn,511.5,10-04-2010,L,KO/TKO,DaMarques Johnson
Rick Story,539.26,10-04-2010,W,S-DEC,Nick Osipczak
Nick Osipczak,519.19,10-04-2010,L,S-DEC,Rick Story
Phil Davis,536.65,10-04-2010,W,SUB,Alexander Gustafsson
Alexander Gustafsson,495.49,10-04-2010,L,SUB,Phil Davis
Mark Munoz,535.57,10-04-2010,W,KO/TKO,Kendall Grove
Kendall Grove,526.25,10-04-2010,L,KO/TKO,Mark Munoz
Rafael Dos Anjos,529.89,10-04-2010,W,SUB,Terry Etim
Terry Etim,533.98,10-04-2010,L,SUB,Rafael Dos Anjos
Matt Hughes,639.21,10-04-2010,W,KO/TKO,Renzo Gracie
Renzo Gracie,489.34,10-04-2010,L,KO/TKO,Matt Hughes
Frankie Edgar,602.91,10-04-2010,W,U-DEC,BJ Penn
BJ Penn,607.23,10-04-2010,L,U-DEC,Frankie Edgar
Anderson Silva,696.68,10-04-2010,W,U-DEC,Demian Maia
Demian Maia,576.52,10-04-2010,L,U-DEC,Anderson Silva
John Salter,501.09,08-05-2010,W,KO/TKO,Jason MacDonald
Jason MacDonald,491.6,08-05-2010,L,KO/TKO,John Salter
Mike Guymon,497.63,08-05-2010,W,U-DEC,Yoshiyuki Yoshida
Yoshiyuki Yoshida,491.33,08-05-2010,L,U-DEC,Mike Guymon
Joey Beltran,530.89,08-05-2010,W,U-DEC,Tim Hague
Tim Hague,471.87,08-05-2010,L,U-DEC,Joey Beltran
Johny Hendricks,548.75,08-05-2010,W,M-DEC,TJ Grant
TJ Grant,498.92,08-05-2010,L,M-DEC,Johny Hendricks
Marcus Davis,579.97,08-05-2010,W,KO/TKO,Jonathan Goulet
Jonathan Goulet,489.22,08-05-2010,L,KO/TKO,Marcus Davis
Joe Doerksen,469.21,08-05-2010,W,SUB,Tom Lawlor
Tom Lawlor,495.74,08-05-2010,L,SUB,Joe Doerksen
Alan Belcher,554.6,08-05-2010,W,SUB,Patrick Cote
Patrick Cote,481.94,08-05-2010,L,SUB,Alan Belcher
Matt Mitrione,532.2,08-05-2010,W,KO/TKO,Kevin Ferguson
Kevin Ferguson,498.31,08-05-2010,L,KO/TKO,Matt Mitrione
Jeremy Stephens,514.17,08-05-2010,W,S-DEC,Sam Stout
Sam Stout,488.82,08-05-2010,L,S-DEC,Jeremy Stephens
Josh Koscheck,621.32,08-05-2010,W,U-DEC,Paul Daley
Paul Daley,524.13,08-05-2010,L,U-DEC,Josh Koscheck
Mauricio Rua,531.43,08-05-2010,W,KO/TKO,Lyoto Machida
Lyoto Machida,623.49,08-05-2010,L,KO/TKO,Mauricio Rua
Ryan Jensen,474.55,29-05-2010,W,SUB,Jesse Forbes
Jesse Forbes,448.28,29-05-2010,L,SUB,Ryan Jensen
Aaron Riley,490.38,29-05-2010,W,U-DEC,Joe Brammer
Joe Brammer,464.04,29-05-2010,L,U-DEC,Aaron Riley
Cyrille Diabate,516.55,29-05-2010,W,KO/TKO,Luiz Cane
Luiz Cane,501.01,29-05-2010,L,KO/TKO,Cyrille Diabate
Melvin Guillard,532.56,29-05-2010,W,KO/TKO,Waylon Lowe
Waylon Lowe,484.3,29-05-2010,L,KO/TKO,Melvin Guillard
Efrain Escudero,526.98,29-05-2010,W,U-DEC,Dan Lauzon
Dan Lauzon,454.6,29-05-2010,L,U-DEC,Efrain Escudero
Dong Hyun Kim,580.5,29-05-2010,W,U-DEC,Amir Sadollah
Amir Sadollah,518.47,29-05-2010,L,U-DEC,Dong Hyun Kim
John Hathaway,567.75,29-05-2010,W,U-DEC,Diego Sanchez
Diego Sanchez,579.05,29-05-2010,L,U-DEC,John Hathaway
Rogerio Nogueira,534.42,29-05-2010,W,S-DEC,Jason Brilz
Jason Brilz,512.75,29-05-2010,L,S-DEC,Rogerio Nogueira
Mike Russow,532.92,29-05-2010,W,KO/TKO,Todd Duffee
Todd Duffee,500.16,29-05-2010,L,KO/TKO,Mike Russow
Michael Bisping,576.2,29-05-2010,W,U-DEC,Dan Miller
Dan Miller,507.5,29-05-2010,L,U-DEC,Michael Bisping
Rashad Evans,649.27,29-05-2010,W,U-DEC,Quinton Jackson
Quinton Jackson,555.8,29-05-2010,L,U-DEC,Rashad Evans
Mike Pyle,502.31,12-06-2010,W,SUB,Jesse Lennox
Jesse Lennox,479.1,12-06-2010,L,SUB,Mike Pyle
Claude Patrick,518.2,12-06-2010,W,SUB,Ricardo Funch
Ricardo Funch,466.09,12-06-2010,L,SUB,Claude Patrick
James Wilks,517.64,12-06-2010,W,U-DEC,Peter Sobotta
Peter Sobotta,468.49,12-06-2010,L,U-DEC,James Wilks
Mario Miranda,500.73,12-06-2010,W,KO/TKO,David Loiseau
David Loiseau,483.83,12-06-2010,L,KO/TKO,Mario Miranda
Matt Wiman,552.22,12-06-2010,W,SUB,Mac Danzig
Mac Danzig,480.62,12-06-2010,L,SUB,Matt Wiman
Evan Dunham,571.23,12-06-2010,W,S-DEC,Tyson Griffin
Tyson Griffin,560.97,12-06-2010,L,S-DEC,Evan Dunham
Carlos Condit,520.39,12-06-2010,W,KO/TKO,Rory MacDonald
Rory MacDonald,502.1,12-06-2010,L,KO/TKO,Carlos Condit
Ben Rothwell,500.59,12-06-2010,W,U-DEC,Gilbert Yvel
Gilbert Yvel,468.75,12-06-2010,L,U-DEC,Ben Rothwell
Martin Kampmann,593.59,12-06-2010,W,U-DEC,Paulo Thiago
Paulo Thiago,533.53,12-06-2010,L,U-DEC,Martin Kampmann
Mirko Filipovic,520.35,12-06-2010,W,SUB,Pat Barry
Pat Barry,491.36,12-06-2010,L,SUB,Mirko Filipovic
Rich Franklin,619.71,12-06-2010,W,KO/TKO,Chuck Liddell
Chuck Liddell,598.95,12-06-2010,L,KO/TKO,Rich Franklin
Travis Browne,516.46,19-06-2010,W,KO/TKO,James McSweeney
James McSweeney,499.29,19-06-2010,L,KO/TKO,Travis Browne
Chris Camozzi,515.75,19-06-2010,W,U-DEC,James Hammortree
James Hammortree,484.25,19-06-2010,L,U-DEC,Chris Camozzi
Kyle Noke,515.75,19-06-2010,W,KO/TKO,Josh Bryant
Josh Bryant,484.25,19-06-2010,L,KO/TKO,Kyle Noke
Brad Tavares,515.75,19-06-2010,W,U-DEC,Seth Baczynski
Seth Baczynski,484.25,19-06-2010,L,U-DEC,Brad Tavares
John Gunderson,500.04,19-06-2010,W,U-DEC,Mark Holst
Mark Holst,483.5,19-06-2010,L,U-DEC,John Gunderson
Rich Attonito,515.75,19-06-2010,W,KO/TKO,Jamie Yager
Jamie Yager,484.25,19-06-2010,L,KO/TKO,Rich Attonito
Dennis Siver,522.32,19-06-2010,W,U-DEC,Spencer Fisher
Spencer Fisher,537.86,19-06-2010,L,U-DEC,Dennis Siver
Chris Leben,553.02,19-06-2010,W,KO/TKO,Aaron Simpson
Aaron Simpson,531.98,19-06-2010,L,KO/TKO,Chris Leben
Matt Hamill,590.52,19-06-2010,W,M-DEC,Keith Jardine
Keith Jardine,486.23,19-06-2010,L,M-DEC,Matt Hamill
Court McGee,519.06,19-06-2010,W,SUB,Kris McCray
Kris McCray,480.94,19-06-2010,L,SUB,Court McGee
Jon Madsen,545.83,03-07-2010,W,U-DEC,Karlos Vemola
Karlos Vemola,484.24,03-07-2010,L,U-DEC,Jon Madsen
Daniel Roberts,499.96,03-07-2010,W,S-DEC,Forrest Petz
Forrest Petz,464.75,03-07-2010,L,S-DEC,Daniel Roberts
Gerald Harris,547.19,03-07-2010,W,KO/TKO,David Branch
David Branch,484.31,03-07-2010,L,KO/TKO,Gerald Harris
Kendall Grove,540.89,03-07-2010,W,S-DEC,Goran Reljic
Goran Reljic,487.12,03-07-2010,L,S-DEC,Kendall Grove
Ricardo Romero,517.17,03-07-2010,W,SUB,Seth Petruzelli
Seth Petruzelli,448.25,03-07-2010,L,SUB,Ricardo Romero
Brendan Schaub,516.45,03-07-2010,W,KO/TKO,Chris Tuchscherer
Chris Tuchscherer,486.25,03-07-2010,L,KO/TKO,Brendan Schaub
George Sotiropoulos,609.39,03-07-2010,W,U-DEC,Kurt Pellegrino
Kurt Pellegrino,554.61,03-07-2010,L,U-DEC,George Sotiropoulos
Stephan Bonnar,512.92,03-07-2010,W,KO/TKO,Krzysztof Soszynski
Krzysztof Soszynski,532.29,03-07-2010,L,KO/TKO,Stephan Bonnar
Chris Lytle,533.48,03-07-2010,W,SUB,Matt Brown
Matt Brown,504.9,03-07-2010,L,SUB,Chris Lytle
Chris Leben,571.45,03-07-2010,W,SUB,Yoshihiro Akiyama
Yoshihiro Akiyama,498.98,03-07-2010,L,SUB,Chris Leben
Brock Lesnar,567.88,03-07-2010,W,SUB,Shane Carwin
Shane Carwin,548.54,03-07-2010,L,SUB,Brock Lesnar
Rob Kimmons,513.62,01-08-2010,W,U-DEC,Steve Steinbeiss
Steve Steinbeiss,462.91,01-08-2010,L,U-DEC,Rob Kimmons
Charles Oliveira,520.28,01-08-2010,W,SUB,Darren Elkins
Darren Elkins,496.05,01-08-2010,L,SUB,Charles Oliveira
Brian Stann,516.75,01-08-2010,W,SUB,Mike Massenzio
Mike Massenzio,483.37,01-08-2010,L,SUB,Brian Stann
Igor Pokrajac,490.06,01-08-2010,W,SUB,James Irvin
James Irvin,463.8,01-08-2010,L,SUB,Igor Pokrajac
Matthew Riddle,559.85,01-08-2010,W,KO/TKO,DaMarques Johnson
DaMarques Johnson,502.85,01-08-2010,L,KO/TKO,Matthew Riddle
Jacob Volkmann,504.71,01-08-2010,W,U-DEC,Paul Kelly
Paul Kelly,513.71,01-08-2010,L,U-DEC,Jacob Volkmann
Takanori Gomi,506.32,01-08-2010,W,KO/TKO,Tyson Griffin
Tyson Griffin,541.93,01-08-2010,L,KO/TKO,Takanori Gomi
Jake Ellenberger,519.51,01-08-2010,W,KO/TKO,John Howard
John Howard,542.65,01-08-2010,L,KO/TKO,Jake Ellenberger
Yushin Okami,606.78,01-08-2010,W,S-DEC,Mark Munoz
Mark Munoz,521.77,01-08-2010,L,S-DEC,Yushin Okami
Jon Jones,569.67,01-08-2010,W,KO/TKO,Vladimir Matyushenko
Vladimir Matyushenko,532.27,01-08-2010,L,KO/TKO,Jon Jones
Dennis Hallman,476.83,07-08-2010,W,U-DEC,Ben Saunders
Ben Saunders,521.1,07-08-2010,L,U-DEC,Dennis Hallman
Stefan Struve,538.19,07-08-2010,W,KO/TKO,Christian Morecraft
Christian Morecraft,485.31,07-08-2010,L,KO/TKO,Stefan Struve
Tim Boetsch,515.49,07-08-2010,W,U-DEC,Todd Brown
Todd Brown,484.24,07-08-2010,L,U-DEC,Tim Boetsch
Johny Hendricks,565.05,07-08-2010,W,KO/TKO,Charlie Brenneman
Charlie Brenneman,499.45,07-08-2010,L,KO/TKO,Johny Hendricks
Phil Davis,550.52,07-08-2010,W,U-DEC,Rodney Wallace
Rodney Wallace,453.8,07-08-2010,L,U-DEC,Phil Davis
Rick Story,557.51,07-08-2010,W,KO/TKO,Dustin Hazelett
Dustin Hazelett,525.92,07-08-2010,L,KO/TKO,Rick Story
Junior Dos Santos,599.11,07-08-2010,W,U-DEC,Roy Nelson
Roy Nelson,516.68,07-08-2010,L,U-DEC,Junior Dos Santos
Matt Hughes,654.85,07-08-2010,W,SUB,Ricardo Almeida
Ricardo Almeida,529.98,07-08-2010,L,SUB,Matt Hughes
Clay Guida,548.77,07-08-2010,W,SUB,Rafael Dos Anjos
Rafael Dos Anjos,510.21,07-08-2010,L,SUB,Clay Guida
Jon Fitch,682.63,07-08-2010,W,U-DEC,Thiago Alves
Thiago Alves,591.73,07-08-2010,L,U-DEC,Jon Fitch
Anderson Silva,711.1,07-08-2010,W,SUB,Chael Sonnen
Chael Sonnen,512.82,07-08-2010,L,SUB,Anderson Silva
Mike Pierce,540.18,28-08-2010,W,SUB,Amilcar Alves
Amilcar Alves,481.59,28-08-2010,L,SUB,Mike Pierce
Greg Soto,502.89,28-08-2010,W,U-DEC,Nick Osipczak
Nick Osipczak,501.92,28-08-2010,L,U-DEC,Greg Soto
Dan Miller,526.21,28-08-2010,W,SUB,John Salter
John Salter,482.38,28-08-2010,L,SUB,Dan Miller
Nik Lentz,548.83,28-08-2010,W,U-DEC,Andre Winner
Andre Winner,500.81,28-08-2010,L,U-DEC,Nik Lentz
Joe Lauzon,566.74,28-08-2010,W,SUB,Gabe Ruediger
Gabe Ruediger,468.31,28-08-2010,L,SUB,Joe Lauzon
Nate Diaz,585.32,28-08-2010,W,SUB,Marcus Davis
Marcus Davis,559.48,28-08-2010,L,SUB,Nate Diaz
Gray Maynard,634.16,28-08-2010,W,U-DEC,Kenny Florian
Kenny Florian,617.77,28-08-2010,L,U-DEC,Gray Maynard
Demian Maia,588.89,28-08-2010,W,U-DEC,Mario Miranda
Mario Miranda,488.36,28-08-2010,L,U-DEC,Demian Maia
Randy Couture,630.01,28-08-2010,W,SUB,James Toney
James Toney,485.59,28-08-2010,L,SUB,Randy Couture
Frankie Edgar,621.89,28-08-2010,W,U-DEC,BJ Penn
BJ Penn,588.25,28-08-2010,L,U-DEC,Frankie Edgar
Brian Foster,492.28,15-09-2010,W,KO/TKO,Forrest Petz
Forrest Petz,449.56,15-09-2010,L,KO/TKO,Brian Foster
TJ Waldburger,515.75,15-09-2010,W,U-DEC,David Mitchell
David Mitchell,484.25,15-09-2010,L,U-DEC,TJ Waldburger
Rich Attonito,531.5,15-09-2010,W,U-DEC,Rafael Natal
Rafael Natal,484.25,15-09-2010,L,U-DEC,Rich Attonito
David Branch,501.48,15-09-2010,W,U-DEC,Tomasz Drwal
Tomasz Drwal,498.65,15-09-2010,L,U-DEC,David Branch
Kyle Kingsbury,516.35,15-09-2010,W,U-DEC,Jared Hamman
Jared Hamman,483.45,15-09-2010,L,U-DEC,Kyle Kingsbury
Yves Edwards,547.99,15-09-2010,W,U-DEC,John Gunderson
John Gunderson,485.81,15-09-2010,L,U-DEC,Yves Edwards
Cole Miller,570.09,15-09-2010,W,SUB,Ross Pearson
Ross Pearson,527.94,15-09-2010,L,SUB,Cole Miller
Jim Miller,602.49,15-09-2010,W,U-DEC,Gleison Tibau
Gleison Tibau,532.39,15-09-2010,L,U-DEC,Jim Miller
Charles Oliveira,540.29,15-09-2010,W,SUB,Efrain Escudero
Efrain Escudero,506.97,15-09-2010,L,SUB,Charles Oliveira
Nate Marquardt,593.44,15-09-2010,W,KO/TKO,Rousimar Palhares
Rousimar Palhares,544.04,15-09-2010,L,KO/TKO,Nate Marquardt
Sean McCorkle,519.37,25-09-2010,W,SUB,Mark Hunt
Mark Hunt,480.63,25-09-2010,L,SUB,Sean McCorkle
TJ Grant,514.02,25-09-2010,W,U-DEC,Julio Paulino
Julio Paulino,469.44,25-09-2010,L,U-DEC,TJ Grant
Waylon Lowe,500.09,25-09-2010,W,S-DEC,Steve Lopez
Steve Lopez,469.32,25-09-2010,L,S-DEC,Waylon Lowe
Thiago Tavares,533.36,25-09-2010,W,SUB,Pat Audinwood
Pat Audinwood,480.51,25-09-2010,L,SUB,Thiago Tavares
Matt Mitrione,549.38,25-09-2010,W,U-DEC,Joey Beltran
Joey Beltran,513.71,25-09-2010,L,U-DEC,Matt Mitrione
CB Dollaway,548.09,25-09-2010,W,SUB,Joe Doerksen
Joe Doerksen,451.7,25-09-2010,L,SUB,CB Dollaway
Melvin Guillard,548.9,25-09-2010,W,S-DEC,Jeremy Stephens
Jeremy Stephens,497.83,25-09-2010,L,S-DEC,Melvin Guillard
Sean Sherk,566.02,25-09-2010,W,S-DEC,Evan Dunham
Evan Dunham,554.49,25-09-2010,L,S-DEC,Sean Sherk
Chris Lytle,551.25,25-09-2010,W,U-DEC,Matt Serra
Matt Serra,511.23,25-09-2010,L,U-DEC,Chris Lytle
Ryan Bader,580.88,25-09-2010,W,U-DEC,Rogerio Nogueira
Rogerio Nogueira,517.25,25-09-2010,L,U-DEC,Ryan Bader
Frank Mir,597.03,25-09-2010,W,KO/TKO,Mirko Filipovic
Mirko Filipovic,507.46,25-09-2010,L,KO/TKO,Frank Mir
Fabio Maldonado,515.72,16-10-2010,W,KO/TKO,James McSweeney
James McSweeney,483.57,16-10-2010,L,KO/TKO,Fabio Maldonado
Spencer Fisher,551.9,16-10-2010,W,U-DEC,Curt Warburton
Curt Warburton,485.96,16-10-2010,L,U-DEC,Spencer Fisher
Paul Sass,518.45,16-10-2010,W,SUB,Mark Holst
Mark Holst,465.05,16-10-2010,L,SUB,Paul Sass
Rob Broughton,518.74,16-10-2010,W,SUB,Vinicius Queiroz
Vinicius Queiroz,481.26,16-10-2010,L,SUB,Rob Broughton
Alexander Gustafsson,515.7,16-10-2010,W,SUB,Cyrille Diabate
Cyrille Diabate,496.34,16-10-2010,L,SUB,Alexander Gustafsson
Claude Patrick,534.67,16-10-2010,W,U-DEC,James Wilks
James Wilks,501.17,16-10-2010,L,U-DEC,Claude Patrick
Cheick Kongo,546.91,16-10-2010,L,U-DEC,Travis Browne
Travis Browne,517.83,16-10-2010,W,U-DEC,Cheick Kongo
Mike Pyle,521.88,16-10-2010,W,U-DEC,John Hathaway
John Hathaway,548.18,16-10-2010,L,U-DEC,Mike Pyle
Carlos Condit,539.69,16-10-2010,W,KO/TKO,Dan Hardy
Dan Hardy,542.58,16-10-2010,L,KO/TKO,Carlos Condit
Michael Bisping,589.09,16-10-2010,W,U-DEC,Yoshihiro Akiyama
Yoshihiro Akiyama,486.09,16-10-2010,L,U-DEC,Michael Bisping
Jon Madsen,559.9,23-10-2010,W,KO/TKO,Gilbert Yvel
Gilbert Yvel,454.68,23-10-2010,L,KO/TKO,Jon Madsen
Chris Camozzi,531.5,23-10-2010,W,S-DEC,Dongi Yang
Dongi Yang,484.25,23-10-2010,L,S-DEC,Chris Camozzi
Sam Stout,504.24,23-10-2010,W,S-DEC,Paul Taylor
Paul Taylor,466.06,23-10-2010,L,S-DEC,Sam Stout
Daniel Roberts,520.12,23-10-2010,W,SUB,Mike Guymon
Mike Guymon,477.47,23-10-2010,L,SUB,Daniel Roberts
Tom Lawlor,510.86,23-10-2010,W,U-DEC,Patrick Cote
Patrick Cote,466.82,23-10-2010,L,U-DEC,Tom Lawlor
Court McGee,536.19,23-10-2010,W,SUB,Ryan Jensen
Ryan Jensen,457.42,23-10-2010,L,SUB,Court McGee
Brendan Schaub,534.97,23-10-2010,W,U-DEC,Gabriel Gonzaga
Gabriel Gonzaga,523.59,23-10-2010,L,U-DEC,Brendan Schaub
Matt Hamill,609.34,23-10-2010,W,U-DEC,Tito Ortiz
Tito Ortiz,573.06,23-10-2010,L,U-DEC,Matt Hamill
Diego Sanchez,592.75,23-10-2010,W,U-DEC,Paulo Thiago
Paulo Thiago,519.83,23-10-2010,L,U-DEC,Diego Sanchez
Jake Shields,519.89,23-10-2010,W,S-DEC,Martin Kampmann
Martin Kampmann,573.7,23-10-2010,L,S-DEC,Jake Shields
Cain Velasquez,618.58,23-10-2010,W,KO/TKO,Brock Lesnar
Brock Lesnar,549.51,23-10-2010,L,KO/TKO,Cain Velasquez
Carlos Eduardo Rocha,518.31,13-11-2010,W,SUB,Kris McCray
Kris McCray,462.63,13-11-2010,L,SUB,Carlos Eduardo Rocha
Karlos Vemola,498.36,13-11-2010,W,KO/TKO,Seth Petruzelli
Seth Petruzelli,434.13,13-11-2010,L,KO/TKO,Karlos Vemola
Kyle Noke,535.59,13-11-2010,W,SUB,Rob Kimmons
Rob Kimmons,493.78,13-11-2010,L,SUB,Kyle Noke
Pascal Krauss,515.75,13-11-2010,W,U-DEC,Mark Scanlon
Mark Scanlon,484.25,13-11-2010,L,U-DEC,Pascal Krauss
Vladimir Matyushenko,546.56,13-11-2010,W,KO/TKO,Alexandre Ferreira
Alexandre Ferreira,485.71,13-11-2010,L,KO/TKO,Vladimir Matyushenko
Duane Ludwig,512.46,13-11-2010,W,S-DEC,Nick Osipczak
Nick Osipczak,485.92,13-11-2010,L,S-DEC,Duane Ludwig
Krzysztof Soszynski,546.0,13-11-2010,W,U-DEC,Goran Reljic
Goran Reljic,473.41,13-11-2010,L,U-DEC,Krzysztof Soszynski
Amir Sadollah,531.97,13-11-2010,W,U-DEC,Peter Sobotta
Peter Sobotta,454.99,13-11-2010,L,U-DEC,Amir Sadollah
Dennis Siver,541.36,13-11-2010,W,SUB,Andre Winner
Andre Winner,481.77,13-11-2010,L,SUB,Dennis Siver
Yushin Okami,623.37,13-11-2010,W,U-DEC,Nate Marquardt
Nate Marquardt,576.85,13-11-2010,L,U-DEC,Yushin Okami
Nik Lentz,566.47,20-11-2010,W,S-DEC,Tyson Griffin
Tyson Griffin,524.29,20-11-2010,L,S-DEC,Nik Lentz
Paul Kelly,528.84,20-11-2010,W,KO/TKO,TJ O'Brien
TJ O'Brien,484.87,20-11-2010,L,KO/TKO,Paul Kelly
Edson Barboza,515.75,20-11-2010,W,KO/TKO,Mike Lullo
Mike Lullo,484.25,20-11-2010,L,KO/TKO,Edson Barboza
Dennis Hallman,497.05,20-11-2010,W,KO/TKO,Karo Parisyan
Karo Parisyan,536.23,20-11-2010,L,KO/TKO,Dennis Hallman
Mark Munoz,537.98,20-11-2010,W,U-DEC,Aaron Simpson
Aaron Simpson,515.77,20-11-2010,L,U-DEC,Mark Munoz
Brian Foster,512.97,20-11-2010,W,SUB,Matt Brown
Matt Brown,484.21,20-11-2010,L,SUB,Brian Foster
George Sotiropoulos,630.9,20-11-2010,W,SUB,Joe Lauzon
Joe Lauzon,545.23,20-11-2010,L,SUB,George Sotiropoulos
Phil Davis,570.11,20-11-2010,W,SUB,Tim Boetsch
Tim Boetsch,495.9,20-11-2010,L,SUB,Phil Davis
Maiquel Falcao,517.88,20-11-2010,W,U-DEC,Gerald Harris
Gerald Harris,529.31,20-11-2010,L,U-DEC,Maiquel Falcao
BJ Penn,606.98,20-11-2010,W,KO/TKO,Matt Hughes
Matt Hughes,636.12,20-11-2010,L,KO/TKO,BJ Penn
Quinton Jackson,574.58,20-11-2010,W,S-DEC,Lyoto Machida
Lyoto Machida,604.71,20-11-2010,L,S-DEC,Quinton Jackson
David Branch,519.4,04-12-2010,W,U-DEC,Rich Attonito
Rich Attonito,513.58,04-12-2010,L,U-DEC,David Branch
Pablo Garza,515.75,04-12-2010,W,KO/TKO,Fredson Paixao
Fredson Paixao,484.25,04-12-2010,L,KO/TKO,Pablo Garza
Nick Pace,518.74,04-12-2010,W,SUB,Will Campuzano
Will Campuzano,481.26,04-12-2010,L,SUB,Nick Pace
Kyle Watson,515.75,04-12-2010,W,U-DEC,Sako Chivitchian
Sako Chivitchian,484.25,04-12-2010,L,U-DEC,Kyle Watson
Ian Loveland,515.75,04-12-2010,W,U-DEC,Tyler Toner
Tyler Toner,484.25,04-12-2010,L,U-DEC,Ian Loveland
Cody McKenzie,519.37,04-12-2010,W,SUB,Aaron Wilkinson
Aaron Wilkinson,480.63,04-12-2010,L,SUB,Cody McKenzie
Leonard Garcia,504.86,04-12-2010,W,S-DEC,Nam Phan
Nam Phan,483.73,04-12-2010,L,S-DEC,Leonard Garcia
Rick Story,576.67,04-12-2010,W,U-DEC,Johny Hendricks
Johny Hendricks,545.89,04-12-2010,L,U-DEC,Rick Story
Demian Maia,603.12,04-12-2010,W,U-DEC,Kendall Grove
Kendall Grove,526.66,04-12-2010,L,U-DEC,Demian Maia
Stephan Bonnar,528.34,04-12-2010,W,U-DEC,Igor Pokrajac
Igor Pokrajac,474.64,04-12-2010,L,U-DEC,Stephan Bonnar
Jonathan Brookins,515.75,04-12-2010,W,U-DEC,Michael Johnson
Michael Johnson,484.25,04-12-2010,L,U-DEC,Jonathan Brookins
John Makdessi,514.87,11-12-2010,W,U-DEC,Pat Audinwood
Pat Audinwood,465.64,11-12-2010,L,U-DEC,John Makdessi
Ricardo Almeida,545.01,11-12-2010,W,U-DEC,TJ Grant
TJ Grant,498.99,11-12-2010,L,U-DEC,Ricardo Almeida
Sean Pierson,518.44,11-12-2010,W,U-DEC,Matthew Riddle
Matthew Riddle,541.41,11-12-2010,L,U-DEC,Sean Pierson
Jesse Bongfeldt,499.32,11-12-2010,L,M-DEC,Rafael Natal
Rafael Natal,484.93,11-12-2010,W,M-DEC,Jesse Bongfeldt
Mark Bocek,543.72,11-12-2010,W,SUB,Dustin Hazelett
Dustin Hazelett,506.45,11-12-2010,L,SUB,Mark Bocek
Dan Miller,539.22,11-12-2010,W,S-DEC,Joe Doerksen
Joe Doerksen,438.69,11-12-2010,L,S-DEC,Dan Miller
Thiago Alves,605.27,11-12-2010,W,U-DEC,John Howard
John Howard,529.11,11-12-2010,L,U-DEC,Thiago Alves
Mac Danzig,499.48,11-12-2010,W,KO/TKO,Joe Stevenson
Joe Stevenson,531.17,11-12-2010,L,KO/TKO,Mac Danzig
Jim Miller,622.23,11-12-2010,W,SUB,Charles Oliveira
Charles Oliveira,520.55,11-12-2010,L,SUB,Jim Miller
Stefan Struve,553.8,11-12-2010,W,KO/TKO,Sean McCorkle
Sean McCorkle,503.76,11-12-2010,L,KO/TKO,Stefan Struve
Georges St-Pierre,720.63,11-12-2010,W,U-DEC,Josh Koscheck
Josh Koscheck,605.26,11-12-2010,L,U-DEC,Georges St-Pierre
Jacob Volkmann,521.73,01-01-2011,W,S-DEC,Antonio McKee
Antonio McKee,482.98,01-01-2011,L,S-DEC,Jacob Volkmann
Daniel Roberts,540.29,01-01-2011,W,SUB,Greg Soto
Greg Soto,482.72,01-01-2011,L,SUB,Daniel Roberts
Diego Nunes,514.88,01-01-2011,W,S-DEC,Mike Brown
Mike Brown,465.88,01-01-2011,L,S-DEC,Diego Nunes
Brad Tavares,529.46,01-01-2011,W,KO/TKO,Phil Baroni
Phil Baroni,442.63,01-01-2011,L,KO/TKO,Brad Tavares
Dustin Poirier,515.75,01-01-2011,W,U-DEC,Josh Grispi
Josh Grispi,484.25,01-01-2011,L,U-DEC,Dustin Poirier
Jeremy Stephens,516.35,01-01-2011,W,KO/TKO,Marcus Davis
Marcus Davis,540.96,01-01-2011,L,KO/TKO,Jeremy Stephens
Clay Guida,567.1,01-01-2011,W,SUB,Takanori Gomi
Takanori Gomi,487.99,01-01-2011,L,SUB,Clay Guida
Dong Hyun Kim,599.51,01-01-2011,W,U-DEC,Nate Diaz
Nate Diaz,566.31,01-01-2011,L,U-DEC,Dong Hyun Kim
Brandon Vera,517.52,01-01-2011,L,Overturned,Thiago Silva
Thiago Silva,562.53,01-01-2011,W,Overturned,Brandon Vera
Brian Stann,535.83,01-01-2011,W,KO/TKO,Chris Leben
Chris Leben,552.37,01-01-2011,L,KO/TKO,Brian Stann
Frankie Edgar,622.42,01-01-2011,L,S-DEC,Gray Maynard
Gray Maynard,633.63,01-01-2011,W,S-DEC,Frankie Edgar
Chris Cariaso,514.9,22-01-2011,W,U-DEC,Will Campuzano
Will Campuzano,466.36,22-01-2011,L,U-DEC,Chris Cariaso
Charlie Brenneman,514.39,22-01-2011,W,U-DEC,Amilcar Alves
Amilcar Alves,466.65,22-01-2011,L,U-DEC,Charlie Brenneman
Waylon Lowe,516.59,22-01-2011,W,U-DEC,Willamy Freire
Willamy Freire,483.5,22-01-2011,L,U-DEC,Waylon Lowe
Rani Yahya,514.21,22-01-2011,W,U-DEC,Mike Brown
Mike Brown,451.67,22-01-2011,L,U-DEC,Rani Yahya
DaMarques Johnson,520.81,22-01-2011,W,SUB,Mike Guymon
Mike Guymon,459.51,22-01-2011,L,SUB,DaMarques Johnson
Yves Edwards,566.31,22-01-2011,W,SUB,Cody McKenzie
Cody McKenzie,501.05,22-01-2011,L,SUB,Yves Edwards
Matt Wiman,570.36,22-01-2011,W,U-DEC,Cole Miller
Cole Miller,551.95,22-01-2011,L,U-DEC,Matt Wiman
Pat Barry,508.12,22-01-2011,W,U-DEC,Joey Beltran
Joey Beltran,496.95,22-01-2011,L,U-DEC,Pat Barry
Mark Hominick,552.94,22-01-2011,W,KO/TKO,George Roop
George Roop,466.7,22-01-2011,L,KO/TKO,Mark Hominick
Matt Mitrione,563.43,22-01-2011,W,KO/TKO,Tim Hague
Tim Hague,457.82,22-01-2011,L,KO/TKO,Matt Mitrione
Melvin Guillard,567.19,22-01-2011,W,KO/TKO,Evan Dunham
Evan Dunham,536.2,22-01-2011,L,KO/TKO,Melvin Guillard
Mike Pierce,555.44,05-02-2011,W,KO/TKO,Kenny Robertson
Kenny Robertson,484.74,05-02-2011,L,KO/TKO,Mike Pierce
Kyle Kingsbury,533.64,05-02-2011,W,KO/TKO,Ricardo Romero
Ricardo Romero,499.88,05-02-2011,L,KO/TKO,Kyle Kingsbury
Paul Taylor,481.91,05-02-2011,W,KO/TKO,Gabe Ruediger
Gabe Ruediger,452.46,05-02-2011,L,KO/TKO,Paul Taylor
Demetrious Johnson,515.75,05-02-2011,W,U-DEC,Norifumi Yamamoto
Norifumi Yamamoto,484.25,05-02-2011,L,U-DEC,Demetrious Johnson
Chad Mendes,514.36,05-02-2011,W,U-DEC,Michihiro Omigawa
Michihiro Omigawa,454.99,05-02-2011,L,U-DEC,Chad Mendes
Donald Cerrone,520.64,05-02-2011,W,SUB,Paul Kelly
Paul Kelly,508.2,05-02-2011,L,SUB,Donald Cerrone
Miguel Torres,515.75,05-02-2011,W,U-DEC,Antonio Banuelos
Antonio Banuelos,484.25,05-02-2011,L,U-DEC,Miguel Torres
Jake Ellenberger,536.7,05-02-2011,W,S-DEC,Carlos Eduardo Rocha
Carlos Eduardo Rocha,501.12,05-02-2011,L,S-DEC,Jake Ellenberger
Jon Jones,591.22,05-02-2011,W,SUB,Ryan Bader
Ryan Bader,559.33,05-02-2011,L,SUB,Jon Jones
Forrest Griffin,583.76,05-02-2011,W,U-DEC,Rich Franklin
Rich Franklin,600.62,05-02-2011,L,U-DEC,Forrest Griffin
Anderson Silva,724.84,05-02-2011,W,KO/TKO,Vitor Belfort
Vitor Belfort,554.58,05-02-2011,L,KO/TKO,Anderson Silva
Curt Warburton,502.35,26-02-2011,W,U-DEC,Maciej Jewtuszko
Maciej Jewtuszko,483.61,26-02-2011,L,U-DEC,Curt Warburton
Mark Hunt,496.63,26-02-2011,W,KO/TKO,Chris Tuchscherer
Chris Tuchscherer,470.25,26-02-2011,L,KO/TKO,Mark Hunt
Zhang Tiequan,518.32,26-02-2011,W,SUB,Jason Reinhardt
Jason Reinhardt,462.83,26-02-2011,L,SUB,Zhang Tiequan
Anthony Perosh,475.11,26-02-2011,W,SUB,Tom Blackledge
Tom Blackledge,478.03,26-02-2011,L,SUB,Anthony Perosh
Nick Ring,515.75,26-02-2011,W,U-DEC,Riki Fukuda
Riki Fukuda,484.25,26-02-2011,L,U-DEC,Nick Ring
Alexander Gustafsson,535.96,26-02-2011,W,SUB,James Te Huna
James Te Huna,494.81,26-02-2011,L,SUB,Alexander Gustafsson
Ross Pearson,544.77,26-02-2011,W,U-DEC,Spencer Fisher
Spencer Fisher,535.07,26-02-2011,L,U-DEC,Ross Pearson
Kyle Noke,556.56,26-02-2011,W,SUB,Chris Camozzi
Chris Camozzi,510.53,26-02-2011,L,SUB,Kyle Noke
Brian Ebersole,518.06,26-02-2011,W,U-DEC,Chris Lytle
Chris Lytle,533.19,26-02-2011,L,U-DEC,Brian Ebersole
Dennis Siver,562.96,26-02-2011,W,U-DEC,George Sotiropoulos
George Sotiropoulos,609.3,26-02-2011,L,U-DEC,Dennis Siver
Michael Bisping,603.5,26-02-2011,W,KO/TKO,Jorge Rivera
Jorge Rivera,516.98,26-02-2011,L,KO/TKO,Michael Bisping
BJ Penn,610.2,26-02-2011,L,M-DEC,Jon Fitch
Jon Fitch,679.41,26-02-2011,W,M-DEC,BJ Penn
Igor Pokrajac,490.83,03-03-2011,W,KO/TKO,Todd Brown
Todd Brown,468.05,03-03-2011,L,KO/TKO,Igor Pokrajac
Rousimar Palhares,561.75,03-03-2011,W,SUB,David Branch
David Branch,501.69,03-03-2011,L,SUB,Rousimar Palhares
Dongi Yang,500.43,03-03-2011,W,KO/TKO,Rob Kimmons
Rob Kimmons,477.6,03-03-2011,L,KO/TKO,Dongi Yang
Takeya Mizugaki,515.75,03-03-2011,W,S-DEC,Reuben Duran
Reuben Duran,484.25,03-03-2011,L,S-DEC,Takeya Mizugaki
Shane Roller,517.26,03-03-2011,W,KO/TKO,Thiago Tavares
Thiago Tavares,516.1,03-03-2011,L,KO/TKO,Shane Roller
Danny Castillo,517.16,03-03-2011,W,U-DEC,Joe Stevenson
Joe Stevenson,514.01,03-03-2011,L,U-DEC,Danny Castillo
Cyrille Diabate,511.59,03-03-2011,W,U-DEC,Steve Cantwell
Steve Cantwell,470.07,03-03-2011,L,U-DEC,Cyrille Diabate
Brian Bowles,519.37,03-03-2011,W,SUB,Damacio Page
Damacio Page,480.63,03-03-2011,L,SUB,Brian Bowles
Chris Weidman,516.87,03-03-2011,W,U-DEC,Alessio Sakara
Alessio Sakara,507.95,03-03-2011,L,U-DEC,Chris Weidman
Mark Munoz,554.96,03-03-2011,W,KO/TKO,CB Dollaway
CB Dollaway,531.11,03-03-2011,L,KO/TKO,Mark Munoz
Diego Sanchez,608.35,03-03-2011,W,U-DEC,Martin Kampmann
Martin Kampmann,558.1,03-03-2011,L,U-DEC,Diego Sanchez
Erik Koch,515.75,19-03-2011,W,KO/TKO,Raphael Assuncao
Raphael Assuncao,484.25,19-03-2011,L,KO/TKO,Erik Koch
Nick Catone,515.02,19-03-2011,W,U-DEC,Constantinos Philippou
Constantinos Philippou,483.43,19-03-2011,L,U-DEC,Nick Catone
Joseph Benavidez,516.46,19-03-2011,W,U-DEC,Ian Loveland
Ian Loveland,499.29,19-03-2011,L,U-DEC,Joseph Benavidez
Gleison Tibau,549.15,19-03-2011,W,S-DEC,Kurt Pellegrino
Kurt Pellegrino,537.85,19-03-2011,L,S-DEC,Gleison Tibau
Mike Pyle,540.28,19-03-2011,W,U-DEC,Ricardo Almeida
Ricardo Almeida,526.61,19-03-2011,L,U-DEC,Mike Pyle
Edson Barboza,531.5,19-03-2011,W,U-DEC,Anthony Njokuani
Anthony Njokuani,484.25,19-03-2011,L,U-DEC,Edson Barboza
Luiz Cane,518.25,19-03-2011,W,KO/TKO,Eliot Marshall
Eliot Marshall,516.63,19-03-2011,L,KO/TKO,Luiz Cane
Brendan Schaub,551.55,19-03-2011,W,KO/TKO,Mirko Filipovic
Mirko Filipovic,490.88,19-03-2011,L,KO/TKO,Brendan Schaub
Nate Marquardt,590.9,19-03-2011,W,U-DEC,Dan Miller
Dan Miller,525.17,19-03-2011,L,U-DEC,Nate Marquardt
Jim Miller,635.64,19-03-2011,W,KO/TKO,Kamal Shalorus
Kamal Shalorus,486.59,19-03-2011,L,KO/TKO,Jim Miller
Urijah Faber,515.75,19-03-2011,W,U-DEC,Eddie Wineland
Eddie Wineland,484.25,19-03-2011,L,U-DEC,Urijah Faber
Jon Jones,606.15,19-03-2011,W,KO/TKO,Mauricio Rua
Mauricio Rua,516.5,19-03-2011,L,KO/TKO,Jon Jones
Nik Lentz,585.6,26-03-2011,W,SUB,Waylon Lowe
Waylon Lowe,497.46,26-03-2011,L,SUB,Nik Lentz
Aaron Simpson,530.28,26-03-2011,W,U-DEC,Mario Miranda
Mario Miranda,473.85,26-03-2011,L,U-DEC,Aaron Simpson
Johny Hendricks,560.28,26-03-2011,W,KO/TKO,TJ Waldburger
TJ Waldburger,501.36,26-03-2011,L,KO/TKO,Johny Hendricks
Christian Morecraft,505.38,26-03-2011,W,SUB,Sean McCorkle
Sean McCorkle,483.69,26-03-2011,L,SUB,Christian Morecraft
Michael McDonald,515.75,26-03-2011,W,U-DEC,Edwin Figueroa
Edwin Figueroa,484.25,26-03-2011,L,U-DEC,Michael McDonald
John Hathaway,560.13,26-03-2011,W,S-DEC,Kris McCray
Kris McCray,450.68,26-03-2011,L,S-DEC,John Hathaway
Mackens Semerzier,519.37,26-03-2011,W,SUB,Alex Caceres
Alex Caceres,480.63,26-03-2011,L,SUB,Mackens Semerzier
Mike Russow,551.51,26-03-2011,W,KO/TKO,Jon Madsen
Jon Madsen,541.31,26-03-2011,L,KO/TKO,Mike Russow
Chan Sung Jung,519.32,26-03-2011,W,SUB,Leonard Garcia
Leonard Garcia,485.54,26-03-2011,L,SUB,Chan Sung Jung
Amir Sadollah,547.94,26-03-2011,W,KO/TKO,DaMarques Johnson
DaMarques Johnson,504.84,26-03-2011,L,KO/TKO,Amir Sadollah
Anthony Johnson,542.69,26-03-2011,W,U-DEC,Dan Hardy
Dan Hardy,526.09,26-03-2011,L,U-DEC,Anthony Johnson
Phil Davis,586.03,26-03-2011,W,U-DEC,Rogerio Nogueira
Rogerio Nogueira,501.33,26-03-2011,L,U-DEC,Phil Davis
Pablo Garza,535.13,30-04-2011,W,SUB,Yves Jabouin
Yves Jabouin,480.62,30-04-2011,L,SUB,Pablo Garza
John Makdessi,531.41,30-04-2011,W,KO/TKO,Kyle Watson
Kyle Watson,499.21,30-04-2011,L,KO/TKO,John Makdessi
Jason MacDonald,509.07,30-04-2011,W,SUB,Ryan Jensen
Ryan Jensen,439.95,30-04-2011,L,SUB,Jason MacDonald
Ivan Menjivar,500.24,30-04-2011,W,KO/TKO,Charlie Valencia
Charlie Valencia,483.51,30-04-2011,L,KO/TKO,Ivan Menjivar
Claude Patrick,552.2,30-04-2011,W,U-DEC,Daniel Roberts
Daniel Roberts,522.76,30-04-2011,L,U-DEC,Claude Patrick
Jake Ellenberger,553.75,30-04-2011,W,KO/TKO,Sean Pierson
Sean Pierson,501.39,30-04-2011,L,KO/TKO,Jake Ellenberger
Rory MacDonald,520.73,30-04-2011,W,U-DEC,Nate Diaz
Nate Diaz,547.68,30-04-2011,L,U-DEC,Rory MacDonald
Benson Henderson,517.72,30-04-2011,W,U-DEC,Mark Bocek
Mark Bocek,526.0,30-04-2011,L,U-DEC,Benson Henderson
Vladimir Matyushenko,561.46,30-04-2011,W,KO/TKO,Jason Brilz
Jason Brilz,497.85,30-04-2011,L,KO/TKO,Vladimir Matyushenko
Lyoto Machida,621.6,30-04-2011,W,KO/TKO,Randy Couture
Randy Couture,613.12,30-04-2011,L,KO/TKO,Lyoto Machida
Jose Aldo,518.13,30-04-2011,W,U-DEC,Mark Hominick
Mark Hominick,534.81,30-04-2011,L,U-DEC,Jose Aldo
Georges St-Pierre,731.05,30-04-2011,W,U-DEC,Jake Shields
Jake Shields,509.47,30-04-2011,L,U-DEC,Georges St-Pierre
Renan Barao,515.75,28-05-2011,W,U-DEC,Cole Escovedo
Cole Escovedo,484.25,28-05-2011,L,U-DEC,Renan Barao
Michael McDonald,532.21,28-05-2011,W,S-DEC,Chris Cariaso
Chris Cariaso,498.44,28-05-2011,L,S-DEC,Michael McDonald
Gleison Tibau,565.43,28-05-2011,W,SUB,Rafaello Oliveira
Rafaello Oliveira,467.94,28-05-2011,L,SUB,Gleison Tibau
Tim Boetsch,513.04,28-05-2011,W,U-DEC,Kendall Grove
Kendall Grove,509.52,28-05-2011,L,U-DEC,Tim Boetsch
Demetrious Johnson,532.25,28-05-2011,W,U-DEC,Miguel Torres
Miguel Torres,499.25,28-05-2011,L,U-DEC,Demetrious Johnson
Brian Stann,550.56,28-05-2011,W,KO/TKO,Jorge Santiago
Jorge Santiago,470.08,28-05-2011,L,KO/TKO,Brian Stann
Rick Story,597.77,28-05-2011,W,U-DEC,Thiago Alves
Thiago Alves,584.17,28-05-2011,L,U-DEC,Rick Story
Travis Browne,536.03,28-05-2011,W,KO/TKO,Stefan Struve
Stefan Struve,535.6,28-05-2011,L,KO/TKO,Travis Browne
Frank Mir,609.78,28-05-2011,W,U-DEC,Roy Nelson
Roy Nelson,503.93,28-05-2011,L,U-DEC,Frank Mir
Quinton Jackson,592.73,28-05-2011,W,U-DEC,Matt Hamill
Matt Hamill,591.19,28-05-2011,L,U-DEC,Quinton Jackson
Reuben Duran,503.84,04-06-2011,W,SUB,Francisco Rivera
Francisco Rivera,480.41,04-06-2011,L,SUB,Reuben Duran
Scott Jorgensen,515.75,04-06-2011,W,KO/TKO,Ken Stone
Ken Stone,484.25,04-06-2011,L,KO/TKO,Scott Jorgensen
Clay Harvison,515.75,04-06-2011,W,S-DEC,Justin Edwards
Justin Edwards,484.25,04-06-2011,L,S-DEC,Clay Harvison
Shamar Bailey,515.75,04-06-2011,W,U-DEC,Ryan McGillivray
Ryan McGillivray,484.25,04-06-2011,L,U-DEC,Shamar Bailey
George Roop,483.24,04-06-2011,W,KO/TKO,Josh Grispi
Josh Grispi,467.71,04-06-2011,L,KO/TKO,George Roop
Jeremy Stephens,532.07,04-06-2011,W,U-DEC,Danny Downes
Danny Downes,484.28,04-06-2011,L,U-DEC,Jeremy Stephens
Chris Cope,515.75,04-06-2011,W,U-DEC,Chuck O'Neil
Chuck O'Neil,484.25,04-06-2011,L,U-DEC,Chris Cope
Kyle Kingsbury,550.71,04-06-2011,W,U-DEC,Fabio Maldonado
Fabio Maldonado,498.65,04-06-2011,L,U-DEC,Kyle Kingsbury
Ed Herman,504.84,04-06-2011,W,KO/TKO,Tim Credeur
Tim Credeur,518.05,04-06-2011,L,KO/TKO,Ed Herman
Clay Guida,581.67,04-06-2011,W,U-DEC,Anthony Pettis
Anthony Pettis,485.43,04-06-2011,L,U-DEC,Clay Guida
Tony Ferguson,515.75,04-06-2011,W,KO/TKO,Ramsey Nijem
Ramsey Nijem,484.25,04-06-2011,L,KO/TKO,Tony Ferguson
Darren Elkins,509.95,11-06-2011,W,U-DEC,Michihiro Omigawa
Michihiro Omigawa,441.09,11-06-2011,L,U-DEC,Darren Elkins
Joey Beltran,512.84,11-06-2011,W,KO/TKO,Aaron Rosa
Aaron Rosa,484.11,11-06-2011,L,KO/TKO,Joey Beltran
Dustin Poirier,531.5,11-06-2011,W,U-DEC,Jason Young
Jason Young,484.25,11-06-2011,L,U-DEC,Dustin Poirier
Nick Ring,534.5,11-06-2011,W,SUB,James Head
James Head,481.25,11-06-2011,L,SUB,Nick Ring
Krzysztof Soszynski,559.56,11-06-2011,W,U-DEC,Mike Massenzio
Mike Massenzio,469.81,11-06-2011,L,U-DEC,Krzysztof Soszynski
Chris Weidman,536.14,11-06-2011,W,SUB,Jesse Bongfeldt
Jesse Bongfeldt,480.05,11-06-2011,L,SUB,Chris Weidman
Sam Stout,523.66,11-06-2011,W,KO/TKO,Yves Edwards
Yves Edwards,546.89,11-06-2011,L,KO/TKO,Sam Stout
Donald Cerrone,536.16,11-06-2011,W,U-DEC,Vagner Rocha
Vagner Rocha,484.48,11-06-2011,L,U-DEC,Donald Cerrone
Dave Herman,515.75,11-06-2011,W,KO/TKO,Jon Olav Einemo
Jon Olav Einemo,484.25,11-06-2011,L,KO/TKO,Dave Herman
Mark Munoz,574.59,11-06-2011,W,U-DEC,Demian Maia
Demian Maia,583.49,11-06-2011,L,U-DEC,Mark Munoz
Kenny Florian,628.99,11-06-2011,W,U-DEC,Diego Nunes
Diego Nunes,503.66,11-06-2011,L,U-DEC,Kenny Florian
Junior Dos Santos,616.43,11-06-2011,W,U-DEC,Shane Carwin
Shane Carwin,531.22,11-06-2011,L,U-DEC,Junior Dos Santos
Michael Johnson,500.71,26-06-2011,W,KO/TKO,Edward Faaloloto
Edward Faaloloto,483.54,26-06-2011,L,KO/TKO,Michael Johnson
Ricardo Lamas,514.06,26-06-2011,W,KO/TKO,Matt Grice
Matt Grice,448.49,26-06-2011,L,KO/TKO,Ricardo Lamas
Nik Lentz,567.82,26-06-2011,L,Overturned,Charles Oliveira
Charles Oliveira,538.33,26-06-2011,W,Overturned,Nik Lentz
Rich Attonito,529.75,26-06-2011,W,U-DEC,Daniel Roberts
Daniel Roberts,506.59,26-06-2011,L,U-DEC,Rich Attonito
Joe Lauzon,562.22,26-06-2011,W,SUB,Curt Warburton
Curt Warburton,485.36,26-06-2011,L,SUB,Joe Lauzon
Javier Vazquez,516.38,26-06-2011,W,U-DEC,Joe Stevenson
Joe Stevenson,497.63,26-06-2011,L,U-DEC,Javier Vazquez
Tyson Griffin,538.4,26-06-2011,W,U-DEC,Manvel Gamburyan
Manvel Gamburyan,473.97,26-06-2011,L,U-DEC,Tyson Griffin
Matt Mitrione,579.08,26-06-2011,W,KO/TKO,Christian Morecraft
Christian Morecraft,489.73,26-06-2011,L,KO/TKO,Matt Mitrione
Matt Brown,501.98,26-06-2011,W,U-DEC,John Howard
John Howard,511.34,26-06-2011,L,U-DEC,Matt Brown
Charlie Brenneman,534.78,26-06-2011,W,U-DEC,Rick Story
Rick Story,577.38,26-06-2011,L,U-DEC,Charlie Brenneman
Cheick Kongo,561.58,26-06-2011,W,KO/TKO,Pat Barry
Pat Barry,493.45,26-06-2011,L,KO/TKO,Cheick Kongo
Jeff Hougland,515.75,02-07-2011,W,U-DEC,Donny Walker
Donny Walker,484.25,02-07-2011,L,U-DEC,Jeff Hougland
Anthony Njokuani,499.89,02-07-2011,W,U-DEC,Andre Winner
Andre Winner,466.13,02-07-2011,L,U-DEC,Anthony Njokuani
Aaron Simpson,546.74,02-07-2011,W,U-DEC,Brad Tavares
Brad Tavares,513.0,02-07-2011,L,U-DEC,Aaron Simpson
Brian Bowles,535.7,02-07-2011,W,U-DEC,Takeya Mizugaki
Takeya Mizugaki,499.42,02-07-2011,L,U-DEC,Brian Bowles
Rafael Dos Anjos,530.33,02-07-2011,W,KO/TKO,George Sotiropoulos
George Sotiropoulos,589.18,02-07-2011,L,KO/TKO,Rafael Dos Anjos
Melvin Guillard,583.26,02-07-2011,W,KO/TKO,Shane Roller
Shane Roller,501.19,02-07-2011,L,KO/TKO,Melvin Guillard
Carlos Condit,560.76,02-07-2011,W,KO/TKO,Dong Hyun Kim
Dong Hyun Kim,578.44,02-07-2011,L,KO/TKO,Carlos Condit
Tito Ortiz,591.67,02-07-2011,W,SUB,Ryan Bader
Ryan Bader,540.72,02-07-2011,L,SUB,Tito Ortiz
Dennis Siver,581.34,02-07-2011,W,U-DEC,Matt Wiman
Matt Wiman,551.98,02-07-2011,L,U-DEC,Dennis Siver
Chris Leben,565.5,02-07-2011,W,KO/TKO,Wanderlei Silva
Wanderlei Silva,480.81,02-07-2011,L,KO/TKO,Chris Leben
Dominick Cruz,516.46,02-07-2011,W,U-DEC,Urijah Faber
Urijah Faber,499.29,02-07-2011,L,U-DEC,Dominick Cruz
Rafael Natal,501.36,06-08-2011,W,U-DEC,Paul Bradley
Paul Bradley,483.57,06-08-2011,L,U-DEC,Rafael Natal
Mike Brown,468.87,06-08-2011,W,U-DEC,Nam Phan
Nam Phan,466.53,06-08-2011,L,U-DEC,Mike Brown
Johny Hendricks,576.55,06-08-2011,W,S-DEC,Mike Pierce
Mike Pierce,539.17,06-08-2011,L,S-DEC,Johny Hendricks
Ivan Menjivar,517.62,06-08-2011,W,U-DEC,Nick Pace
Nick Pace,501.36,06-08-2011,L,U-DEC,Ivan Menjivar
Chad Mendes,530.85,06-08-2011,W,U-DEC,Rani Yahya
Rani Yahya,497.72,06-08-2011,L,U-DEC,Chad Mendes
Alexander Gustafsson,555.93,06-08-2011,W,KO/TKO,Matt Hamill
Matt Hamill,571.22,06-08-2011,L,KO/TKO,Alexander Gustafsson
Rory MacDonald,538.16,06-08-2011,W,KO/TKO,Mike Pyle
Mike Pyle,522.85,06-08-2011,L,KO/TKO,Rory MacDonald
Constantinos Philippou,500.7,06-08-2011,W,S-DEC,Jorge Rivera
Jorge Rivera,499.71,06-08-2011,L,S-DEC,Constantinos Philippou
Brian Ebersole,533.56,06-08-2011,W,KO/TKO,Dennis Hallman
Dennis Hallman,481.55,06-08-2011,L,KO/TKO,Brian Ebersole
Vitor Belfort,567.26,06-08-2011,W,KO/TKO,Yoshihiro Akiyama
Yoshihiro Akiyama,473.41,06-08-2011,L,KO/TKO,Vitor Belfort
Rashad Evans,663.69,06-08-2011,W,KO/TKO,Tito Ortiz
Tito Ortiz,577.25,06-08-2011,L,KO/TKO,Rashad Evans
Edwin Figueroa,499.03,14-08-2011,W,KO/TKO,Jason Reinhardt
Jason Reinhardt,448.05,14-08-2011,L,KO/TKO,Edwin Figueroa
Jacob Volkmann,539.49,14-08-2011,W,U-DEC,Danny Castillo
Danny Castillo,499.4,14-08-2011,L,U-DEC,Jacob Volkmann
Cole Miller,567.37,14-08-2011,W,SUB,TJ O'Brien
TJ O'Brien,469.45,14-08-2011,L,SUB,Cole Miller
Jimy Hettes,518.0,14-08-2011,W,SUB,Alex Caceres
Alex Caceres,462.63,14-08-2011,L,SUB,Jimy Hettes
Ronny Markes,515.68,14-08-2011,W,U-DEC,Karlos Vemola
Karlos Vemola,482.68,14-08-2011,L,U-DEC,Ronny Markes
Ed Herman,528.13,14-08-2011,W,SUB,Kyle Noke
Kyle Noke,533.27,14-08-2011,L,SUB,Ed Herman
Joseph Benavidez,531.43,14-08-2011,W,U-DEC,Eddie Wineland
Eddie Wineland,469.28,14-08-2011,L,U-DEC,Joseph Benavidez
Jared Hamman,501.35,14-08-2011,W,KO/TKO,CB Dollaway
CB Dollaway,513.21,14-08-2011,L,KO/TKO,Jared Hamman
Duane Ludwig,530.64,14-08-2011,W,U-DEC,Amir Sadollah
Amir Sadollah,529.76,14-08-2011,L,U-DEC,Duane Ludwig
Donald Cerrone,553.52,14-08-2011,W,KO/TKO,Charles Oliveira
Charles Oliveira,520.97,14-08-2011,L,KO/TKO,Donald Cerrone
Benson Henderson,539.61,14-08-2011,W,U-DEC,Jim Miller
Jim Miller,613.75,14-08-2011,L,U-DEC,Benson Henderson
Chris Lytle,551.55,14-08-2011,W,SUB,Dan Hardy
Dan Hardy,507.73,14-08-2011,L,SUB,Chris Lytle
Yves Jabouin,497.22,27-08-2011,W,S-DEC,Ian Loveland
Ian Loveland,482.69,27-08-2011,L,S-DEC,Yves Jabouin
Iuri Alcantara,515.75,27-08-2011,W,U-DEC,Felipe Arantes
Felipe Arantes,484.25,27-08-2011,L,U-DEC,Iuri Alcantara
Erick Silva,515.75,27-08-2011,W,KO/TKO,Luis Ramos
Luis Ramos,484.25,27-08-2011,L,KO/TKO,Erick Silva
Raphael Assuncao,500.71,27-08-2011,W,U-DEC,Johnny Eduardo
Johnny Eduardo,483.54,27-08-2011,L,U-DEC,Raphael Assuncao
Paulo Thiago,533.97,27-08-2011,W,U-DEC,David Mitchell
David Mitchell,470.11,27-08-2011,L,U-DEC,Paulo Thiago
Rousimar Palhares,576.52,27-08-2011,W,U-DEC,Dan Miller
Dan Miller,510.4,27-08-2011,L,U-DEC,Rousimar Palhares
Thiago Tavares,532.71,27-08-2011,W,KO/TKO,Spencer Fisher
Spencer Fisher,518.46,27-08-2011,L,KO/TKO,Thiago Tavares
Stanislav Nedkov,516.58,27-08-2011,W,KO/TKO,Luiz Cane
Luiz Cane,501.67,27-08-2011,L,KO/TKO,Stanislav Nedkov
Antonio Rodrigo Nogueira,543.87,27-08-2011,W,KO/TKO,Brendan Schaub
Brendan Schaub,534.69,27-08-2011,L,KO/TKO,Antonio Rodrigo Nogueira
Edson Barboza,549.41,27-08-2011,W,S-DEC,Ross Pearson
Ross Pearson,526.86,27-08-2011,L,S-DEC,Edson Barboza
Mauricio Rua,535.26,27-08-2011,W,KO/TKO,Forrest Griffin
Forrest Griffin,565.0,27-08-2011,L,KO/TKO,Mauricio Rua
Anderson Silva,740.95,27-08-2011,W,KO/TKO,Yushin Okami
Yushin Okami,607.26,27-08-2011,L,KO/TKO,Anderson Silva
Justin Edwards,500.71,17-09-2011,W,U-DEC,Jorge Lopez
Jorge Lopez,483.54,17-09-2011,L,U-DEC,Justin Edwards
Robert Peralta,515.04,17-09-2011,W,U-DEC,Mike Lullo
Mike Lullo,469.21,17-09-2011,L,U-DEC,Robert Peralta
TJ Waldburger,520.66,17-09-2011,W,SUB,Mike Stumpf
Mike Stumpf,480.7,17-09-2011,L,SUB,TJ Waldburger
Seth Baczynski,505.03,17-09-2011,W,SUB,Clay Harvison
Clay Harvison,494.97,17-09-2011,L,SUB,Seth Baczynski
Ken Stone,503.62,17-09-2011,W,SUB,Donny Walker
Donny Walker,464.88,17-09-2011,L,SUB,Ken Stone
Lance Benoist,517.62,17-09-2011,W,U-DEC,Matthew Riddle
Matthew Riddle,523.79,17-09-2011,L,U-DEC,Lance Benoist
Evan Dunham,551.02,17-09-2011,W,U-DEC,Shamar Bailey
Shamar Bailey,500.93,17-09-2011,L,U-DEC,Evan Dunham
Vagner Rocha,504.45,17-09-2011,W,SUB,Cody McKenzie
Cody McKenzie,481.08,17-09-2011,L,SUB,Vagner Rocha
Alan Belcher,569.6,17-09-2011,W,KO/TKO,Jason MacDonald
Jason MacDonald,494.07,17-09-2011,L,KO/TKO,Alan Belcher
Erik Koch,532.25,17-09-2011,W,U-DEC,Jonathan Brookins
Jonathan Brookins,499.25,17-09-2011,L,U-DEC,Erik Koch
Court McGee,551.67,17-09-2011,W,U-DEC,Dongi Yang
Dongi Yang,484.95,17-09-2011,L,U-DEC,Court McGee
Jake Ellenberger,570.12,17-09-2011,W,KO/TKO,Jake Shields
Jake Shields,493.1,17-09-2011,L,KO/TKO,Jake Ellenberger
James Te Huna,510.79,24-09-2011,W,KO/TKO,Ricardo Romero
Ricardo Romero,483.9,24-09-2011,L,KO/TKO,James Te Huna
Takeya Mizugaki,514.48,24-09-2011,W,KO/TKO,Cole Escovedo
Cole Escovedo,469.19,24-09-2011,L,KO/TKO,Takeya Mizugaki
Junior Assuncao,496.27,24-09-2011,W,U-DEC,Eddie Yagin
Eddie Yagin,483.33,24-09-2011,L,U-DEC,Junior Assuncao
Tim Boetsch,530.56,24-09-2011,W,U-DEC,Nick Ring
Nick Ring,516.98,24-09-2011,L,U-DEC,Tim Boetsch
Tony Ferguson,531.05,24-09-2011,W,KO/TKO,Aaron Riley
Aaron Riley,475.08,24-09-2011,L,KO/TKO,Tony Ferguson
Nate Diaz,563.76,24-09-2011,W,SUB,Takanori Gomi
Takanori Gomi,471.91,24-09-2011,L,SUB,Nate Diaz
Travis Browne,552.42,24-09-2011,W,U-DEC,Rob Broughton
Rob Broughton,502.35,24-09-2011,L,U-DEC,Travis Browne
Mark Hunt,513.32,24-09-2011,W,U-DEC,Ben Rothwell
Ben Rothwell,483.9,24-09-2011,L,U-DEC,Mark Hunt
Josh Koscheck,622.41,24-09-2011,W,KO/TKO,Matt Hughes
Matt Hughes,618.97,24-09-2011,L,KO/TKO,Josh Koscheck
Jon Jones,627.24,24-09-2011,W,SUB,Quinton Jackson
Quinton Jackson,571.64,24-09-2011,L,SUB,Jon Jones
Walel Watson,515.75,01-10-2011,W,KO/TKO,Joseph Sandoval
Joseph Sandoval,484.25,01-10-2011,L,KO/TKO,Walel Watson
Josh Neer,493.55,01-10-2011,W,KO/TKO,Keith Wisniewski
Keith Wisniewski,468.19,01-10-2011,L,KO/TKO,Josh Neer
TJ Grant,517.85,01-10-2011,W,SUB,Shane Roller
Shane Roller,482.33,01-10-2011,L,SUB,TJ Grant
Mike Easton,515.75,01-10-2011,W,KO/TKO,Byron Bloodworth
Byron Bloodworth,484.25,01-10-2011,L,KO/TKO,Mike Easton
Paul Sass,537.71,01-10-2011,W,SUB,Michael Johnson
Michael Johnson,481.45,01-10-2011,L,SUB,Paul Sass
Yves Edwards,559.12,01-10-2011,W,KO/TKO,Rafaello Oliveira
Rafaello Oliveira,455.71,01-10-2011,L,KO/TKO,Yves Edwards
Matt Wiman,565.37,01-10-2011,W,U-DEC,Mac Danzig
Mac Danzig,486.09,01-10-2011,L,U-DEC,Matt Wiman
Anthony Johnson,558.81,01-10-2011,W,KO/TKO,Charlie Brenneman
Charlie Brenneman,518.66,01-10-2011,L,KO/TKO,Anthony Johnson
Stefan Struve,552.36,01-10-2011,W,SUB,Pat Barry
Pat Barry,476.69,01-10-2011,L,SUB,Stefan Struve
Dominick Cruz,533.71,01-10-2011,W,U-DEC,Demetrious Johnson
Demetrious Johnson,515.0,01-10-2011,L,U-DEC,Dominick Cruz
Mike Massenzio,485.57,08-10-2011,W,U-DEC,Steve Cantwell
Steve Cantwell,454.31,08-10-2011,L,U-DEC,Mike Massenzio
Aaron Simpson,561.22,08-10-2011,W,U-DEC,Eric Schafer
Eric Schafer,476.07,08-10-2011,L,U-DEC,Aaron Simpson
Darren Elkins,526.85,08-10-2011,W,U-DEC,Zhang Tiequan
Zhang Tiequan,501.42,08-10-2011,L,U-DEC,Darren Elkins
Stipe Miocic,516.33,08-10-2011,W,U-DEC,Joey Beltran
Joey Beltran,496.51,08-10-2011,L,U-DEC,Stipe Miocic
Anthony Pettis,503.28,08-10-2011,W,S-DEC,Jeremy Stephens
Jeremy Stephens,514.22,08-10-2011,L,S-DEC,Anthony Pettis
Demian Maia,594.27,08-10-2011,W,U-DEC,Jorge Santiago
Jorge Santiago,459.3,08-10-2011,L,U-DEC,Demian Maia
Joe Lauzon,583.74,08-10-2011,W,SUB,Melvin Guillard
Melvin Guillard,561.74,08-10-2011,L,SUB,Joe Lauzon
Nam Phan,483.14,08-10-2011,W,U-DEC,Leonard Garcia
Leonard Garcia,468.93,08-10-2011,L,U-DEC,Nam Phan
Chael Sonnen,533.94,08-10-2011,W,SUB,Brian Stann
Brian Stann,529.44,08-10-2011,L,SUB,Chael Sonnen
Jose Aldo,539.72,08-10-2011,W,U-DEC,Kenny Florian
Kenny Florian,607.4,08-10-2011,L,U-DEC,Jose Aldo
Frankie Edgar,642.55,08-10-2011,W,KO/TKO,Gray Maynard
Gray Maynard,613.5,08-10-2011,L,KO/TKO,Frankie Edgar
Clifford Starks,515.75,29-10-2011,W,U-DEC,Dustin Jacoby
Dustin Jacoby,484.25,29-10-2011,L,U-DEC,Clifford Starks
Francis Carmont,516.23,29-10-2011,W,U-DEC,Chris Camozzi
Chris Camozzi,494.3,29-10-2011,L,U-DEC,Francis Carmont
Ramsey Nijem,500.0,29-10-2011,W,U-DEC,Danny Downes
Danny Downes,468.53,29-10-2011,L,U-DEC,Ramsey Nijem
Brandon Vera,533.23,29-10-2011,W,U-DEC,Eliot Marshall
Eliot Marshall,500.92,29-10-2011,L,U-DEC,Brandon Vera
Bart Palaszewski,517.48,29-10-2011,W,KO/TKO,Tyson Griffin
Tyson Griffin,520.92,29-10-2011,L,KO/TKO,Bart Palaszewski
Donald Cerrone,577.43,29-10-2011,W,SUB,Dennis Siver
Dennis Siver,557.43,29-10-2011,L,SUB,Donald Cerrone
Hatsu Hioki,514.99,29-10-2011,W,S-DEC,George Roop
George Roop,468.25,29-10-2011,L,S-DEC,Hatsu Hioki
Scott Jorgensen,530.73,29-10-2011,W,U-DEC,Jeff Curran
Jeff Curran,468.77,29-10-2011,L,U-DEC,Scott Jorgensen
Roy Nelson,519.09,29-10-2011,W,KO/TKO,Mirko Filipovic
Mirko Filipovic,475.72,29-10-2011,L,KO/TKO,Roy Nelson
Cheick Kongo,579.7,29-10-2011,W,U-DEC,Matt Mitrione
Matt Mitrione,560.96,29-10-2011,L,U-DEC,Cheick Kongo
Nick Diaz,552.91,29-10-2011,W,U-DEC,BJ Penn
BJ Penn,589.12,29-10-2011,L,U-DEC,Nick Diaz
Chris Cariaso,514.26,05-11-2011,W,S-DEC,Vaughan Lee
Vaughan Lee,484.18,05-11-2011,L,S-DEC,Chris Cariaso
Che Mills,516.46,05-11-2011,W,KO/TKO,Chris Cope
Chris Cope,499.29,05-11-2011,L,KO/TKO,Che Mills
Michihiro Omigawa,458.79,05-11-2011,W,U-DEC,Jason Young
Jason Young,466.55,05-11-2011,L,U-DEC,Michihiro Omigawa
Philip De Fries,515.86,05-11-2011,W,U-DEC,Rob Broughton
Rob Broughton,486.49,05-11-2011,L,U-DEC,Philip De Fries
John Maguire,515.78,05-11-2011,W,U-DEC,Justin Edwards
Justin Edwards,484.93,05-11-2011,L,U-DEC,John Maguire
Terry Etim,550.56,05-11-2011,W,SUB,Edward Faaloloto
Edward Faaloloto,466.96,05-11-2011,L,SUB,Terry Etim
Anthony Perosh,497.16,05-11-2011,W,SUB,Cyrille Diabate
Cyrille Diabate,489.54,05-11-2011,L,SUB,Anthony Perosh
Thiago Alves,598.94,05-11-2011,W,SUB,Papy Abedi
Papy Abedi,485.23,05-11-2011,L,SUB,Thiago Alves
Renan Barao,535.13,05-11-2011,W,SUB,Brad Pickett
Brad Pickett,480.62,05-11-2011,L,SUB,Renan Barao
Mark Munoz,592.12,05-11-2011,W,KO/TKO,Chris Leben
Chris Leben,547.97,05-11-2011,L,KO/TKO,Mark Munoz
Aaron Rosa,500.58,12-11-2011,W,M-DEC,Matt Lucas
Matt Lucas,483.53,12-11-2011,L,M-DEC,Aaron Rosa
Mike Pierce,552.42,12-11-2011,W,S-DEC,Paul Bradley
Paul Bradley,470.32,12-11-2011,L,S-DEC,Mike Pierce
Alex Caceres,478.68,12-11-2011,W,U-DEC,Cole Escovedo
Cole Escovedo,453.14,12-11-2011,L,U-DEC,Alex Caceres
Mackens Semerzier,504.18,12-11-2011,L,Overturned,Robert Peralta
Robert Peralta,530.23,12-11-2011,W,Overturned,Mackens Semerzier
Darren Uyenoyama,515.04,12-11-2011,W,U-DEC,Norifumi Yamamoto
Norifumi Yamamoto,469.21,12-11-2011,L,U-DEC,Darren Uyenoyama
DaMarques Johnson,520.14,12-11-2011,W,KO/TKO,Clay Harvison
Clay Harvison,479.67,12-11-2011,L,KO/TKO,DaMarques Johnson
Ricardo Lamas,533.22,12-11-2011,W,SUB,Cub Swanson
Cub Swanson,480.84,12-11-2011,L,SUB,Ricardo Lamas
Dustin Poirier,552.59,12-11-2011,W,SUB,Pablo Garza
Pablo Garza,514.04,12-11-2011,L,SUB,Dustin Poirier
Benson Henderson,558.94,12-11-2011,W,U-DEC,Clay Guida
Clay Guida,562.34,12-11-2011,L,U-DEC,Benson Henderson
Junior Dos Santos,637.56,12-11-2011,W,KO/TKO,Cain Velasquez
Cain Velasquez,597.45,12-11-2011,L,KO/TKO,Junior Dos Santos
Danny Castillo,515.22,19-11-2011,W,KO/TKO,Shamar Bailey
Shamar Bailey,485.11,19-11-2011,L,KO/TKO,Danny Castillo
Seth Baczynski,524.82,19-11-2011,W,SUB,Matt Brown
Matt Brown,482.19,19-11-2011,L,SUB,Seth Baczynski
Miguel Torres,515.1,19-11-2011,W,U-DEC,Nick Pace
Nick Pace,485.51,19-11-2011,L,U-DEC,Miguel Torres
Gleison Tibau,580.94,19-11-2011,W,S-DEC,Rafael Dos Anjos
Rafael Dos Anjos,514.82,19-11-2011,L,S-DEC,Gleison Tibau
Chris Weidman,555.82,19-11-2011,W,SUB,Tom Lawlor
Tom Lawlor,491.18,19-11-2011,L,SUB,Chris Weidman
Michael McDonald,547.87,19-11-2011,W,KO/TKO,Alex Soto
Alex Soto,484.34,19-11-2011,L,KO/TKO,Michael McDonald
Ryan Bader,554.54,19-11-2011,W,KO/TKO,Jason Brilz
Jason Brilz,484.03,19-11-2011,L,KO/TKO,Ryan Bader
Stephan Bonnar,546.7,19-11-2011,W,U-DEC,Kyle Kingsbury
Kyle Kingsbury,532.35,19-11-2011,L,U-DEC,Stephan Bonnar
Martin Kampmann,574.72,19-11-2011,W,S-DEC,Rick Story
Rick Story,560.76,19-11-2011,L,S-DEC,Martin Kampmann
Urijah Faber,520.34,19-11-2011,W,SUB,Brian Bowles
Brian Bowles,514.65,19-11-2011,L,SUB,Urijah Faber
Wanderlei Silva,497.43,19-11-2011,W,KO/TKO,Cung Le
Cung Le,483.38,19-11-2011,L,KO/TKO,Wanderlei Silva
Dan Henderson,573.06,19-11-2011,W,U-DEC,Mauricio Rua
Mauricio Rua,518.34,19-11-2011,L,U-DEC,Dan Henderson
Bryan Caraway,519.06,03-12-2011,W,SUB,Dustin Neace
Dustin Neace,480.94,03-12-2011,L,SUB,Bryan Caraway
Steven Siler,515.75,03-12-2011,W,U-DEC,Josh Clopton
Josh Clopton,484.25,03-12-2011,L,U-DEC,Steven Siler
Roland Delorme,518.74,03-12-2011,W,SUB,Josh Ferguson
Josh Ferguson,481.26,03-12-2011,L,SUB,Roland Delorme
John Albert,515.75,03-12-2011,W,KO/TKO,Dustin Pague
Dustin Pague,484.25,03-12-2011,L,KO/TKO,John Albert
Marcus Brimage,515.75,03-12-2011,W,U-DEC,Stephen Bass
Stephen Bass,484.25,03-12-2011,L,U-DEC,Marcus Brimage
Johnny Bedford,515.75,03-12-2011,W,KO/TKO,Louis Gaudinot
Louis Gaudinot,484.25,03-12-2011,L,KO/TKO,Johnny Bedford
Tony Ferguson,549.69,03-12-2011,W,U-DEC,Yves Edwards
Yves Edwards,540.48,03-12-2011,L,U-DEC,Tony Ferguson
John Dodson,515.75,03-12-2011,W,KO/TKO,TJ Dillashaw
TJ Dillashaw,484.25,03-12-2011,L,KO/TKO,John Dodson
Diego Brandao,519.37,03-12-2011,W,SUB,Dennis Bermudez
Dennis Bermudez,480.63,03-12-2011,L,SUB,Diego Brandao
Michael Bisping,615.59,03-12-2011,W,KO/TKO,Jason Miller
Jason Miller,472.87,03-12-2011,L,KO/TKO,Michael Bisping
John Cholish,515.75,10-12-2011,W,KO/TKO,Mitch Clarke
Mitch Clarke,484.25,10-12-2011,L,KO/TKO,John Cholish
Jake Hecht,517.1,10-12-2011,W,KO/TKO,Rich Attonito
Rich Attonito,512.65,10-12-2011,L,KO/TKO,Jake Hecht
Mark Bocek,543.64,10-12-2011,W,U-DEC,Nik Lentz
Nik Lentz,550.18,10-12-2011,L,U-DEC,Mark Bocek
Yves Jabouin,514.6,10-12-2011,W,S-DEC,Walel Watson
Walel Watson,498.37,10-12-2011,L,S-DEC,Yves Jabouin
Dennis Hallman,503.68,10-12-2011,W,SUB,John Makdessi
John Makdessi,509.28,10-12-2011,L,SUB,Dennis Hallman
Constantinos Philippou,517.23,10-12-2011,W,KO/TKO,Jared Hamman
Jared Hamman,484.82,10-12-2011,L,KO/TKO,Constantinos Philippou
Igor Pokrajac,510.55,10-12-2011,W,KO/TKO,Krzysztof Soszynski
Krzysztof Soszynski,539.84,10-12-2011,L,KO/TKO,Igor Pokrajac
Chan Sung Jung,536.56,10-12-2011,W,KO/TKO,Mark Hominick
Mark Hominick,517.57,10-12-2011,L,KO/TKO,Chan Sung Jung
Brian Ebersole,551.73,10-12-2011,W,S-DEC,Claude Patrick
Claude Patrick,534.03,10-12-2011,L,S-DEC,Brian Ebersole
Rogerio Nogueira,520.47,10-12-2011,W,KO/TKO,Tito Ortiz
Tito Ortiz,558.11,10-12-2011,L,KO/TKO,Rogerio Nogueira
Frank Mir,627.02,10-12-2011,W,SUB,Antonio Rodrigo Nogueira
Antonio Rodrigo Nogueira,526.63,10-12-2011,L,SUB,Frank Mir
Jon Jones,650.45,10-12-2011,W,SUB,Lyoto Machida
Lyoto Machida,598.39,10-12-2011,L,SUB,Jon Jones
Diego Nunes,518.07,30-12-2011,W,U-DEC,Manvel Gamburyan
Manvel Gamburyan,459.56,30-12-2011,L,U-DEC,Diego Nunes
Jacob Volkmann,556.49,30-12-2011,W,U-DEC,Efrain Escudero
Efrain Escudero,489.97,30-12-2011,L,U-DEC,Jacob Volkmann
Dong Hyun Kim,590.75,30-12-2011,W,U-DEC,Sean Pierson
Sean Pierson,489.08,30-12-2011,L,U-DEC,Dong Hyun Kim
Danny Castillo,530.99,30-12-2011,W,S-DEC,Anthony Njokuani
Anthony Njokuani,484.12,30-12-2011,L,S-DEC,Danny Castillo
Ross Pearson,541.23,30-12-2011,W,U-DEC,Junior Assuncao
Junior Assuncao,481.9,30-12-2011,L,U-DEC,Ross Pearson
Jimy Hettes,532.85,30-12-2011,W,U-DEC,Nam Phan
Nam Phan,468.29,30-12-2011,L,U-DEC,Jimy Hettes
Alexander Gustafsson,574.22,30-12-2011,W,KO/TKO,Vladimir Matyushenko
Vladimir Matyushenko,543.17,30-12-2011,L,KO/TKO,Alexander Gustafsson
Johny Hendricks,598.76,30-12-2011,W,KO/TKO,Jon Fitch
Jon Fitch,657.2,30-12-2011,L,KO/TKO,Johny Hendricks
Nate Diaz,580.91,30-12-2011,W,U-DEC,Donald Cerrone
Donald Cerrone,560.28,30-12-2011,L,U-DEC,Nate Diaz
Alistair Overeem,517.98,30-12-2011,W,KO/TKO,Brock Lesnar
Brock Lesnar,531.53,30-12-2011,L,KO/TKO,Alistair Overeem
Felipe Arantes,500.71,14-01-2012,W,U-DEC,Antonio Carvalho
Antonio Carvalho,483.54,14-01-2012,L,U-DEC,Felipe Arantes
Mike Pyle,536.05,14-01-2012,W,KO/TKO,Ricardo Funch
Ricardo Funch,452.89,14-01-2012,L,KO/TKO,Mike Pyle
Iuri Alcantara,529.57,14-01-2012,W,U-DEC,Michihiro Omigawa
Michihiro Omigawa,444.97,14-01-2012,L,U-DEC,Iuri Alcantara
Gabriel Gonzaga,541.65,14-01-2012,W,SUB,Ednaldo Oliveira
Ednaldo Oliveira,481.94,14-01-2012,L,SUB,Gabriel Gonzaga
Thiago Tavares,548.78,14-01-2012,W,U-DEC,Sam Stout
Sam Stout,507.59,14-01-2012,L,U-DEC,Thiago Tavares
Edson Barboza,567.47,14-01-2012,W,KO/TKO,Terry Etim
Terry Etim,532.5,14-01-2012,L,KO/TKO,Edson Barboza
Carlo Prater,516.46,14-01-2012,W,DQ,Erick Silva
Erick Silva,499.29,14-01-2012,L,DQ,Carlo Prater
Rousimar Palhares,592.31,14-01-2012,W,SUB,Mike Massenzio
Mike Massenzio,469.78,14-01-2012,L,SUB,Rousimar Palhares
Vitor Belfort,587.06,14-01-2012,W,SUB,Anthony Johnson
Anthony Johnson,539.01,14-01-2012,L,SUB,Vitor Belfort
Jose Aldo,556.53,14-01-2012,W,KO/TKO,Chad Mendes
Chad Mendes,514.04,14-01-2012,L,KO/TKO,Jose Aldo
Nick Denis,515.04,20-01-2012,W,KO/TKO,Joseph Sandoval
Joseph Sandoval,469.21,20-01-2012,L,KO/TKO,Nick Denis
Daniel Pineda,519.37,20-01-2012,W,SUB,Pat Schilling
Pat Schilling,480.63,20-01-2012,L,SUB,Daniel Pineda
Fabricio Camoes,501.6,20-01-2012,W,SUB,Tommy Hayden
Tommy Hayden,479.58,20-01-2012,L,SUB,Fabricio Camoes
Charlie Brenneman,533.86,20-01-2012,W,U-DEC,Daniel Roberts
Daniel Roberts,491.39,20-01-2012,L,U-DEC,Charlie Brenneman
Khabib Nurmagomedov,518.02,20-01-2012,W,SUB,Kamal Shalorus
Kamal Shalorus,468.57,20-01-2012,L,SUB,Khabib Nurmagomedov
Jorge Rivera,514.39,20-01-2012,W,KO/TKO,Eric Schafer
Eric Schafer,461.39,20-01-2012,L,KO/TKO,Jorge Rivera
Pat Barry,493.03,20-01-2012,W,KO/TKO,Christian Morecraft
Christian Morecraft,473.39,20-01-2012,L,KO/TKO,Pat Barry
Mike Easton,531.5,20-01-2012,W,M-DEC,Jared Papazian
Jared Papazian,484.25,20-01-2012,L,M-DEC,Mike Easton
Josh Neer,516.0,20-01-2012,W,SUB,Duane Ludwig
Duane Ludwig,508.19,20-01-2012,L,SUB,Josh Neer
Jim Miller,630.24,20-01-2012,W,SUB,Melvin Guillard
Melvin Guillard,545.25,20-01-2012,L,SUB,Jim Miller
Chris Camozzi,512.5,28-01-2012,W,SUB,Dustin Jacoby
Dustin Jacoby,466.05,28-01-2012,L,SUB,Chris Camozzi
Lavar Johnson,515.59,28-01-2012,W,KO/TKO,Joey Beltran
Joey Beltran,480.92,28-01-2012,L,KO/TKO,Lavar Johnson
Michael Johnson,497.24,28-01-2012,W,U-DEC,Shane Roller
Shane Roller,466.54,28-01-2012,L,U-DEC,Michael Johnson
Charles Oliveira,539.17,28-01-2012,W,SUB,Eric Wisely
Eric Wisely,481.8,28-01-2012,L,SUB,Charles Oliveira
Cub Swanson,496.02,28-01-2012,W,KO/TKO,George Roop
George Roop,453.07,28-01-2012,L,KO/TKO,Cub Swanson
Mike Russow,566.07,28-01-2012,W,U-DEC,Jon Olav Einemo
Jon Olav Einemo,469.69,28-01-2012,L,U-DEC,Mike Russow
Evan Dunham,567.48,28-01-2012,W,KO/TKO,Nik Lentz
Nik Lentz,533.72,28-01-2012,L,KO/TKO,Evan Dunham
Chris Weidman,575.8,28-01-2012,W,U-DEC,Demian Maia
Demian Maia,574.29,28-01-2012,L,U-DEC,Chris Weidman
Chael Sonnen,554.25,28-01-2012,W,U-DEC,Michael Bisping
Michael Bisping,595.28,28-01-2012,L,U-DEC,Chael Sonnen
Rashad Evans,677.73,28-01-2012,W,U-DEC,Phil Davis
Phil Davis,571.99,28-01-2012,L,U-DEC,Rashad Evans
Stephen Thompson,515.75,04-02-2012,W,KO/TKO,Dan Stittgen
Dan Stittgen,484.25,04-02-2012,L,KO/TKO,Stephen Thompson
Rafael Natal,517.8,04-02-2012,W,U-DEC,Michael Kuiper
Michael Kuiper,483.56,04-02-2012,L,U-DEC,Rafael Natal
Matthew Riddle,538.46,04-02-2012,W,S-DEC,Henry Martinez
Henry Martinez,485.33,04-02-2012,L,S-DEC,Matthew Riddle
Matt Brown,498.71,04-02-2012,W,KO/TKO,Chris Cope
Chris Cope,482.77,04-02-2012,L,KO/TKO,Matt Brown
Edwin Figueroa,514.56,04-02-2012,W,S-DEC,Alex Caceres
Alex Caceres,463.15,04-02-2012,L,S-DEC,Edwin Figueroa
Dustin Poirier,571.4,04-02-2012,W,SUB,Max Holloway
Max Holloway,481.19,04-02-2012,L,SUB,Dustin Poirier
Ed Herman,548.26,04-02-2012,W,SUB,Clifford Starks
Clifford Starks,495.62,04-02-2012,L,SUB,Ed Herman
Renan Barao,552.16,04-02-2012,W,U-DEC,Scott Jorgensen
Scott Jorgensen,513.7,04-02-2012,L,U-DEC,Renan Barao
Josh Koscheck,635.63,04-02-2012,W,S-DEC,Mike Pierce
Mike Pierce,539.2,04-02-2012,L,S-DEC,Josh Koscheck
Fabricio Werdum,523.68,04-02-2012,W,U-DEC,Roy Nelson
Roy Nelson,502.81,04-02-2012,L,U-DEC,Fabricio Werdum
Carlos Condit,579.09,04-02-2012,W,U-DEC,Nick Diaz
Nick Diaz,534.58,04-02-2012,L,U-DEC,Carlos Condit
Tim Means,515.75,15-02-2012,W,U-DEC,Bernardo Magalhaes
Bernardo Magalhaes,484.25,15-02-2012,L,U-DEC,Tim Means
Justin Salas,515.75,15-02-2012,W,U-DEC,Anton Kuivanen
Anton Kuivanen,484.25,15-02-2012,L,U-DEC,Justin Salas
Jonathan Brookins,515.24,15-02-2012,W,KO/TKO,Vagner Rocha
Vagner Rocha,488.46,15-02-2012,L,KO/TKO,Jonathan Brookins
Ivan Menjivar,538.72,15-02-2012,W,SUB,John Albert
John Albert,494.65,15-02-2012,L,SUB,Ivan Menjivar
TJ Dillashaw,500.64,15-02-2012,W,U-DEC,Walel Watson
Walel Watson,481.98,15-02-2012,L,U-DEC,TJ Dillashaw
Stipe Miocic,532.81,15-02-2012,W,KO/TKO,Philip De Fries
Philip De Fries,499.38,15-02-2012,L,KO/TKO,Stipe Miocic
Ronny Markes,534.33,15-02-2012,W,S-DEC,Aaron Simpson
Aaron Simpson,542.57,15-02-2012,L,S-DEC,Ronny Markes
Stefan Struve,567.13,15-02-2012,W,KO/TKO,Dave Herman
Dave Herman,500.98,15-02-2012,L,KO/TKO,Stefan Struve
Jake Ellenberger,591.76,15-02-2012,W,U-DEC,Diego Sanchez
Diego Sanchez,586.71,15-02-2012,L,U-DEC,Jake Ellenberger
Issei Tamura,515.81,25-02-2012,W,KO/TKO,Zhang Tiequan
Zhang Tiequan,485.61,25-02-2012,L,KO/TKO,Issei Tamura
Chris Cariaso,530.77,25-02-2012,W,U-DEC,Takeya Mizugaki
Takeya Mizugaki,497.97,25-02-2012,L,U-DEC,Chris Cariaso
Riki Fukuda,498.65,25-02-2012,W,U-DEC,Steve Cantwell
Steve Cantwell,439.91,25-02-2012,L,U-DEC,Riki Fukuda
Vaughan Lee,502.72,25-02-2012,W,SUB,Norifumi Yamamoto
Norifumi Yamamoto,450.67,25-02-2012,L,SUB,Vaughan Lee
Takanori Gomi,488.93,25-02-2012,W,KO/TKO,Eiji Mitsuoka
Eiji Mitsuoka,482.98,25-02-2012,L,KO/TKO,Takanori Gomi
Anthony Pettis,523.53,25-02-2012,W,KO/TKO,Joe Lauzon
Joe Lauzon,563.49,25-02-2012,L,KO/TKO,Anthony Pettis
Hatsu Hioki,531.61,25-02-2012,W,U-DEC,Bart Palaszewski
Bart Palaszewski,500.86,25-02-2012,L,U-DEC,Hatsu Hioki
Tim Boetsch,551.56,25-02-2012,W,KO/TKO,Yushin Okami
Yushin Okami,586.26,25-02-2012,L,KO/TKO,Tim Boetsch
Jake Shields,507.96,25-02-2012,W,U-DEC,Yoshihiro Akiyama
Yoshihiro Akiyama,458.55,25-02-2012,L,U-DEC,Jake Shields
Mark Hunt,533.83,25-02-2012,W,KO/TKO,Cheick Kongo
Cheick Kongo,559.19,25-02-2012,L,KO/TKO,Mark Hunt
Ryan Bader,571.85,25-02-2012,W,U-DEC,Quinton Jackson
Quinton Jackson,554.33,25-02-2012,L,U-DEC,Ryan Bader
Benson Henderson,581.19,25-02-2012,W,U-DEC,Frankie Edgar
Frankie Edgar,620.3,25-02-2012,L,U-DEC,Benson Henderson
Shawn Jordan,515.75,02-03-2012,W,KO/TKO,Oli Thompson
Oli Thompson,484.25,02-03-2012,L,KO/TKO,Shawn Jordan
Daniel Pineda,538.78,02-03-2012,W,SUB,Mackens Semerzier
Mackens Semerzier,484.77,02-03-2012,L,SUB,Daniel Pineda
TJ Waldburger,540.75,02-03-2012,W,SUB,Jake Hecht
Jake Hecht,497.01,02-03-2012,L,SUB,TJ Waldburger
Andrew Craig,517.25,02-03-2012,W,U-DEC,Kyle Noke
Kyle Noke,516.02,02-03-2012,L,U-DEC,Andrew Craig
Steven Siler,534.68,02-03-2012,W,U-DEC,Cole Miller
Cole Miller,548.44,02-03-2012,L,U-DEC,Steven Siler
Anthony Perosh,514.55,02-03-2012,W,KO/TKO,Nick Penner
Nick Penner,482.61,02-03-2012,L,KO/TKO,Anthony Perosh
James Te Huna,526.81,02-03-2012,W,KO/TKO,Aaron Rosa
Aaron Rosa,484.56,02-03-2012,L,KO/TKO,James Te Huna
Constantinos Philippou,536.18,02-03-2012,W,U-DEC,Court McGee
Court McGee,532.72,02-03-2012,L,U-DEC,Constantinos Philippou
Demetrious Johnson,514.35,02-03-2012,L,M-DEC,Ian McCall
Ian McCall,500.65,02-03-2012,W,M-DEC,Demetrious Johnson
Joseph Benavidez,547.12,02-03-2012,W,KO/TKO,Yasuhiro Urushitani
Yasuhiro Urushitani,484.31,02-03-2012,L,KO/TKO,Joseph Benavidez
Martin Kampmann,595.72,02-03-2012,W,SUB,Thiago Alves
Thiago Alves,577.94,02-03-2012,L,SUB,Martin Kampmann
Jason Young,482.99,14-04-2012,W,U-DEC,Eric Wisely
Eric Wisely,465.36,14-04-2012,L,U-DEC,Jason Young
Simeon Thoresen,519.06,14-04-2012,W,SUB,Besam Yousef
Besam Yousef,480.94,14-04-2012,L,SUB,Simeon Thoresen
Reza Madadi,519.06,14-04-2012,W,SUB,Yoislandy Izquierdo
Yoislandy Izquierdo,480.94,14-04-2012,L,SUB,Reza Madadi
Francis Carmont,535.26,14-04-2012,W,SUB,Magnus Cedenblad
Magnus Cedenblad,480.97,14-04-2012,L,SUB,Francis Carmont
Cyrille Diabate,505.76,14-04-2012,W,M-DEC,Tom DeBlass
Tom DeBlass,483.78,14-04-2012,L,M-DEC,Cyrille Diabate
James Head,500.84,14-04-2012,W,SUB,Papy Abedi
Papy Abedi,465.64,14-04-2012,L,SUB,James Head
Brad Pickett,499.68,14-04-2012,W,SUB,Damacio Page
Damacio Page,461.57,14-04-2012,L,SUB,Brad Pickett
John Maguire,536.0,14-04-2012,W,SUB,DaMarques Johnson
DaMarques Johnson,499.92,14-04-2012,L,SUB,John Maguire
Dennis Siver,571.4,14-04-2012,W,U-DEC,Diego Nunes
Diego Nunes,504.1,14-04-2012,L,U-DEC,Dennis Siver
Siyar Bahadurzada,517.29,14-04-2012,W,KO/TKO,Paulo Thiago
Paulo Thiago,516.68,14-04-2012,L,KO/TKO,Siyar Bahadurzada
Brian Stann,544.22,14-04-2012,W,KO/TKO,Alessio Sakara
Alessio Sakara,493.17,14-04-2012,L,KO/TKO,Brian Stann
Alexander Gustafsson,592.34,14-04-2012,W,U-DEC,Thiago Silva
Thiago Silva,544.41,14-04-2012,L,U-DEC,Alexander Gustafsson
Marcus Brimage,531.5,21-04-2012,W,S-DEC,Maximo Blanco
Maximo Blanco,484.25,21-04-2012,L,S-DEC,Marcus Brimage
Chris Clements,514.31,21-04-2012,W,S-DEC,Keith Wisniewski
Keith Wisniewski,453.88,21-04-2012,L,S-DEC,Chris Clements
Mac Danzig,502.02,21-04-2012,W,U-DEC,Efrain Escudero
Efrain Escudero,474.04,21-04-2012,L,U-DEC,Mac Danzig
Anthony Njokuani,501.01,21-04-2012,W,U-DEC,John Makdessi
John Makdessi,492.39,21-04-2012,L,U-DEC,Anthony Njokuani
Matt Brown,516.02,21-04-2012,W,U-DEC,Stephen Thompson
Stephen Thompson,498.44,21-04-2012,L,U-DEC,Matt Brown
Travis Browne,571.24,21-04-2012,W,SUB,Chad Griggs
Chad Griggs,481.18,21-04-2012,L,SUB,Travis Browne
Mark Bocek,555.93,21-04-2012,W,U-DEC,John Alessio
John Alessio,440.74,21-04-2012,L,U-DEC,Mark Bocek
Eddie Yagin,500.63,21-04-2012,W,S-DEC,Mark Hominick
Mark Hominick,500.27,21-04-2012,L,S-DEC,Eddie Yagin
Michael McDonald,564.18,21-04-2012,W,KO/TKO,Miguel Torres
Miguel Torres,498.79,21-04-2012,L,KO/TKO,Michael McDonald
Ben Rothwell,501.94,21-04-2012,W,KO/TKO,Brendan Schaub
Brendan Schaub,516.65,21-04-2012,L,KO/TKO,Ben Rothwell
Rory MacDonald,554.33,21-04-2012,W,KO/TKO,Che Mills
Che Mills,500.29,21-04-2012,L,KO/TKO,Rory MacDonald
Jon Jones,672.29,21-04-2012,W,U-DEC,Rashad Evans
Rashad Evans,655.89,21-04-2012,L,U-DEC,Jon Jones
Karlos Vemola,501.03,05-05-2012,W,SUB,Mike Massenzio
Mike Massenzio,451.43,05-05-2012,L,SUB,Karlos Vemola
Roland Delorme,538.82,05-05-2012,W,SUB,Nick Denis
Nick Denis,494.96,05-05-2012,L,SUB,Roland Delorme
Dennis Bermudez,497.89,05-05-2012,W,U-DEC,Pablo Garza
Pablo Garza,496.78,05-05-2012,L,U-DEC,Dennis Bermudez
Danny Castillo,547.48,05-05-2012,W,U-DEC,John Cholish
John Cholish,499.26,05-05-2012,L,U-DEC,Danny Castillo
Louis Gaudinot,504.17,05-05-2012,W,SUB,John Lineker
John Lineker,480.08,05-05-2012,L,SUB,Louis Gaudinot
John Hathaway,574.53,05-05-2012,W,U-DEC,Pascal Krauss
Pascal Krauss,501.35,05-05-2012,L,U-DEC,John Hathaway
John Dodson,531.5,05-05-2012,W,U-DEC,Tim Elliott
Tim Elliott,484.25,05-05-2012,L,U-DEC,John Dodson
Michael Johnson,516.21,05-05-2012,W,U-DEC,Tony Ferguson
Tony Ferguson,530.72,05-05-2012,L,U-DEC,Michael Johnson
Lavar Johnson,531.02,05-05-2012,W,KO/TKO,Pat Barry
Pat Barry,477.6,05-05-2012,L,KO/TKO,Lavar Johnson
Alan Belcher,588.77,05-05-2012,W,KO/TKO,Rousimar Palhares
Rousimar Palhares,573.14,05-05-2012,L,KO/TKO,Alan Belcher
Johny Hendricks,618.66,05-05-2012,W,S-DEC,Josh Koscheck
Josh Koscheck,615.73,05-05-2012,L,S-DEC,Johny Hendricks
Nate Diaz,604.73,05-05-2012,W,SUB,Jim Miller
Jim Miller,606.42,05-05-2012,L,SUB,Nate Diaz
Francisco Rivera,496.34,15-05-2012,W,U-DEC,Alex Soto
Alex Soto,468.41,15-05-2012,L,U-DEC,Francisco Rivera
Johnny Eduardo,498.62,15-05-2012,W,U-DEC,Jeff Curran
Jeff Curran,453.69,15-05-2012,L,U-DEC,Johnny Eduardo
Rafael Dos Anjos,531.63,15-05-2012,W,SUB,Kamal Shalorus
Kamal Shalorus,451.76,15-05-2012,L,SUB,Rafael Dos Anjos
TJ Grant,534.28,15-05-2012,W,U-DEC,Carlo Prater
Carlo Prater,500.03,15-05-2012,L,U-DEC,TJ Grant
Cody McKenzie,501.51,15-05-2012,W,SUB,Marcus LeVesseur
Marcus LeVesseur,479.57,15-05-2012,L,SUB,Cody McKenzie
Brad Tavares,527.48,15-05-2012,W,U-DEC,Dongi Yang
Dongi Yang,470.47,15-05-2012,L,U-DEC,Brad Tavares
Tom Lawlor,507.06,15-05-2012,W,KO/TKO,Jason MacDonald
Jason MacDonald,478.19,15-05-2012,L,KO/TKO,Tom Lawlor
Igor Pokrajac,527.21,15-05-2012,W,U-DEC,Fabio Maldonado
Fabio Maldonado,481.99,15-05-2012,L,U-DEC,Igor Pokrajac
Yves Jabouin,531.91,15-05-2012,W,U-DEC,Jeff Hougland
Jeff Hougland,498.44,15-05-2012,L,U-DEC,Yves Jabouin
Donald Cerrone,573.95,15-05-2012,W,U-DEC,Jeremy Stephens
Jeremy Stephens,500.55,15-05-2012,L,U-DEC,Donald Cerrone
Amir Sadollah,543.43,15-05-2012,W,S-DEC,Jorge Lopez
Jorge Lopez,469.87,15-05-2012,L,S-DEC,Amir Sadollah
Chan Sung Jung,558.76,15-05-2012,W,SUB,Dustin Poirier
Dustin Poirier,549.2,15-05-2012,L,SUB,Chan Sung Jung
Mike Brown,488.65,26-05-2012,W,U-DEC,Daniel Pineda
Daniel Pineda,519.0,26-05-2012,L,U-DEC,Mike Brown
Glover Teixeira,521.17,26-05-2012,W,SUB,Kyle Kingsbury
Kyle Kingsbury,511.18,26-05-2012,L,SUB,Glover Teixeira
Paul Sass,560.07,26-05-2012,W,SUB,Jacob Volkmann
Jacob Volkmann,534.13,26-05-2012,L,SUB,Paul Sass
Dan Hardy,523.5,26-05-2012,W,KO/TKO,Duane Ludwig
Duane Ludwig,492.42,26-05-2012,L,KO/TKO,Dan Hardy
CB Dollaway,527.14,26-05-2012,W,U-DEC,Jason Miller
Jason Miller,458.94,26-05-2012,L,U-DEC,CB Dollaway
Jamie Varner,521.3,26-05-2012,W,KO/TKO,Edson Barboza
Edson Barboza,547.88,26-05-2012,L,KO/TKO,Jamie Varner
Darren Elkins,543.73,26-05-2012,W,U-DEC,Diego Brandao
Diego Brandao,502.49,26-05-2012,L,U-DEC,Darren Elkins
Stefan Struve,586.15,26-05-2012,W,SUB,Lavar Johnson
Lavar Johnson,512.0,26-05-2012,L,SUB,Stefan Struve
Stipe Miocic,548.44,26-05-2012,W,KO/TKO,Shane del Rosario
Shane del Rosario,484.37,26-05-2012,L,KO/TKO,Stipe Miocic
Roy Nelson,518.48,26-05-2012,W,KO/TKO,Dave Herman
Dave Herman,485.31,26-05-2012,L,KO/TKO,Roy Nelson
Cain Velasquez,608.89,26-05-2012,W,KO/TKO,Antonio Silva
Antonio Silva,488.56,26-05-2012,L,KO/TKO,Cain Velasquez
Junior Dos Santos,658.65,26-05-2012,W,KO/TKO,Frank Mir
Frank Mir,605.93,26-05-2012,L,KO/TKO,Junior Dos Santos
Erik Perez,519.07,01-06-2012,W,SUB,John Albert
John Albert,475.58,01-06-2012,L,SUB,Erik Perez
Joe Proctor,515.75,01-06-2012,W,KO/TKO,Jeremy Larsen
Jeremy Larsen,484.25,01-06-2012,L,KO/TKO,Joe Proctor
Sam Sicilia,515.75,01-06-2012,W,KO/TKO,Cristiano Marcello
Cristiano Marcello,484.25,01-06-2012,L,KO/TKO,Sam Sicilia
Myles Jury,519.37,01-06-2012,W,SUB,Chris Saunders
Chris Saunders,480.63,01-06-2012,L,SUB,Myles Jury
Daron Cruickshank,515.75,01-06-2012,W,U-DEC,Chris Tickle
Chris Tickle,484.25,01-06-2012,L,U-DEC,Daron Cruickshank
Justin Lawrence,515.75,01-06-2012,W,KO/TKO,John Cofer
John Cofer,484.25,01-06-2012,L,KO/TKO,Justin Lawrence
Max Holloway,496.91,01-06-2012,W,U-DEC,Pat Schilling
Pat Schilling,464.91,01-06-2012,L,U-DEC,Max Holloway
Charles Oliveira,557.76,01-06-2012,W,SUB,Jonathan Brookins
Jonathan Brookins,496.65,01-06-2012,L,SUB,Charles Oliveira
Michael Chiesa,519.37,01-06-2012,W,SUB,Al Iaquinta
Al Iaquinta,480.63,01-06-2012,L,SUB,Michael Chiesa
Martin Kampmann,612.77,01-06-2012,W,KO/TKO,Jake Ellenberger
Jake Ellenberger,574.71,01-06-2012,L,KO/TKO,Martin Kampmann
Sean Pierson,505.19,08-06-2012,W,U-DEC,Jake Hecht
Jake Hecht,480.9,08-06-2012,L,U-DEC,Sean Pierson
Henry Martinez,501.03,08-06-2012,W,S-DEC,Bernardo Magalhaes
Bernardo Magalhaes,468.55,08-06-2012,L,S-DEC,Henry Martinez
Buddy Roberts,515.75,08-06-2012,W,U-DEC,Caio Magalhaes
Caio Magalhaes,484.25,08-06-2012,L,U-DEC,Buddy Roberts
Tim Means,532.25,08-06-2012,W,KO/TKO,Justin Salas
Justin Salas,499.25,08-06-2012,L,KO/TKO,Tim Means
Dustin Pague,503.62,08-06-2012,W,SUB,Jared Papazian
Jared Papazian,464.88,08-06-2012,L,SUB,Dustin Pague
Matt Grice,465.17,08-06-2012,W,U-DEC,Leonard Garcia
Leonard Garcia,452.25,08-06-2012,L,U-DEC,Matt Grice
Seth Baczynski,541.71,08-06-2012,W,S-DEC,Lance Benoist
Lance Benoist,500.73,08-06-2012,L,S-DEC,Seth Baczynski
Mike Pierce,553.23,08-06-2012,W,U-DEC,Carlos Eduardo Rocha
Carlos Eduardo Rocha,487.09,08-06-2012,L,U-DEC,Mike Pierce
Eddie Wineland,487.03,08-06-2012,W,KO/TKO,Scott Jorgensen
Scott Jorgensen,495.95,08-06-2012,L,KO/TKO,Eddie Wineland
Mike Pyle,551.6,08-06-2012,W,KO/TKO,Josh Neer
Josh Neer,500.45,08-06-2012,L,KO/TKO,Mike Pyle
Erick Silva,520.58,08-06-2012,W,SUB,Charlie Brenneman
Charlie Brenneman,512.57,08-06-2012,L,SUB,Erick Silva
Demetrious Johnson,529.48,08-06-2012,W,U-DEC,Ian McCall
Ian McCall,485.52,08-06-2012,L,U-DEC,Demetrious Johnson
Ken Stone,520.12,22-06-2012,W,S-DEC,Dustin Pague
Dustin Pague,487.12,22-06-2012,L,S-DEC,Ken Stone
Dan Miller,526.07,22-06-2012,W,SUB,Ricardo Funch
Ricardo Funch,437.22,22-06-2012,L,SUB,Dan Miller
Matt Brown,531.7,22-06-2012,W,KO/TKO,Luis Ramos
Luis Ramos,468.57,22-06-2012,L,KO/TKO,Matt Brown
Chris Camozzi,529.12,22-06-2012,W,KO/TKO,Nick Catone
Nick Catone,498.4,22-06-2012,L,KO/TKO,Chris Camozzi
Steven Siler,553.79,22-06-2012,W,SUB,Joey Gambino
Joey Gambino,480.89,22-06-2012,L,SUB,Steven Siler
Rick Story,573.78,22-06-2012,W,U-DEC,Brock Jardine
Brock Jardine,486.98,22-06-2012,L,U-DEC,Rick Story
Ramsey Nijem,516.5,22-06-2012,W,KO/TKO,CJ Keith
CJ Keith,483.5,22-06-2012,L,KO/TKO,Ramsey Nijem
Ricardo Lamas,550.39,22-06-2012,W,U-DEC,Hatsu Hioki
Hatsu Hioki,514.44,22-06-2012,L,U-DEC,Ricardo Lamas
Cub Swanson,514.66,22-06-2012,W,KO/TKO,Ross Pearson
Ross Pearson,522.59,22-06-2012,L,KO/TKO,Cub Swanson
Brian Ebersole,569.16,22-06-2012,W,U-DEC,TJ Waldburger
TJ Waldburger,523.32,22-06-2012,L,U-DEC,Brian Ebersole
Sam Stout,523.83,22-06-2012,W,U-DEC,Spencer Fisher
Spencer Fisher,502.22,22-06-2012,L,U-DEC,Sam Stout
Gray Maynard,626.95,22-06-2012,W,S-DEC,Clay Guida
Clay Guida,548.89,22-06-2012,L,S-DEC,Gray Maynard
Felipe Arantes,500.68,23-06-2012,L,S-DEC,Milton Vieira
Milton Vieira,500.03,23-06-2012,W,S-DEC,Felipe Arantes
Marcos Vinicius,515.75,23-06-2012,W,KO/TKO,Wagner Campos
Wagner Campos,484.25,23-06-2012,L,KO/TKO,Marcos Vinicius
Thiago Perpetuo,515.75,23-06-2012,W,KO/TKO,Leonardo Mafra
Leonardo Mafra,484.25,23-06-2012,L,KO/TKO,Thiago Perpetuo
Hugo Viana,515.75,23-06-2012,W,S-DEC,John Teixeira
John Teixeira,484.25,23-06-2012,L,S-DEC,Hugo Viana
Francisco Trinaldo,515.75,23-06-2012,W,KO/TKO,Delson Heleno
Delson Heleno,484.25,23-06-2012,L,KO/TKO,Francisco Trinaldo
Rodrigo Damm,519.37,23-06-2012,W,SUB,Anistavio Medeiros
Anistavio Medeiros,480.63,23-06-2012,L,SUB,Rodrigo Damm
Hacran Dias,517.09,23-06-2012,W,U-DEC,Iuri Alcantara
Iuri Alcantara,512.48,23-06-2012,L,U-DEC,Hacran Dias
Fabricio Werdum,542.18,23-06-2012,W,KO/TKO,Mike Russow
Mike Russow,547.57,23-06-2012,L,KO/TKO,Fabricio Werdum
Rony Jason,515.75,23-06-2012,W,U-DEC,Godofredo Pepey
Godofredo Pepey,484.25,23-06-2012,L,U-DEC,Rony Jason
Cezar Ferreira,515.75,23-06-2012,W,U-DEC,Sergio Moraes
Sergio Moraes,484.25,23-06-2012,L,U-DEC,Cezar Ferreira
Rich Franklin,611.83,23-06-2012,W,U-DEC,Wanderlei Silva
Wanderlei Silva,486.22,23-06-2012,L,U-DEC,Rich Franklin
Rafaello Oliveira,472.6,07-07-2012,W,U-DEC,Yoislandy Izquierdo
Yoislandy Izquierdo,464.05,07-07-2012,L,U-DEC,Rafaello Oliveira
Shane Roller,481.12,07-07-2012,W,U-DEC,John Alessio
John Alessio,426.16,07-07-2012,L,U-DEC,Shane Roller
Constantinos Philippou,552.24,07-07-2012,W,U-DEC,Riki Fukuda
Riki Fukuda,482.59,07-07-2012,L,U-DEC,Constantinos Philippou
Khabib Nurmagomedov,537.48,07-07-2012,W,U-DEC,Gleison Tibau
Gleison Tibau,561.48,07-07-2012,L,U-DEC,Khabib Nurmagomedov
Melvin Guillard,559.03,07-07-2012,W,U-DEC,Fabricio Camoes
Fabricio Camoes,487.82,07-07-2012,L,U-DEC,Melvin Guillard
Mike Easton,549.11,07-07-2012,W,U-DEC,Ivan Menjivar
Ivan Menjivar,521.11,07-07-2012,L,U-DEC,Mike Easton
Chad Mendes,529.22,07-07-2012,W,KO/TKO,Cody McKenzie
Cody McKenzie,486.33,07-07-2012,L,KO/TKO,Chad Mendes
Demian Maia,590.79,07-07-2012,W,KO/TKO,Dong Hyun Kim
Dong Hyun Kim,574.25,07-07-2012,L,KO/TKO,Demian Maia
Cung Le,498.38,07-07-2012,W,U-DEC,Patrick Cote
Patrick Cote,451.82,07-07-2012,L,U-DEC,Cung Le
Forrest Griffin,580.44,07-07-2012,W,U-DEC,Tito Ortiz
Tito Ortiz,542.67,07-07-2012,L,U-DEC,Forrest Griffin
Anderson Silva,752.4,07-07-2012,W,KO/TKO,Chael Sonnen
Chael Sonnen,542.8,07-07-2012,L,KO/TKO,Anderson Silva
Raphael Assuncao,517.93,11-07-2012,W,KO/TKO,Issei Tamura
Issei Tamura,498.59,11-07-2012,L,KO/TKO,Raphael Assuncao
Marcelo Guimaraes,515.04,11-07-2012,W,S-DEC,Dan Stittgen
Dan Stittgen,469.21,11-07-2012,L,S-DEC,Marcelo Guimaraes
Andrew Craig,533.78,11-07-2012,W,KO/TKO,Rafael Natal
Rafael Natal,501.27,11-07-2012,L,KO/TKO,Andrew Craig
Chris Cariaso,545.58,11-07-2012,W,U-DEC,Josh Ferguson
Josh Ferguson,466.45,11-07-2012,L,U-DEC,Chris Cariaso
Alex Caceres,482.12,11-07-2012,W,SUB,Damacio Page
Damacio Page,442.6,11-07-2012,L,SUB,Alex Caceres
Rafael Dos Anjos,546.68,11-07-2012,W,U-DEC,Anthony Njokuani
Anthony Njokuani,485.96,11-07-2012,L,U-DEC,Rafael Dos Anjos
TJ Dillashaw,521.06,11-07-2012,W,SUB,Vaughan Lee
Vaughan Lee,482.3,11-07-2012,L,SUB,TJ Dillashaw
Francis Carmont,554.08,11-07-2012,W,SUB,Karlos Vemola
Karlos Vemola,482.21,11-07-2012,L,SUB,Francis Carmont
Aaron Simpson,555.72,11-07-2012,W,U-DEC,Kenny Robertson
Kenny Robertson,471.59,11-07-2012,L,U-DEC,Aaron Simpson
James Te Huna,541.79,11-07-2012,W,U-DEC,Joey Beltran
Joey Beltran,465.94,11-07-2012,L,U-DEC,James Te Huna
Chris Weidman,595.43,11-07-2012,W,KO/TKO,Mark Munoz
Mark Munoz,572.49,11-07-2012,L,KO/TKO,Chris Weidman
Anton Kuivanen,500.0,21-07-2012,W,S-DEC,Mitch Clarke
Mitch Clarke,468.5,21-07-2012,L,S-DEC,Anton Kuivanen
Antonio Carvalho,500.89,21-07-2012,W,KO/TKO,Daniel Pineda
Daniel Pineda,501.65,21-07-2012,L,KO/TKO,Antonio Carvalho
Bryan Caraway,537.62,21-07-2012,W,SUB,Mitch Gagnon
Mitch Gagnon,481.44,21-07-2012,L,SUB,Bryan Caraway
Ryan Jimmo,516.41,21-07-2012,W,KO/TKO,Anthony Perosh
Anthony Perosh,498.14,21-07-2012,L,KO/TKO,Ryan Jimmo
Roland Delorme,522.0,21-07-2012,L,Overturned,Francisco Rivera
Francisco Rivera,513.16,21-07-2012,W,Overturned,Roland Delorme
Nick Ring,533.44,21-07-2012,W,U-DEC,Court McGee
Court McGee,516.26,21-07-2012,L,U-DEC,Nick Ring
Chris Clements,500.35,21-07-2012,L,Overturned,Matthew Riddle
Matthew Riddle,552.42,21-07-2012,W,Overturned,Chris Clements
James Head,520.54,21-07-2012,W,S-DEC,Brian Ebersole
Brian Ebersole,549.46,21-07-2012,L,S-DEC,James Head
Cheick Kongo,572.98,21-07-2012,W,U-DEC,Shawn Jordan
Shawn Jordan,501.96,21-07-2012,L,U-DEC,Cheick Kongo
Tim Boetsch,566.91,21-07-2012,W,S-DEC,Hector Lombard
Hector Lombard,484.65,21-07-2012,L,S-DEC,Tim Boetsch
Renan Barao,568.52,21-07-2012,W,U-DEC,Urijah Faber
Urijah Faber,503.98,21-07-2012,L,U-DEC,Renan Barao
John Moraga,515.75,04-08-2012,W,KO/TKO,Ulysses Gomez
Ulysses Gomez,484.25,04-08-2012,L,KO/TKO,John Moraga
Manvel Gamburyan,474.65,04-08-2012,W,U-DEC,Michihiro Omigawa
Michihiro Omigawa,429.88,04-08-2012,L,U-DEC,Manvel Gamburyan
Philip De Fries,517.61,04-08-2012,W,SUB,Oli Thompson
Oli Thompson,466.02,04-08-2012,L,SUB,Philip De Fries
Rani Yahya,515.42,04-08-2012,W,SUB,Josh Grispi
Josh Grispi,450.01,04-08-2012,L,SUB,Rani Yahya
Phil Davis,553.93,04-08-2012,L,CNC,Wagner Prado
Wagner Prado,518.06,04-08-2012,W,CNC,Phil Davis
Nam Phan,487.61,04-08-2012,W,S-DEC,Cole Miller
Cole Miller,529.12,04-08-2012,L,S-DEC,Nam Phan
Mike Swick,592.72,04-08-2012,W,KO/TKO,DaMarques Johnson
DaMarques Johnson,487.76,04-08-2012,L,KO/TKO,Mike Swick
Joe Lauzon,579.97,04-08-2012,W,SUB,Jamie Varner
Jamie Varner,504.82,04-08-2012,L,SUB,Joe Lauzon
Lyoto Machida,612.94,04-08-2012,W,KO/TKO,Ryan Bader
Ryan Bader,557.3,04-08-2012,L,KO/TKO,Lyoto Machida
Mauricio Rua,534.76,04-08-2012,W,KO/TKO,Brandon Vera
Brandon Vera,516.81,04-08-2012,L,KO/TKO,Mauricio Rua
Nik Lentz,547.19,11-08-2012,W,KO/TKO,Eiji Mitsuoka
Eiji Mitsuoka,469.51,11-08-2012,L,KO/TKO,Nik Lentz
Chico Camus,515.17,11-08-2012,W,U-DEC,Dustin Pague
Dustin Pague,471.95,11-08-2012,L,U-DEC,Chico Camus
Erik Perez,535.62,11-08-2012,W,KO/TKO,Ken Stone
Ken Stone,503.57,11-08-2012,L,KO/TKO,Erik Perez
Michael Kuiper,499.37,11-08-2012,W,KO/TKO,Jared Hamman
Jared Hamman,469.01,11-08-2012,L,KO/TKO,Michael Kuiper
Dennis Bermudez,517.12,11-08-2012,W,SUB,Tommy Hayden
Tommy Hayden,460.35,11-08-2012,L,SUB,Dennis Bermudez
Max Holloway,514.3,11-08-2012,W,KO/TKO,Justin Lawrence
Justin Lawrence,498.36,11-08-2012,L,KO/TKO,Max Holloway
Yushin Okami,598.86,11-08-2012,W,KO/TKO,Buddy Roberts
Buddy Roberts,503.15,11-08-2012,L,KO/TKO,Yushin Okami
Jake Shields,494.69,11-08-2012,L,Overturned,Ed Herman
Ed Herman,561.53,11-08-2012,W,Overturned,Jake Shields
Donald Cerrone,589.74,11-08-2012,W,KO/TKO,Melvin Guillard
Melvin Guillard,543.24,11-08-2012,L,KO/TKO,Donald Cerrone
Benson Henderson,602.04,11-08-2012,W,S-DEC,Frankie Edgar
Frankie Edgar,599.45,11-08-2012,L,S-DEC,Benson Henderson
Kyle Noke,531.61,22-09-2012,W,KO/TKO,Charlie Brenneman
Charlie Brenneman,496.98,22-09-2012,L,KO/TKO,Kyle Noke
Mitch Gagnon,500.84,22-09-2012,W,SUB,Walel Watson
Walel Watson,462.58,22-09-2012,L,SUB,Mitch Gagnon
Seth Baczynski,558.54,22-09-2012,W,KO/TKO,Simeon Thoresen
Simeon Thoresen,502.23,22-09-2012,L,KO/TKO,Seth Baczynski
Marcus Brimage,548.82,22-09-2012,W,U-DEC,Jimy Hettes
Jimy Hettes,515.53,22-09-2012,L,U-DEC,Marcus Brimage
Sean Pierson,521.48,22-09-2012,W,U-DEC,Lance Benoist
Lance Benoist,484.44,22-09-2012,L,U-DEC,Sean Pierson
TJ Grant,553.17,22-09-2012,W,U-DEC,Evan Dunham
Evan Dunham,548.59,22-09-2012,L,U-DEC,TJ Grant
Vinny Magalhaes,491.61,22-09-2012,W,SUB,Igor Pokrajac
Igor Pokrajac,505.01,22-09-2012,L,SUB,Vinny Magalhaes
Cub Swanson,534.04,22-09-2012,W,KO/TKO,Charles Oliveira
Charles Oliveira,538.38,22-09-2012,L,KO/TKO,Cub Swanson
Matt Hamill,583.79,22-09-2012,W,U-DEC,Roger Hollett
Roger Hollett,487.43,22-09-2012,L,U-DEC,Matt Hamill
Michael Bisping,608.73,22-09-2012,W,U-DEC,Brian Stann
Brian Stann,530.77,22-09-2012,L,U-DEC,Michael Bisping
Demetrious Johnson,546.82,22-09-2012,W,S-DEC,Joseph Benavidez
Joseph Benavidez,529.78,22-09-2012,L,S-DEC,Demetrious Johnson
Jon Jones,690.95,22-09-2012,W,SUB,Vitor Belfort
Vitor Belfort,568.4,22-09-2012,L,SUB,Jon Jones
Robert Peralta,544.5,29-09-2012,W,KO/TKO,Jason Young
Jason Young,468.72,29-09-2012,L,KO/TKO,Robert Peralta
Gunnar Nelson,518.69,29-09-2012,W,SUB,DaMarques Johnson
DaMarques Johnson,469.07,29-09-2012,L,SUB,Gunnar Nelson
Brad Tavares,542.68,29-09-2012,W,S-DEC,Tom Watson
Tom Watson,484.8,29-09-2012,L,S-DEC,Brad Tavares
Akira Corassani,515.75,29-09-2012,W,S-DEC,Andy Ogle
Andy Ogle,484.25,29-09-2012,L,S-DEC,Akira Corassani
Jimi Manuwa,516.26,29-09-2012,W,KO/TKO,Kyle Kingsbury
Kyle Kingsbury,494.92,29-09-2012,L,KO/TKO,Jimi Manuwa
Che Mills,515.68,29-09-2012,W,KO/TKO,Duane Ludwig
Duane Ludwig,477.03,29-09-2012,L,KO/TKO,Che Mills
John Hathaway,589.87,29-09-2012,W,U-DEC,John Maguire
John Maguire,520.66,29-09-2012,L,U-DEC,John Hathaway
Matt Wiman,585.36,29-09-2012,W,SUB,Paul Sass
Paul Sass,540.08,29-09-2012,L,SUB,Matt Wiman
Brad Pickett,517.71,29-09-2012,W,KO/TKO,Yves Jabouin
Yves Jabouin,513.88,29-09-2012,L,KO/TKO,Brad Pickett
Dan Hardy,540.95,29-09-2012,W,U-DEC,Amir Sadollah
Amir Sadollah,525.98,29-09-2012,L,U-DEC,Dan Hardy
Stefan Struve,602.2,29-09-2012,W,KO/TKO,Stipe Miocic
Stipe Miocic,532.39,29-09-2012,L,KO/TKO,Stefan Struve
Darren Uyenoyama,534.14,05-10-2012,W,SUB,Phil Harris
Phil Harris,480.9,05-10-2012,L,SUB,Darren Uyenoyama
Diego Nunes,519.7,05-10-2012,W,U-DEC,Bart Palaszewski
Bart Palaszewski,485.26,05-10-2012,L,U-DEC,Diego Nunes
Jacob Volkmann,550.57,05-10-2012,W,SUB,Shane Roller
Shane Roller,464.68,05-10-2012,L,SUB,Jacob Volkmann
Marcus LeVesseur,496.25,05-10-2012,W,S-DEC,Carlo Prater
Carlo Prater,483.35,05-10-2012,L,S-DEC,Marcus LeVesseur
Mike Pierce,569.85,05-10-2012,W,KO/TKO,Aaron Simpson
Aaron Simpson,539.1,05-10-2012,L,KO/TKO,Mike Pierce
Michael Johnson,535.01,05-10-2012,W,KO/TKO,Danny Castillo
Danny Castillo,528.68,05-10-2012,L,KO/TKO,Michael Johnson
Justin Edwards,505.17,05-10-2012,W,SUB,Josh Neer
Josh Neer,480.21,05-10-2012,L,SUB,Justin Edwards
John Dodson,547.19,05-10-2012,W,KO/TKO,Jussier Formiga
Jussier Formiga,484.31,05-10-2012,L,KO/TKO,John Dodson
Jake Ellenberger,585.82,05-10-2012,W,U-DEC,Jay Hieron
Jay Hieron,458.14,05-10-2012,L,U-DEC,Jake Ellenberger
Antonio Silva,507.99,05-10-2012,W,KO/TKO,Travis Browne
Travis Browne,551.81,05-10-2012,L,KO/TKO,Antonio Silva
Cristiano Marcello,501.57,13-10-2012,W,S-DEC,Reza Madadi
Reza Madadi,501.74,13-10-2012,L,S-DEC,Cristiano Marcello
Chris Camozzi,545.01,13-10-2012,W,U-DEC,Luiz Cane
Luiz Cane,485.78,13-10-2012,L,U-DEC,Chris Camozzi
Sergio Moraes,503.84,13-10-2012,W,SUB,Renee Forte
Renee Forte,480.41,13-10-2012,L,SUB,Sergio Moraes
Diego Brandao,517.26,13-10-2012,W,U-DEC,Joey Gambino
Joey Gambino,466.12,13-10-2012,L,U-DEC,Diego Brandao
Gleison Tibau,575.17,13-10-2012,W,U-DEC,Francisco Trinaldo
Francisco Trinaldo,502.06,13-10-2012,L,U-DEC,Gleison Tibau
Rony Jason,532.25,13-10-2012,W,KO/TKO,Sam Sicilia
Sam Sicilia,499.25,13-10-2012,L,KO/TKO,Rony Jason
Demian Maia,610.09,13-10-2012,W,SUB,Rick Story
Rick Story,554.48,13-10-2012,L,SUB,Demian Maia
Phil Davis,571.03,13-10-2012,W,SUB,Wagner Prado
Wagner Prado,500.96,13-10-2012,L,SUB,Phil Davis
Jon Fitch,667.06,13-10-2012,W,U-DEC,Erick Silva
Erick Silva,510.72,13-10-2012,L,U-DEC,Jon Fitch
Glover Teixeira,535.82,13-10-2012,W,KO/TKO,Fabio Maldonado
Fabio Maldonado,467.34,13-10-2012,L,KO/TKO,Glover Teixeira
Antonio Rodrigo Nogueira,543.43,13-10-2012,W,SUB,Dave Herman
Dave Herman,468.51,13-10-2012,L,SUB,Antonio Rodrigo Nogueira
Anderson Silva,762.94,13-10-2012,W,KO/TKO,Stephan Bonnar
Stephan Bonnar,536.16,13-10-2012,L,KO/TKO,Anderson Silva
Riki Fukuda,498.39,10-11-2012,W,U-DEC,Tom DeBlass
Tom DeBlass,467.98,10-11-2012,L,U-DEC,Riki Fukuda
John Lineker,496.02,10-11-2012,W,U-DEC,Yasuhiro Urushitani
Yasuhiro Urushitani,468.37,10-11-2012,L,U-DEC,John Lineker
Alex Caceres,499.47,10-11-2012,W,S-DEC,Motonobu Tezuka
Motonobu Tezuka,482.65,10-11-2012,L,S-DEC,Alex Caceres
Takeya Mizugaki,513.74,10-11-2012,W,U-DEC,Jeff Hougland
Jeff Hougland,482.67,10-11-2012,L,U-DEC,Takeya Mizugaki
Jon Tuck,515.1,10-11-2012,W,U-DEC,Zhang Tiequan
Zhang Tiequan,470.51,10-11-2012,L,U-DEC,Jon Tuck
Takanori Gomi,506.05,10-11-2012,W,S-DEC,Mac Danzig
Mac Danzig,484.9,10-11-2012,L,S-DEC,Takanori Gomi
Dong Hyun Kim,587.41,10-11-2012,W,U-DEC,Paulo Thiago
Paulo Thiago,503.52,10-11-2012,L,U-DEC,Dong Hyun Kim
Thiago Silva,528.21,10-11-2012,L,Overturned,Stanislav Nedkov
Stanislav Nedkov,532.78,10-11-2012,W,Overturned,Thiago Silva
Cung Le,520.08,10-11-2012,W,KO/TKO,Rich Franklin
Rich Franklin,590.13,10-11-2012,L,KO/TKO,Cung Le
Darren Elkins,562.25,17-11-2012,W,U-DEC,Steven Siler
Steven Siler,535.27,17-11-2012,L,U-DEC,Darren Elkins
Ivan Menjivar,539.31,17-11-2012,W,SUB,Azamat Gashimov
Azamat Gashimov,481.8,17-11-2012,L,SUB,Ivan Menjivar
Matthew Riddle,567.42,17-11-2012,W,U-DEC,John Maguire
John Maguire,505.66,17-11-2012,L,U-DEC,Matthew Riddle
Antonio Carvalho,518.27,17-11-2012,W,S-DEC,Rodrigo Damm
Rodrigo Damm,501.99,17-11-2012,L,S-DEC,Antonio Carvalho
John Makdessi,509.56,17-11-2012,W,U-DEC,Sam Stout
Sam Stout,506.66,17-11-2012,L,U-DEC,John Makdessi
Cyrille Diabate,524.62,17-11-2012,W,SUB,Chad Griggs
Chad Griggs,462.32,17-11-2012,L,SUB,Cyrille Diabate
Patrick Cote,469.44,17-11-2012,W,DQ,Alessio Sakara
Alessio Sakara,475.55,17-11-2012,L,DQ,Patrick Cote
Pablo Garza,512.69,17-11-2012,W,U-DEC,Mark Hominick
Mark Hominick,484.36,17-11-2012,L,U-DEC,Pablo Garza
Rafael Dos Anjos,564.39,17-11-2012,W,U-DEC,Mark Bocek
Mark Bocek,538.22,17-11-2012,L,U-DEC,Rafael Dos Anjos
Francis Carmont,569.66,17-11-2012,W,S-DEC,Tom Lawlor
Tom Lawlor,491.48,17-11-2012,L,S-DEC,Francis Carmont
Johny Hendricks,637.09,17-11-2012,W,KO/TKO,Martin Kampmann
Martin Kampmann,594.34,17-11-2012,L,KO/TKO,Johny Hendricks
Georges St-Pierre,744.29,17-11-2012,W,U-DEC,Carlos Condit
Carlos Condit,565.85,17-11-2012,L,U-DEC,Georges St-Pierre
Scott Jorgensen,514.19,08-12-2012,W,SUB,John Albert
John Albert,457.34,08-12-2012,L,SUB,Scott Jorgensen
Dennis Siver,584.0,08-12-2012,W,U-DEC,Nam Phan
Nam Phan,475.01,08-12-2012,L,U-DEC,Dennis Siver
Abel Trujillo,515.58,08-12-2012,W,KO/TKO,Marcus LeVesseur
Marcus LeVesseur,480.67,08-12-2012,L,KO/TKO,Abel Trujillo
Daron Cruickshank,531.55,08-12-2012,W,KO/TKO,Henry Martinez
Henry Martinez,485.23,08-12-2012,L,KO/TKO,Daron Cruickshank
Ramsey Nijem,533.71,08-12-2012,W,U-DEC,Joe Proctor
Joe Proctor,498.54,08-12-2012,L,U-DEC,Ramsey Nijem
Raphael Assuncao,536.72,08-12-2012,W,U-DEC,Mike Easton
Mike Easton,530.32,08-12-2012,L,U-DEC,Raphael Assuncao
Yves Edwards,554.43,08-12-2012,W,KO/TKO,Jeremy Stephens
Jeremy Stephens,486.6,08-12-2012,L,KO/TKO,Yves Edwards
Matt Brown,552.83,08-12-2012,W,KO/TKO,Mike Swick
Mike Swick,571.59,08-12-2012,L,KO/TKO,Matt Brown
Rory MacDonald,574.13,08-12-2012,W,U-DEC,BJ Penn
BJ Penn,569.32,08-12-2012,L,U-DEC,Rory MacDonald
Alexander Gustafsson,608.64,08-12-2012,W,U-DEC,Mauricio Rua
Mauricio Rua,518.46,08-12-2012,L,U-DEC,Alexander Gustafsson
Benson Henderson,621.69,08-12-2012,W,U-DEC,Nate Diaz
Nate Diaz,585.08,08-12-2012,L,U-DEC,Benson Henderson
Cody Donovan,514.96,14-12-2012,W,KO/TKO,Nick Penner
Nick Penner,467.65,14-12-2012,L,KO/TKO,Cody Donovan
Mike Wilkinson,515.75,14-12-2012,W,U-DEC,Brendan Loughnane
Brendan Loughnane,484.25,14-12-2012,L,U-DEC,Mike Wilkinson
Ben Alloway,515.75,14-12-2012,W,KO/TKO,Manuel Rodriguez
Manuel Rodriguez,484.25,14-12-2012,L,KO/TKO,Ben Alloway
Mike Pierce,586.54,14-12-2012,W,U-DEC,Seth Baczynski
Seth Baczynski,541.85,14-12-2012,L,U-DEC,Mike Pierce
Igor Pokrajac,488.33,14-12-2012,L,Overturned,Joey Beltran
Joey Beltran,482.62,14-12-2012,W,Overturned,Igor Pokrajac
Chad Mendes,544.34,14-12-2012,W,KO/TKO,Yaotzin Meza
Yaotzin Meza,484.88,14-12-2012,L,KO/TKO,Chad Mendes
Hector Lombard,504.33,14-12-2012,W,KO/TKO,Rousimar Palhares
Rousimar Palhares,553.46,14-12-2012,L,KO/TKO,Hector Lombard
Norman Parke,515.75,14-12-2012,W,U-DEC,Colin Fletcher
Colin Fletcher,484.25,14-12-2012,L,U-DEC,Norman Parke
Robert Whittaker,515.75,14-12-2012,W,U-DEC,Brad Scott
Brad Scott,484.25,14-12-2012,L,U-DEC,Robert Whittaker
Ross Pearson,541.32,14-12-2012,W,KO/TKO,George Sotiropoulos
George Sotiropoulos,570.45,14-12-2012,L,KO/TKO,Ross Pearson
Tim Elliott,499.12,15-12-2012,W,U-DEC,Jared Papazian
Jared Papazian,450.01,15-12-2012,L,U-DEC,Tim Elliott
Mike Rio,517.89,15-12-2012,W,SUB,John Cofer
John Cofer,466.36,15-12-2012,L,SUB,Mike Rio
Hugo Viana,531.68,15-12-2012,W,KO/TKO,Reuben Duran
Reuben Duran,487.91,15-12-2012,L,KO/TKO,Hugo Viana
TJ Waldburger,541.01,15-12-2012,W,SUB,Nick Catone
Nick Catone,480.71,15-12-2012,L,SUB,TJ Waldburger
Rustam Khabilov,515.75,15-12-2012,W,KO/TKO,Vinc Pichel
Vinc Pichel,484.25,15-12-2012,L,KO/TKO,Rustam Khabilov
Johnny Bedford,532.25,15-12-2012,W,KO/TKO,Marcos Vinicius
Marcos Vinicius,499.25,15-12-2012,L,KO/TKO,Johnny Bedford
Mike Pyle,567.31,15-12-2012,W,KO/TKO,James Head
James Head,504.83,15-12-2012,L,KO/TKO,Mike Pyle
Dustin Poirier,565.66,15-12-2012,W,SUB,Jonathan Brookins
Jonathan Brookins,480.19,15-12-2012,L,SUB,Dustin Poirier
Pat Barry,493.66,15-12-2012,W,KO/TKO,Shane del Rosario
Shane del Rosario,468.31,15-12-2012,L,KO/TKO,Pat Barry
Colton Smith,515.75,15-12-2012,W,U-DEC,Mike Ricci
Mike Ricci,484.25,15-12-2012,L,U-DEC,Colton Smith
Roy Nelson,536.99,15-12-2012,W,KO/TKO,Matt Mitrione
Matt Mitrione,542.45,15-12-2012,L,KO/TKO,Roy Nelson
John Moraga,537.07,29-12-2012,W,SUB,Chris Cariaso
Chris Cariaso,524.26,29-12-2012,L,SUB,John Moraga
Max Holloway,528.5,29-12-2012,W,S-DEC,Leonard Garcia
Leonard Garcia,438.05,29-12-2012,L,S-DEC,Max Holloway
Todd Duffee,516.7,29-12-2012,W,KO/TKO,Philip De Fries
Philip De Fries,501.07,29-12-2012,L,KO/TKO,Todd Duffee
Myles Jury,536.61,29-12-2012,W,U-DEC,Michael Johnson
Michael Johnson,517.77,29-12-2012,L,U-DEC,Myles Jury
Jamie Varner,522.3,29-12-2012,W,S-DEC,Melvin Guillard
Melvin Guillard,525.76,29-12-2012,L,S-DEC,Jamie Varner
Erik Perez,550.34,29-12-2012,W,KO/TKO,Byron Bloodworth
Byron Bloodworth,469.53,29-12-2012,L,KO/TKO,Erik Perez
Eddie Wineland,504.98,29-12-2012,W,S-DEC,Brad Pickett
Brad Pickett,499.76,29-12-2012,L,S-DEC,Eddie Wineland
Derek Brunson,517.91,29-12-2012,W,U-DEC,Chris Leben
Chris Leben,530.06,29-12-2012,L,U-DEC,Derek Brunson
Yushin Okami,614.88,29-12-2012,W,U-DEC,Alan Belcher
Alan Belcher,572.75,29-12-2012,L,U-DEC,Yushin Okami
Constantinos Philippou,571.78,29-12-2012,W,KO/TKO,Tim Boetsch
Tim Boetsch,547.37,29-12-2012,L,KO/TKO,Constantinos Philippou
Jim Miller,620.97,29-12-2012,W,U-DEC,Joe Lauzon
Joe Lauzon,565.42,29-12-2012,L,U-DEC,Jim Miller
Cain Velasquez,627.74,29-12-2012,W,U-DEC,Junior Dos Santos
Junior Dos Santos,639.8,29-12-2012,L,U-DEC,Cain Velasquez
Francisco Trinaldo,520.1,19-01-2013,W,SUB,CJ Keith
CJ Keith,465.46,19-01-2013,L,SUB,Francisco Trinaldo
Ildemar Alcantara,519.11,19-01-2013,W,SUB,Wagner Prado
Wagner Prado,481.85,19-01-2013,L,SUB,Ildemar Alcantara
Iuri Alcantara,496.94,19-01-2013,L,CNC,Pedro Nobre
Pedro Nobre,515.54,19-01-2013,W,CNC,Iuri Alcantara
Edson Barboza,561.47,19-01-2013,W,KO/TKO,Lucas Martins
Lucas Martins,486.41,19-01-2013,L,KO/TKO,Edson Barboza
Nik Lentz,562.39,19-01-2013,W,U-DEC,Diego Nunes
Diego Nunes,504.5,19-01-2013,L,U-DEC,Nik Lentz
Ronny Markes,551.55,19-01-2013,W,U-DEC,Andrew Craig
Andrew Craig,516.56,19-01-2013,L,U-DEC,Ronny Markes
Godofredo Pepey,500.71,19-01-2013,W,S-DEC,Milton Vieira
Milton Vieira,483.57,19-01-2013,L,S-DEC,Godofredo Pepey
Khabib Nurmagomedov,555.29,19-01-2013,W,KO/TKO,Thiago Tavares
Thiago Tavares,530.97,19-01-2013,L,KO/TKO,Khabib Nurmagomedov
Gabriel Gonzaga,559.34,19-01-2013,W,SUB,Ben Rothwell
Ben Rothwell,484.25,19-01-2013,L,SUB,Gabriel Gonzaga
CB Dollaway,542.35,19-01-2013,W,S-DEC,Daniel Sarafian
Daniel Sarafian,484.79,19-01-2013,L,S-DEC,CB Dollaway
Vitor Belfort,585.97,19-01-2013,W,KO/TKO,Michael Bisping
Michael Bisping,591.16,19-01-2013,L,KO/TKO,Vitor Belfort
David Mitchell,487.31,26-01-2013,W,U-DEC,Simeon Thoresen
Simeon Thoresen,485.03,26-01-2013,L,U-DEC,David Mitchell
Rafael Natal,519.94,26-01-2013,W,SUB,Sean Spencer
Sean Spencer,481.33,26-01-2013,L,SUB,Rafael Natal
Shawn Jordan,519.77,26-01-2013,W,KO/TKO,Mike Russow
Mike Russow,529.76,26-01-2013,L,KO/TKO,Shawn Jordan
Ryan Bader,575.89,26-01-2013,W,SUB,Vladimir Matyushenko
Vladimir Matyushenko,524.58,26-01-2013,L,SUB,Ryan Bader
Pascal Krauss,516.16,26-01-2013,W,U-DEC,Mike Stumpf
Mike Stumpf,465.89,26-01-2013,L,U-DEC,Pascal Krauss
Clay Guida,563.08,26-01-2013,W,S-DEC,Hatsu Hioki
Hatsu Hioki,500.25,26-01-2013,L,S-DEC,Clay Guida
TJ Grant,572.83,26-01-2013,W,KO/TKO,Matt Wiman
Matt Wiman,565.7,26-01-2013,L,KO/TKO,TJ Grant
Ricardo Lamas,567.45,26-01-2013,W,KO/TKO,Erik Koch
Erik Koch,515.19,26-01-2013,L,KO/TKO,Ricardo Lamas
Anthony Pettis,544.03,26-01-2013,W,KO/TKO,Donald Cerrone
Donald Cerrone,569.24,26-01-2013,L,KO/TKO,Anthony Pettis
Glover Teixeira,553.99,26-01-2013,W,U-DEC,Quinton Jackson
Quinton Jackson,536.16,26-01-2013,L,U-DEC,Glover Teixeira
Demetrious Johnson,564.09,26-01-2013,W,U-DEC,John Dodson
John Dodson,529.92,26-01-2013,L,U-DEC,Demetrious Johnson
Francisco Rivera,529.73,02-02-2013,W,KO/TKO,Edwin Figueroa
Edwin Figueroa,497.99,02-02-2013,L,KO/TKO,Francisco Rivera
Dustin Kimura,519.56,02-02-2013,W,SUB,Chico Camus
Chico Camus,495.61,02-02-2013,L,SUB,Dustin Kimura
Isaac Vallie-Flagg,518.2,02-02-2013,W,S-DEC,Yves Edwards
Yves Edwards,536.23,02-02-2013,L,S-DEC,Isaac Vallie-Flagg
King Green,521.45,02-02-2013,W,SUB,Jacob Volkmann
Jacob Volkmann,529.12,02-02-2013,L,SUB,King Green
Tyron Woodley,513.86,02-02-2013,W,KO/TKO,Jay Hieron
Jay Hieron,444.28,02-02-2013,L,KO/TKO,Tyron Woodley
Evan Dunham,565.54,02-02-2013,W,S-DEC,Gleison Tibau
Gleison Tibau,558.22,02-02-2013,L,S-DEC,Evan Dunham
Joseph Benavidez,543.53,02-02-2013,W,U-DEC,Ian McCall
Ian McCall,471.77,02-02-2013,L,U-DEC,Joseph Benavidez
Demian Maia,630.14,02-02-2013,W,U-DEC,Jon Fitch
Jon Fitch,647.01,02-02-2013,L,U-DEC,Demian Maia
Antonio Silva,524.96,02-02-2013,W,KO/TKO,Alistair Overeem
Alistair Overeem,501.01,02-02-2013,L,KO/TKO,Antonio Silva
Rogerio Nogueira,543.09,02-02-2013,W,U-DEC,Rashad Evans
Rashad Evans,633.27,02-02-2013,L,U-DEC,Rogerio Nogueira
Jose Aldo,576.74,02-02-2013,W,U-DEC,Frankie Edgar
Frankie Edgar,579.24,02-02-2013,L,U-DEC,Jose Aldo
Phil Harris,496.8,16-02-2013,W,U-DEC,Ulysses Gomez
Ulysses Gomez,468.35,16-02-2013,L,U-DEC,Phil Harris
Vaughan Lee,498.07,16-02-2013,W,U-DEC,Motonobu Tezuka
Motonobu Tezuka,466.88,16-02-2013,L,U-DEC,Vaughan Lee
Tom Watson,502.71,16-02-2013,W,KO/TKO,Stanislav Nedkov
Stanislav Nedkov,514.87,16-02-2013,L,KO/TKO,Tom Watson
Andy Ogle,498.45,16-02-2013,W,U-DEC,Josh Grispi
Josh Grispi,435.81,16-02-2013,L,U-DEC,Andy Ogle
Danny Castillo,544.95,16-02-2013,W,U-DEC,Paul Sass
Paul Sass,523.81,16-02-2013,L,U-DEC,Danny Castillo
Renee Forte,498.5,16-02-2013,W,U-DEC,Terry Etim
Terry Etim,514.41,16-02-2013,L,U-DEC,Renee Forte
Che Mills,502.9,16-02-2013,L,Overturned,Matthew Riddle
Matthew Riddle,580.2,16-02-2013,W,Overturned,Che Mills
James Te Huna,558.48,16-02-2013,W,U-DEC,Ryan Jimmo
Ryan Jimmo,499.72,16-02-2013,L,U-DEC,James Te Huna
Gunnar Nelson,532.4,16-02-2013,W,U-DEC,Jorge Santiago
Jorge Santiago,445.59,16-02-2013,L,U-DEC,Gunnar Nelson
Jimi Manuwa,533.16,16-02-2013,W,KO/TKO,Cyrille Diabate
Cyrille Diabate,507.72,16-02-2013,L,KO/TKO,Jimi Manuwa
Cub Swanson,553.67,16-02-2013,W,U-DEC,Dustin Poirier
Dustin Poirier,546.03,16-02-2013,L,U-DEC,Cub Swanson
Renan Barao,590.18,16-02-2013,W,SUB,Michael McDonald
Michael McDonald,542.52,16-02-2013,L,SUB,Renan Barao
Nah-Shon Burrell,515.75,23-02-2013,W,U-DEC,Yuri Villefort
Yuri Villefort,484.25,23-02-2013,L,U-DEC,Nah-Shon Burrell
Neil Magny,515.75,23-02-2013,W,U-DEC,Jon Manley
Jon Manley,484.25,23-02-2013,L,U-DEC,Neil Magny
Kenny Robertson,491.82,23-02-2013,W,SUB,Brock Jardine
Brock Jardine,466.75,23-02-2013,L,SUB,Kenny Robertson
Sam Stout,522.11,23-02-2013,W,S-DEC,Caros Fodor
Caros Fodor,484.55,23-02-2013,L,S-DEC,Sam Stout
Dennis Bermudez,531.81,23-02-2013,W,S-DEC,Matt Grice
Matt Grice,450.48,23-02-2013,L,S-DEC,Dennis Bermudez
Michael Chiesa,538.22,23-02-2013,W,SUB,Anton Kuivanen
Anton Kuivanen,481.15,23-02-2013,L,SUB,Michael Chiesa
Brendan Schaub,532.19,23-02-2013,W,U-DEC,Lavar Johnson
Lavar Johnson,496.46,23-02-2013,L,U-DEC,Brendan Schaub
Robbie Lawler,523.84,23-02-2013,W,KO/TKO,Josh Koscheck
Josh Koscheck,595.05,23-02-2013,L,KO/TKO,Robbie Lawler
Court McGee,530.38,23-02-2013,W,U-DEC,Josh Neer
Josh Neer,466.09,23-02-2013,L,U-DEC,Court McGee
Urijah Faber,525.32,23-02-2013,W,SUB,Ivan Menjivar
Ivan Menjivar,517.97,23-02-2013,L,SUB,Urijah Faber
Lyoto Machida,627.55,23-02-2013,W,S-DEC,Dan Henderson
Dan Henderson,558.45,23-02-2013,L,S-DEC,Lyoto Machida
Ronda Rousey,519.37,23-02-2013,W,SUB,Liz Carmouche
Liz Carmouche,480.63,23-02-2013,L,SUB,Ronda Rousey
Hyun Gyu Lim,516.43,02-03-2013,W,KO/TKO,Marcelo Guimaraes
Marcelo Guimaraes,498.61,02-03-2013,L,KO/TKO,Hyun Gyu Lim
Alex Caceres,484.49,02-03-2013,L,Overturned,Kyung Ho Kang
Kyung Ho Kang,514.98,02-03-2013,W,Overturned,Alex Caceres
Kazuki Tokudome,515.82,02-03-2013,W,U-DEC,Cristiano Marcello
Cristiano Marcello,485.75,02-03-2013,L,U-DEC,Kazuki Tokudome
Takeya Mizugaki,531.37,02-03-2013,W,S-DEC,Bryan Caraway
Bryan Caraway,519.99,02-03-2013,L,S-DEC,Takeya Mizugaki
Brad Tavares,557.74,02-03-2013,W,U-DEC,Riki Fukuda
Riki Fukuda,483.33,02-03-2013,L,U-DEC,Brad Tavares
Dong Hyun Kim,600.62,02-03-2013,W,U-DEC,Siyar Bahadurzada
Siyar Bahadurzada,504.08,02-03-2013,L,U-DEC,Dong Hyun Kim
Rani Yahya,531.19,02-03-2013,W,U-DEC,Mizuto Hirota
Mizuto Hirota,484.23,02-03-2013,L,U-DEC,Rani Yahya
Yushin Okami,626.82,02-03-2013,W,S-DEC,Hector Lombard
Hector Lombard,492.39,02-03-2013,L,S-DEC,Yushin Okami
Diego Sanchez,598.87,02-03-2013,W,S-DEC,Takanori Gomi
Takanori Gomi,493.89,02-03-2013,L,S-DEC,Diego Sanchez
Mark Hunt,555.33,02-03-2013,W,KO/TKO,Stefan Struve
Stefan Struve,580.7,02-03-2013,L,KO/TKO,Mark Hunt
Wanderlei Silva,503.98,02-03-2013,W,KO/TKO,Brian Stann
Brian Stann,513.01,02-03-2013,L,KO/TKO,Wanderlei Silva
George Roop,470.39,16-03-2013,W,U-DEC,Reuben Duran
Reuben Duran,470.59,16-03-2013,L,U-DEC,George Roop
TJ Dillashaw,537.2,16-03-2013,W,KO/TKO,Issei Tamura
Issei Tamura,482.45,16-03-2013,L,KO/TKO,TJ Dillashaw
Rick Story,567.78,16-03-2013,W,KO/TKO,Quinn Mulhern
Quinn Mulhern,486.7,16-03-2013,L,KO/TKO,Rick Story
John Makdessi,527.1,16-03-2013,W,U-DEC,Daron Cruickshank
Daron Cruickshank,514.01,16-03-2013,L,U-DEC,John Makdessi
Jordan Mein,516.93,16-03-2013,W,KO/TKO,Dan Miller
Dan Miller,509.14,16-03-2013,L,KO/TKO,Jordan Mein
Darren Elkins,578.64,16-03-2013,W,KO/TKO,Antonio Carvalho
Antonio Carvalho,501.88,16-03-2013,L,KO/TKO,Darren Elkins
Patrick Cote,487.39,16-03-2013,W,U-DEC,Bobby Voelker
Bobby Voelker,482.05,16-03-2013,L,U-DEC,Patrick Cote
Mike Ricci,500.0,16-03-2013,W,U-DEC,Colin Fletcher
Colin Fletcher,468.5,16-03-2013,L,U-DEC,Mike Ricci
Chris Camozzi,562.41,16-03-2013,W,S-DEC,Nick Ring
Nick Ring,516.04,16-03-2013,L,S-DEC,Chris Camozzi
Jake Ellenberger,602.56,16-03-2013,W,KO/TKO,Nate Marquardt
Nate Marquardt,574.16,16-03-2013,L,KO/TKO,Jake Ellenberger
Johny Hendricks,652.65,16-03-2013,W,U-DEC,Carlos Condit
Carlos Condit,550.29,16-03-2013,L,U-DEC,Johny Hendricks
Georges St-Pierre,754.65,16-03-2013,W,U-DEC,Nick Diaz
Nick Diaz,524.22,16-03-2013,L,U-DEC,Georges St-Pierre
Papy Abedi,482.08,06-04-2013,W,S-DEC,Besam Yousef
Besam Yousef,464.5,06-04-2013,L,S-DEC,Papy Abedi
Tom Lawlor,510.97,06-04-2013,W,SUB,Michael Kuiper
Michael Kuiper,479.88,06-04-2013,L,SUB,Tom Lawlor
Ryan LaFlare,516.46,06-04-2013,W,U-DEC,Ben Alloway
Ben Alloway,499.29,06-04-2013,L,U-DEC,Ryan LaFlare
Conor McGregor,517.95,06-04-2013,W,KO/TKO,Marcus Brimage
Marcus Brimage,530.87,06-04-2013,L,KO/TKO,Conor McGregor
Adlan Amagov,515.75,06-04-2013,W,U-DEC,Chris Spang
Chris Spang,484.25,06-04-2013,L,U-DEC,Adlan Amagov
Tor Troeng,519.37,06-04-2013,W,SUB,Adam Cella
Adam Cella,480.63,06-04-2013,L,SUB,Tor Troeng
Reza Madadi,521.35,06-04-2013,W,SUB,Michael Johnson
Michael Johnson,498.16,06-04-2013,L,SUB,Reza Madadi
Akira Corassani,533.61,06-04-2013,W,U-DEC,Robert Peralta
Robert Peralta,526.64,06-04-2013,L,U-DEC,Akira Corassani
Diego Brandao,537.29,06-04-2013,W,SUB,Pablo Garza
Pablo Garza,492.66,06-04-2013,L,SUB,Diego Brandao
Brad Pickett,516.89,06-04-2013,W,S-DEC,Mike Easton
Mike Easton,513.19,06-04-2013,L,S-DEC,Brad Pickett
Matt Mitrione,556.33,06-04-2013,W,KO/TKO,Philip De Fries
Philip De Fries,487.19,06-04-2013,L,KO/TKO,Matt Mitrione
Ross Pearson,555.87,06-04-2013,W,KO/TKO,Ryan Couture
Ryan Couture,485.45,06-04-2013,L,KO/TKO,Ross Pearson
Gegard Mousasi,515.75,06-04-2013,W,U-DEC,Ilir Latifi
Ilir Latifi,484.25,06-04-2013,L,U-DEC,Gegard Mousasi
Daniel Pineda,520.84,13-04-2013,W,SUB,Justin Lawrence
Justin Lawrence,479.17,13-04-2013,L,SUB,Daniel Pineda
Maximo Blanco,500.68,13-04-2013,W,U-DEC,Sam Sicilia
Sam Sicilia,482.82,13-04-2013,L,U-DEC,Maximo Blanco
Cole Miller,546.06,13-04-2013,W,SUB,Bart Palaszewski
Bart Palaszewski,468.32,13-04-2013,L,SUB,Cole Miller
Clint Hester,515.75,13-04-2013,W,KO/TKO,Bristol Marunde
Bristol Marunde,484.25,13-04-2013,L,KO/TKO,Clint Hester
Dylan Andrews,515.75,13-04-2013,W,KO/TKO,Jimmy Quinlan
Jimmy Quinlan,484.25,13-04-2013,L,KO/TKO,Dylan Andrews
Luke Barnatt,515.75,13-04-2013,W,U-DEC,Collin Hart
Collin Hart,484.25,13-04-2013,L,U-DEC,Luke Barnatt
Josh Samman,515.75,13-04-2013,W,KO/TKO,Kevin Casey
Kevin Casey,484.25,13-04-2013,L,KO/TKO,Josh Samman
Robert McDaniel,518.74,13-04-2013,W,SUB,Gilbert Smith
Gilbert Smith,481.26,13-04-2013,L,SUB,Robert McDaniel
Travis Browne,567.9,13-04-2013,W,KO/TKO,Gabriel Gonzaga
Gabriel Gonzaga,543.25,13-04-2013,L,KO/TKO,Travis Browne
Cat Zingano,515.75,13-04-2013,W,KO/TKO,Miesha Tate
Miesha Tate,484.25,13-04-2013,L,KO/TKO,Cat Zingano
Kelvin Gastelum,515.75,13-04-2013,W,S-DEC,Uriah Hall
Uriah Hall,484.25,13-04-2013,L,S-DEC,Kelvin Gastelum
Urijah Faber,544.01,13-04-2013,W,SUB,Scott Jorgensen
Scott Jorgensen,495.5,13-04-2013,L,SUB,Urijah Faber
Yoel Romero,515.55,20-04-2013,W,KO/TKO,Clifford Starks
Clifford Starks,480.07,20-04-2013,L,KO/TKO,Yoel Romero
Anthony Njokuani,502.35,20-04-2013,W,KO/TKO,Roger Bowling
Roger Bowling,483.61,20-04-2013,L,KO/TKO,Anthony Njokuani
TJ Dillashaw,554.91,20-04-2013,W,KO/TKO,Hugo Viana
Hugo Viana,513.97,20-04-2013,L,KO/TKO,TJ Dillashaw
Jorge Masvidal,517.21,20-04-2013,W,U-DEC,Tim Means
Tim Means,515.04,20-04-2013,L,U-DEC,Jorge Masvidal
Joseph Benavidez,559.58,20-04-2013,W,KO/TKO,Darren Uyenoyama
Darren Uyenoyama,518.09,20-04-2013,L,KO/TKO,Joseph Benavidez
Myles Jury,553.72,20-04-2013,W,KO/TKO,Ramsey Nijem
Ramsey Nijem,516.6,20-04-2013,L,KO/TKO,Myles Jury
Francis Carmont,584.7,20-04-2013,W,U-DEC,Lorenz Larkin
Lorenz Larkin,484.96,20-04-2013,L,U-DEC,Francis Carmont
Chad Mendes,563.29,20-04-2013,W,KO/TKO,Darren Elkins
Darren Elkins,559.69,20-04-2013,L,KO/TKO,Chad Mendes
Matt Brown,569.65,20-04-2013,W,KO/TKO,Jordan Mein
Jordan Mein,500.11,20-04-2013,L,KO/TKO,Matt Brown
Josh Thomson,533.76,20-04-2013,W,KO/TKO,Nate Diaz
Nate Diaz,566.19,20-04-2013,L,KO/TKO,Josh Thomson
Daniel Cormier,520.41,20-04-2013,W,U-DEC,Frank Mir
Frank Mir,585.52,20-04-2013,L,U-DEC,Daniel Cormier
Benson Henderson,635.12,20-04-2013,W,S-DEC,Gilbert Melendez
Gilbert Melendez,486.57,20-04-2013,L,S-DEC,Benson Henderson
Steven Siler,549.43,27-04-2013,W,U-DEC,Kurt Holobaugh
Kurt Holobaugh,485.84,27-04-2013,L,U-DEC,Steven Siler
Cody McKenzie,499.91,27-04-2013,W,U-DEC,Leonard Garcia
Leonard Garcia,424.47,27-04-2013,L,U-DEC,Cody McKenzie
Bryan Caraway,539.39,27-04-2013,W,SUB,Johnny Bedford
Johnny Bedford,512.85,27-04-2013,L,SUB,Bryan Caraway
Sara McMann,515.75,27-04-2013,W,KO/TKO,Sheila Gaff
Sheila Gaff,484.25,27-04-2013,L,KO/TKO,Sara McMann
Ovince Saint Preux,515.75,27-04-2013,W,M-DEC,Gian Villante
Gian Villante,484.25,27-04-2013,L,M-DEC,Ovince Saint Preux
Rustam Khabilov,531.5,27-04-2013,W,KO/TKO,Yancy Medeiros
Yancy Medeiros,484.25,27-04-2013,L,KO/TKO,Rustam Khabilov
Jim Miller,600.22,27-04-2013,L,Overturned,Pat Healy
Pat Healy,501.38,27-04-2013,W,Overturned,Jim Miller
Phil Davis,583.82,27-04-2013,W,U-DEC,Vinny Magalhaes
Vinny Magalhaes,478.82,27-04-2013,L,U-DEC,Phil Davis
Roy Nelson,556.02,27-04-2013,W,KO/TKO,Cheick Kongo
Cheick Kongo,553.95,27-04-2013,L,KO/TKO,Roy Nelson
Michael Bisping,606.08,27-04-2013,W,U-DEC,Alan Belcher
Alan Belcher,557.83,27-04-2013,L,U-DEC,Michael Bisping
Jon Jones,703.95,27-04-2013,W,KO/TKO,Chael Sonnen
Chael Sonnen,529.8,27-04-2013,L,KO/TKO,Jon Jones
Lucas Martins,502.06,18-05-2013,W,KO/TKO,Jeremy Larsen
Jeremy Larsen,468.6,18-05-2013,L,KO/TKO,Lucas Martins
Jussier Formiga,501.86,18-05-2013,W,U-DEC,Chris Cariaso
Chris Cariaso,506.71,18-05-2013,L,U-DEC,Jussier Formiga
John Lineker,511.85,18-05-2013,W,KO/TKO,Azamat Gashimov
Azamat Gashimov,465.97,18-05-2013,L,KO/TKO,John Lineker
Fabio Maldonado,484.0,18-05-2013,W,U-DEC,Roger Hollett
Roger Hollett,470.77,18-05-2013,L,U-DEC,Fabio Maldonado
Iuri Alcantara,512.83,18-05-2013,W,KO/TKO,Iliarde Santos
Iliarde Santos,484.11,18-05-2013,L,KO/TKO,Iuri Alcantara
Paulo Thiago,519.11,18-05-2013,W,U-DEC,Michel Prazeres
Michel Prazeres,484.41,18-05-2013,L,U-DEC,Paulo Thiago
Gleison Tibau,574.07,18-05-2013,W,SUB,John Cholish
John Cholish,483.41,18-05-2013,L,SUB,Gleison Tibau
Francisco Trinaldo,540.27,18-05-2013,W,SUB,Mike Rio
Mike Rio,497.72,18-05-2013,L,SUB,Francisco Trinaldo
Nik Lentz,577.4,18-05-2013,W,U-DEC,Hacran Dias
Hacran Dias,502.08,18-05-2013,L,U-DEC,Nik Lentz
Rafael Natal,535.49,18-05-2013,W,U-DEC,Joao Zeferino
Joao Zeferino,484.45,18-05-2013,L,U-DEC,Rafael Natal
Rafael Dos Anjos,582.45,18-05-2013,W,U-DEC,Evan Dunham
Evan Dunham,547.48,18-05-2013,L,U-DEC,Rafael Dos Anjos
Jacare Souza,522.82,18-05-2013,W,SUB,Chris Camozzi
Chris Camozzi,539.59,18-05-2013,L,SUB,Jacare Souza
Vitor Belfort,598.47,18-05-2013,W,KO/TKO,Luke Rockhold
Luke Rockhold,487.5,18-05-2013,L,KO/TKO,Vitor Belfort
Jeremy Stephens,502.96,25-05-2013,W,U-DEC,Estevan Payan
Estevan Payan,483.64,25-05-2013,L,U-DEC,Jeremy Stephens
George Roop,488.98,25-05-2013,W,KO/TKO,Brian Bowles
Brian Bowles,496.06,25-05-2013,L,KO/TKO,George Roop
Stephen Thompson,514.97,25-05-2013,W,U-DEC,Nah-Shon Burrell
Nah-Shon Burrell,499.22,25-05-2013,L,U-DEC,Stephen Thompson
Khabib Nurmagomedov,571.24,25-05-2013,W,U-DEC,Abel Trujillo
Abel Trujillo,499.63,25-05-2013,L,U-DEC,Khabib Nurmagomedov
Robert Whittaker,532.25,25-05-2013,W,KO/TKO,Colton Smith
Colton Smith,499.25,25-05-2013,L,KO/TKO,Robert Whittaker
Dennis Bermudez,549.64,25-05-2013,W,S-DEC,Max Holloway
Max Holloway,510.67,25-05-2013,L,S-DEC,Dennis Bermudez
Mike Pyle,585.33,25-05-2013,W,S-DEC,Rick Story
Rick Story,549.76,25-05-2013,L,S-DEC,Mike Pyle
Donald Cerrone,581.89,25-05-2013,W,U-DEC,KJ Noons
KJ Noons,487.35,25-05-2013,L,U-DEC,Donald Cerrone
TJ Grant,594.48,25-05-2013,W,KO/TKO,Gray Maynard
Gray Maynard,605.3,25-05-2013,L,KO/TKO,TJ Grant
Glover Teixeira,576.42,25-05-2013,W,SUB,James Te Huna
James Te Huna,536.05,25-05-2013,L,SUB,Glover Teixeira
Junior Dos Santos,651.79,25-05-2013,W,KO/TKO,Mark Hunt
Mark Hunt,543.34,25-05-2013,L,KO/TKO,Junior Dos Santos
Cain Velasquez,640.03,25-05-2013,W,KO/TKO,Antonio Silva
Antonio Silva,512.67,25-05-2013,L,KO/TKO,Cain Velasquez
Antonio Braga Neto,519.37,08-06-2013,W,SUB,Anthony Smith
Anthony Smith,480.63,08-06-2013,L,SUB,Antonio Braga Neto
Caio Magalhaes,503.2,08-06-2013,W,SUB,Karlos Vemola
Karlos Vemola,463.26,08-06-2013,L,SUB,Caio Magalhaes
Rodrigo Damm,516.94,08-06-2013,W,S-DEC,Mizuto Hirota
Mizuto Hirota,469.28,08-06-2013,L,S-DEC,Rodrigo Damm
Ildemar Alcantara,534.7,08-06-2013,W,U-DEC,Leandro Silva
Leandro Silva,484.41,08-06-2013,L,U-DEC,Ildemar Alcantara
Felipe Arantes,517.18,08-06-2013,W,KO/TKO,Godofredo Pepey
Godofredo Pepey,484.21,08-06-2013,L,KO/TKO,Felipe Arantes
Raphael Assuncao,556.09,08-06-2013,W,SUB,Vaughan Lee
Vaughan Lee,478.7,08-06-2013,L,SUB,Raphael Assuncao
Rony Jason,552.46,08-06-2013,W,SUB,Mike Wilkinson
Mike Wilkinson,495.54,08-06-2013,L,SUB,Rony Jason
Daniel Sarafian,505.01,08-06-2013,W,SUB,Eddie Mendez
Eddie Mendez,479.78,08-06-2013,L,SUB,Daniel Sarafian
Erick Silva,528.62,08-06-2013,W,SUB,Jason High
Jason High,466.35,08-06-2013,L,SUB,Erick Silva
Thiago Silva,542.68,08-06-2013,W,KO/TKO,Rafael Cavalcante
Rafael Cavalcante,485.53,08-06-2013,L,KO/TKO,Thiago Silva
Leonardo Santos,519.06,08-06-2013,W,SUB,William Macario
William Macario,480.94,08-06-2013,L,SUB,Leonardo Santos
Fabricio Werdum,563.13,08-06-2013,W,SUB,Antonio Rodrigo Nogueira
Antonio Rodrigo Nogueira,522.48,08-06-2013,L,SUB,Fabricio Werdum
Yves Jabouin,527.74,15-06-2013,W,S-DEC,Dustin Pague
Dustin Pague,458.09,15-06-2013,L,S-DEC,Yves Jabouin
Mitch Clarke,485.93,15-06-2013,W,U-DEC,John Maguire
John Maguire,488.23,15-06-2013,L,U-DEC,Mitch Clarke
Roland Delorme,538.06,15-06-2013,W,U-DEC,Edwin Figueroa
Edwin Figueroa,481.93,15-06-2013,L,U-DEC,Roland Delorme
Sean Pierson,537.26,15-06-2013,W,M-DEC,Kenny Robertson
Kenny Robertson,476.04,15-06-2013,L,M-DEC,Sean Pierson
James Krause,519.93,15-06-2013,W,SUB,Sam Stout
Sam Stout,502.18,15-06-2013,L,SUB,James Krause
Jake Shields,512.1,15-06-2013,W,S-DEC,Tyron Woodley
Tyron Woodley,496.45,15-06-2013,L,S-DEC,Jake Shields
Shawn Jordan,535.03,15-06-2013,W,KO/TKO,Pat Barry
Pat Barry,478.4,15-06-2013,L,KO/TKO,Shawn Jordan
Alexis Davis,515.75,15-06-2013,W,U-DEC,Rosi Sexton
Rosi Sexton,484.25,15-06-2013,L,U-DEC,Alexis Davis
Ryan Jimmo,514.95,15-06-2013,W,U-DEC,Igor Pokrajac
Igor Pokrajac,473.1,15-06-2013,L,U-DEC,Ryan Jimmo
Stipe Miocic,549.21,15-06-2013,W,U-DEC,Roy Nelson
Roy Nelson,539.2,15-06-2013,L,U-DEC,Stipe Miocic
Rashad Evans,645.68,15-06-2013,W,S-DEC,Dan Henderson
Dan Henderson,546.04,15-06-2013,L,S-DEC,Rashad Evans
Mike Pierce,599.53,06-07-2013,W,KO/TKO,David Mitchell
David Mitchell,474.32,06-07-2013,L,KO/TKO,Mike Pierce
Brian Melancon,517.64,06-07-2013,W,KO/TKO,Seth Baczynski
Seth Baczynski,524.21,06-07-2013,L,KO/TKO,Brian Melancon
Edson Barboza,573.84,06-07-2013,W,KO/TKO,Rafaello Oliveira
Rafaello Oliveira,460.23,06-07-2013,L,KO/TKO,Edson Barboza
Gabriel Gonzaga,555.66,06-07-2013,W,KO/TKO,Dave Herman
Dave Herman,456.1,06-07-2013,L,KO/TKO,Gabriel Gonzaga
Norman Parke,532.25,06-07-2013,W,U-DEC,Kazuki Tokudome
Kazuki Tokudome,499.32,06-07-2013,L,U-DEC,Norman Parke
Andrew Craig,532.92,06-07-2013,W,S-DEC,Chris Leben
Chris Leben,513.7,06-07-2013,L,S-DEC,Andrew Craig
Cub Swanson,574.05,06-07-2013,W,KO/TKO,Dennis Siver
Dennis Siver,563.62,06-07-2013,L,KO/TKO,Cub Swanson
Mark Munoz,587.1,06-07-2013,W,U-DEC,Tim Boetsch
Tim Boetsch,532.76,06-07-2013,L,U-DEC,Mark Munoz
Tim Kennedy,515.75,06-07-2013,W,U-DEC,Roger Gracie
Roger Gracie,484.25,06-07-2013,L,U-DEC,Tim Kennedy
Frankie Edgar,593.15,06-07-2013,W,U-DEC,Charles Oliveira
Charles Oliveira,524.47,06-07-2013,L,U-DEC,Frankie Edgar
Chris Weidman,623.67,06-07-2013,W,KO/TKO,Anderson Silva
Anderson Silva,734.7,06-07-2013,L,KO/TKO,Chris Weidman
Yaotzin Meza,502.43,27-07-2013,W,SUB,John Albert
John Albert,439.79,27-07-2013,L,SUB,Yaotzin Meza
Justin Salas,513.91,27-07-2013,W,S-DEC,Aaron Riley
Aaron Riley,460.42,27-07-2013,L,S-DEC,Justin Salas
Germaine de Randamie,515.75,27-07-2013,W,S-DEC,Julie Kedzie
Julie Kedzie,484.25,27-07-2013,L,S-DEC,Germaine de Randamie
Ed Herman,576.38,27-07-2013,W,S-DEC,Trevor Smith
Trevor Smith,485.15,27-07-2013,L,S-DEC,Ed Herman
Daron Cruickshank,530.77,27-07-2013,W,S-DEC,Yves Edwards
Yves Edwards,519.47,27-07-2013,L,S-DEC,Daron Cruickshank
Melvin Guillard,539.67,27-07-2013,W,KO/TKO,Mac Danzig
Mac Danzig,470.99,27-07-2013,L,KO/TKO,Melvin Guillard
Danny Castillo,560.03,27-07-2013,W,U-DEC,Tim Means
Tim Means,499.96,27-07-2013,L,U-DEC,Danny Castillo
Jorge Masvidal,538.38,27-07-2013,W,SUB,Michael Chiesa
Michael Chiesa,517.05,27-07-2013,L,SUB,Jorge Masvidal
Liz Carmouche,497.26,27-07-2013,W,KO/TKO,Jessica Andrade
Jessica Andrade,483.37,27-07-2013,L,KO/TKO,Liz Carmouche
Robbie Lawler,538.36,27-07-2013,W,KO/TKO,Bobby Voelker
Bobby Voelker,467.53,27-07-2013,L,KO/TKO,Robbie Lawler
Rory MacDonald,594.41,27-07-2013,W,U-DEC,Jake Ellenberger
Jake Ellenberger,582.28,27-07-2013,L,U-DEC,Rory MacDonald
Demetrious Johnson,583.52,27-07-2013,W,SUB,John Moraga
John Moraga,517.64,27-07-2013,L,SUB,Demetrious Johnson
Viscardi Andrade,515.04,03-08-2013,W,KO/TKO,Bristol Marunde
Bristol Marunde,469.21,03-08-2013,L,KO/TKO,Viscardi Andrade
Francimar Barroso,514.93,03-08-2013,W,U-DEC,Ednaldo Oliveira
Ednaldo Oliveira,467.01,03-08-2013,L,U-DEC,Francimar Barroso
Rani Yahya,546.12,03-08-2013,W,U-DEC,Josh Clopton
Josh Clopton,469.32,03-08-2013,L,U-DEC,Rani Yahya
Ian McCall,488.08,03-08-2013,W,U-DEC,Iliarde Santos
Iliarde Santos,467.8,03-08-2013,L,U-DEC,Ian McCall
Sergio Moraes,524.83,03-08-2013,W,SUB,Neil Magny
Neil Magny,494.76,03-08-2013,L,SUB,Sergio Moraes
Amanda Nunes,515.04,03-08-2013,W,KO/TKO,Sheila Gaff
Sheila Gaff,469.21,03-08-2013,L,KO/TKO,Amanda Nunes
Anthony Perosh,513.02,03-08-2013,W,KO/TKO,Vinny Magalhaes
Vinny Magalhaes,463.94,03-08-2013,L,KO/TKO,Anthony Perosh
John Lineker,528.51,03-08-2013,W,KO/TKO,Jose Maria
Jose Maria,483.34,03-08-2013,L,KO/TKO,John Lineker
Thales Leites,554.74,03-08-2013,W,U-DEC,Tom Watson
Tom Watson,488.68,03-08-2013,L,U-DEC,Thales Leites
Cezar Ferreira,535.13,03-08-2013,W,SUB,Thiago Santos
Thiago Santos,480.62,03-08-2013,L,SUB,Cezar Ferreira
Phil Davis,603.23,03-08-2013,W,U-DEC,Lyoto Machida
Lyoto Machida,608.14,03-08-2013,L,U-DEC,Phil Davis
Jose Aldo,594.52,03-08-2013,W,KO/TKO,Chan Sung Jung
Chan Sung Jung,540.98,03-08-2013,L,KO/TKO,Jose Aldo
James Vick,520.3,17-08-2013,W,SUB,Ramsey Nijem
Ramsey Nijem,496.3,17-08-2013,L,SUB,James Vick
Ovince Saint Preux,532.21,17-08-2013,W,KO/TKO,Cody Donovan
Cody Donovan,498.5,17-08-2013,L,KO/TKO,Ovince Saint Preux
Manvel Gamburyan,494.49,17-08-2013,W,U-DEC,Cole Miller
Cole Miller,526.22,17-08-2013,L,U-DEC,Manvel Gamburyan
Diego Brandao,553.72,17-08-2013,W,U-DEC,Daniel Pineda
Daniel Pineda,504.41,17-08-2013,L,U-DEC,Diego Brandao
Steven Siler,563.07,17-08-2013,W,KO/TKO,Mike Brown
Mike Brown,475.01,17-08-2013,L,KO/TKO,Steven Siler
Conor McGregor,534.1,17-08-2013,W,U-DEC,Max Holloway
Max Holloway,494.52,17-08-2013,L,U-DEC,Conor McGregor
Michael McDonald,560.17,17-08-2013,W,SUB,Brad Pickett
Brad Pickett,499.24,17-08-2013,L,SUB,Michael McDonald
Michael Johnson,516.92,17-08-2013,W,U-DEC,Joe Lauzon
Joe Lauzon,546.66,17-08-2013,L,U-DEC,Michael Johnson
John Howard,525.86,17-08-2013,W,S-DEC,Uriah Hall
Uriah Hall,469.73,17-08-2013,L,S-DEC,John Howard
Matt Brown,590.03,17-08-2013,W,KO/TKO,Mike Pyle
Mike Pyle,564.95,17-08-2013,L,KO/TKO,Matt Brown
Urijah Faber,559.72,17-08-2013,W,U-DEC,Iuri Alcantara
Iuri Alcantara,497.12,17-08-2013,L,U-DEC,Urijah Faber
Travis Browne,581.26,17-08-2013,W,KO/TKO,Alistair Overeem
Alistair Overeem,487.65,17-08-2013,L,KO/TKO,Travis Browne
Chael Sonnen,548.54,17-08-2013,W,SUB,Mauricio Rua
Mauricio Rua,499.72,17-08-2013,L,SUB,Chael Sonnen
Roger Bowling,469.3,28-08-2013,L,CNC,Abel Trujillo
Abel Trujillo,513.94,28-08-2013,W,CNC,Roger Bowling
Zak Cummings,519.33,28-08-2013,W,SUB,Ben Alloway
Ben Alloway,479.96,28-08-2013,L,SUB,Zak Cummings
Jason High,487.86,28-08-2013,W,SUB,James Head
James Head,483.32,28-08-2013,L,SUB,Jason High
Darren Elkins,572.77,28-08-2013,W,U-DEC,Hatsu Hioki
Hatsu Hioki,487.17,28-08-2013,L,U-DEC,Darren Elkins
Brandon Thatch,515.98,28-08-2013,W,KO/TKO,Justin Edwards
Justin Edwards,489.19,28-08-2013,L,KO/TKO,Brandon Thatch
Dylan Andrews,530.66,28-08-2013,W,KO/TKO,Papy Abedi
Papy Abedi,467.17,28-08-2013,L,KO/TKO,Dylan Andrews
Brad Tavares,573.73,28-08-2013,W,U-DEC,Robert McDaniel
Robert McDaniel,502.75,28-08-2013,L,U-DEC,Brad Tavares
Takeya Mizugaki,549.56,28-08-2013,W,S-DEC,Erik Perez
Erik Perez,532.15,28-08-2013,L,S-DEC,Takeya Mizugaki
Court McGee,546.97,28-08-2013,W,S-DEC,Robert Whittaker
Robert Whittaker,515.66,28-08-2013,L,S-DEC,Court McGee
Kelvin Gastelum,536.16,28-08-2013,W,SUB,Brian Melancon
Brian Melancon,497.23,28-08-2013,L,SUB,Kelvin Gastelum
Rafael Dos Anjos,601.17,28-08-2013,W,U-DEC,Donald Cerrone
Donald Cerrone,563.17,28-08-2013,L,U-DEC,Rafael Dos Anjos
Carlos Condit,568.03,28-08-2013,W,KO/TKO,Martin Kampmann
Martin Kampmann,576.6,28-08-2013,L,KO/TKO,Carlos Condit
Magnus Cedenblad,499.68,31-08-2013,W,SUB,Jared Hamman
Jared Hamman,450.3,31-08-2013,L,SUB,Magnus Cedenblad
Al Iaquinta,496.6,31-08-2013,W,U-DEC,Ryan Couture
Ryan Couture,469.48,31-08-2013,L,U-DEC,Al Iaquinta
Soa Palelei,500.68,31-08-2013,W,KO/TKO,Nikita Krylov
Nikita Krylov,483.54,31-08-2013,L,KO/TKO,Soa Palelei
Chico Camus,512.24,31-08-2013,W,U-DEC,Kyung Ho Kang
Kyung Ho Kang,498.35,31-08-2013,L,U-DEC,Chico Camus
Hyun Gyu Lim,532.92,31-08-2013,W,KO/TKO,Pascal Krauss
Pascal Krauss,499.67,31-08-2013,L,KO/TKO,Hyun Gyu Lim
Tim Elliott,515.86,31-08-2013,W,U-DEC,Louis Gaudinot
Louis Gaudinot,487.43,31-08-2013,L,U-DEC,Tim Elliott
Gleison Tibau,588.13,31-08-2013,W,S-DEC,Jamie Varner
Jamie Varner,508.24,31-08-2013,L,S-DEC,Gleison Tibau
Dustin Poirier,560.39,31-08-2013,W,U-DEC,Erik Koch
Erik Koch,500.83,31-08-2013,L,U-DEC,Dustin Poirier
Ben Rothwell,501.47,31-08-2013,W,KO/TKO,Brandon Vera
Brandon Vera,499.59,31-08-2013,L,KO/TKO,Ben Rothwell
Chad Mendes,581.28,31-08-2013,W,KO/TKO,Clay Guida
Clay Guida,545.09,31-08-2013,L,KO/TKO,Chad Mendes
Josh Barnett,577.01,31-08-2013,W,KO/TKO,Frank Mir
Frank Mir,566.07,31-08-2013,L,KO/TKO,Josh Barnett
Anthony Pettis,571.85,31-08-2013,W,SUB,Benson Henderson
Benson Henderson,607.3,31-08-2013,L,SUB,Anthony Pettis
Sean Spencer,497.21,04-09-2013,W,S-DEC,Yuri Villefort
Yuri Villefort,468.37,04-09-2013,L,S-DEC,Sean Spencer
Ivan Jorge,513.67,04-09-2013,W,U-DEC,Keith Wisniewski
Keith Wisniewski,440.21,04-09-2013,L,U-DEC,Ivan Jorge
Elias Silverio,515.05,04-09-2013,W,U-DEC,Joao Zeferino
Joao Zeferino,469.4,04-09-2013,L,U-DEC,Elias Silverio
Lucas Martins,522.23,04-09-2013,W,SUB,Ramiro Hernandez
Ramiro Hernandez,479.83,04-09-2013,L,SUB,Lucas Martins
Edimilson Souza,516.53,04-09-2013,W,S-DEC,Felipe Arantes
Felipe Arantes,500.65,04-09-2013,L,S-DEC,Edimilson Souza
Ali Bagautinov,515.72,04-09-2013,W,KO/TKO,Marcos Vinicius
Marcos Vinicius,483.53,04-09-2013,L,KO/TKO,Ali Bagautinov
Rafael Natal,551.94,04-09-2013,W,U-DEC,Tor Troeng
Tor Troeng,502.92,04-09-2013,L,U-DEC,Rafael Natal
Piotr Hallmann,521.26,04-09-2013,W,SUB,Francisco Trinaldo
Francisco Trinaldo,519.01,04-09-2013,L,SUB,Piotr Hallmann
Joseph Benavidez,573.99,04-09-2013,W,KO/TKO,Jussier Formiga
Jussier Formiga,487.45,04-09-2013,L,KO/TKO,Joseph Benavidez
Jacare Souza,544.12,04-09-2013,W,KO/TKO,Yushin Okami
Yushin Okami,605.52,04-09-2013,L,KO/TKO,Jacare Souza
Glover Teixeira,595.14,04-09-2013,W,KO/TKO,Ryan Bader
Ryan Bader,557.17,04-09-2013,L,KO/TKO,Glover Teixeira
Daniel Omielanczuk,515.75,21-09-2013,W,KO/TKO,Nandor Guelmino
Nandor Guelmino,484.25,21-09-2013,L,KO/TKO,Daniel Omielanczuk
Alex Caceres,504.38,21-09-2013,W,S-DEC,Roland Delorme
Roland Delorme,518.17,21-09-2013,L,S-DEC,Alex Caceres
Michel Prazeres,500.87,21-09-2013,W,S-DEC,Jesse Ronson
Jesse Ronson,483.54,21-09-2013,L,S-DEC,Michel Prazeres
John Makdessi,542.93,21-09-2013,W,KO/TKO,Renee Forte
Renee Forte,482.67,21-09-2013,L,KO/TKO,John Makdessi
Mitch Gagnon,522.23,21-09-2013,W,SUB,Dustin Kimura
Dustin Kimura,498.17,21-09-2013,L,SUB,Mitch Gagnon
Stephen Thompson,530.78,21-09-2013,W,KO/TKO,Chris Clements
Chris Clements,484.54,21-09-2013,L,KO/TKO,Stephen Thompson
Wilson Reis,516.56,21-09-2013,W,U-DEC,Ivan Menjivar
Ivan Menjivar,501.41,21-09-2013,L,U-DEC,Wilson Reis
Myles Jury,568.96,21-09-2013,W,S-DEC,Mike Ricci
Mike Ricci,484.76,21-09-2013,L,S-DEC,Myles Jury
Khabib Nurmagomedov,586.27,21-09-2013,W,U-DEC,Pat Healy
Pat Healy,486.35,21-09-2013,L,U-DEC,Khabib Nurmagomedov
Francis Carmont,603.48,21-09-2013,W,U-DEC,Constantinos Philippou
Constantinos Philippou,553.0,21-09-2013,L,U-DEC,Francis Carmont
Brendan Schaub,553.89,21-09-2013,W,SUB,Matt Mitrione
Matt Mitrione,534.63,21-09-2013,L,SUB,Brendan Schaub
Renan Barao,604.99,21-09-2013,W,KO/TKO,Eddie Wineland
Eddie Wineland,490.17,21-09-2013,L,KO/TKO,Renan Barao
Jon Jones,720.43,21-09-2013,W,U-DEC,Alexander Gustafsson
Alexander Gustafsson,592.16,21-09-2013,L,U-DEC,Jon Jones
Alan Patrick,515.75,09-10-2013,W,KO/TKO,Garett Whiteley
Garett Whiteley,484.25,09-10-2013,L,KO/TKO,Alan Patrick
Chris Cariaso,520.7,09-10-2013,W,KO/TKO,Iliarde Santos
Iliarde Santos,453.81,09-10-2013,L,KO/TKO,Chris Cariaso
Yan Cabral,514.59,09-10-2013,W,U-DEC,David Mitchell
David Mitchell,459.73,09-10-2013,L,U-DEC,Yan Cabral
Igor Araujo,517.32,09-10-2013,W,U-DEC,Ildemar Alcantara
Ildemar Alcantara,517.38,09-10-2013,L,U-DEC,Igor Araujo
Raphael Assuncao,574.78,09-10-2013,W,S-DEC,TJ Dillashaw
TJ Dillashaw,536.22,09-10-2013,L,S-DEC,Raphael Assuncao
Rousimar Palhares,575.39,09-10-2013,W,SUB,Mike Pierce
Mike Pierce,577.6,09-10-2013,L,SUB,Rousimar Palhares
Fabio Maldonado,500.43,09-10-2013,W,S-DEC,Joey Beltran
Joey Beltran,466.19,09-10-2013,L,S-DEC,Fabio Maldonado
Thiago Silva,561.12,09-10-2013,W,U-DEC,Matt Hamill
Matt Hamill,565.35,09-10-2013,L,U-DEC,Thiago Silva
Dong Hyun Kim,614.35,09-10-2013,W,KO/TKO,Erick Silva
Erick Silva,514.89,09-10-2013,L,KO/TKO,Dong Hyun Kim
Jake Shields,535.0,09-10-2013,W,S-DEC,Demian Maia
Demian Maia,607.24,09-10-2013,L,S-DEC,Jake Shields
Kyoji Horiguchi,513.86,19-10-2013,W,KO/TKO,Dustin Pague
Dustin Pague,444.23,19-10-2013,L,KO/TKO,Kyoji Horiguchi
Andre Fili,514.33,19-10-2013,W,KO/TKO,Jeremy Larsen
Jeremy Larsen,454.27,19-10-2013,L,KO/TKO,Andre Fili
Tony Ferguson,548.26,19-10-2013,W,SUB,Mike Rio
Mike Rio,480.18,19-10-2013,L,SUB,Tony Ferguson
Adlan Amagov,533.45,19-10-2013,W,KO/TKO,TJ Waldburger
TJ Waldburger,523.31,19-10-2013,L,KO/TKO,Adlan Amagov
KJ Noons,506.8,19-10-2013,W,U-DEC,George Sotiropoulos
George Sotiropoulos,551.0,19-10-2013,L,U-DEC,KJ Noons
Sarah Kaufman,485.0,19-10-2013,L,Overturned,Jessica Eye
Jessica Eye,515.0,19-10-2013,W,Overturned,Sarah Kaufman
Hector Lombard,511.78,19-10-2013,W,KO/TKO,Nate Marquardt
Nate Marquardt,554.77,19-10-2013,L,KO/TKO,Hector Lombard
Tim Boetsch,548.94,19-10-2013,W,S-DEC,CB Dollaway
CB Dollaway,526.17,19-10-2013,L,S-DEC,Tim Boetsch
John Dodson,544.32,19-10-2013,W,KO/TKO,Darrell Montague
Darrell Montague,485.6,19-10-2013,L,KO/TKO,John Dodson
Gabriel Gonzaga,571.18,19-10-2013,W,KO/TKO,Shawn Jordan
Shawn Jordan,519.51,19-10-2013,L,KO/TKO,Gabriel Gonzaga
Gilbert Melendez,507.24,19-10-2013,W,U-DEC,Diego Sanchez
Diego Sanchez,578.2,19-10-2013,L,U-DEC,Gilbert Melendez
Daniel Cormier,537.8,19-10-2013,W,U-DEC,Roy Nelson
Roy Nelson,521.81,19-10-2013,L,U-DEC,Daniel Cormier
Cain Velasquez,658.64,19-10-2013,W,KO/TKO,Junior Dos Santos
Junior Dos Santos,633.18,19-10-2013,L,KO/TKO,Cain Velasquez
Brad Scott,503.38,26-10-2013,W,SUB,Michael Kuiper
Michael Kuiper,460.75,26-10-2013,L,SUB,Brad Scott
Jimy Hettes,533.74,26-10-2013,W,SUB,Robert Whiteford
Robert Whiteford,481.79,26-10-2013,L,SUB,Jimy Hettes
Cole Miller,540.71,26-10-2013,W,U-DEC,Andy Ogle
Andy Ogle,483.96,26-10-2013,L,U-DEC,Cole Miller
Jessica Andrade,499.16,26-10-2013,W,U-DEC,Rosi Sexton
Rosi Sexton,468.46,26-10-2013,L,U-DEC,Jessica Andrade
Luke Barnatt,536.7,26-10-2013,W,SUB,Andrew Craig
Andrew Craig,511.97,26-10-2013,L,SUB,Luke Barnatt
Al Iaquinta,514.27,26-10-2013,W,U-DEC,Piotr Hallmann
Piotr Hallmann,503.59,26-10-2013,L,U-DEC,Al Iaquinta
John Lineker,544.87,26-10-2013,W,KO/TKO,Phil Harris
Phil Harris,480.44,26-10-2013,L,KO/TKO,John Lineker
Nicholas Musoke,518.01,26-10-2013,W,SUB,Alessio Sakara
Alessio Sakara,457.54,26-10-2013,L,SUB,Nicholas Musoke
Norman Parke,548.65,26-10-2013,W,U-DEC,Jon Tuck
Jon Tuck,498.7,26-10-2013,L,U-DEC,Norman Parke
Jimi Manuwa,549.51,26-10-2013,W,KO/TKO,Ryan Jimmo
Ryan Jimmo,498.6,26-10-2013,L,KO/TKO,Jimi Manuwa
Ross Pearson,540.17,26-10-2013,L,CNC,Melvin Guillard
Melvin Guillard,555.37,26-10-2013,W,CNC,Ross Pearson
Lyoto Machida,622.94,26-10-2013,W,KO/TKO,Mark Munoz
Mark Munoz,572.3,26-10-2013,L,KO/TKO,Lyoto Machida
Derek Brunson,537.16,06-11-2013,W,SUB,Brian Houston
Brian Houston,480.75,06-11-2013,L,SUB,Derek Brunson
Seth Baczynski,538.63,06-11-2013,W,U-DEC,Neil Magny
Neil Magny,480.34,06-11-2013,L,U-DEC,Seth Baczynski
Yves Edwards,502.95,06-11-2013,L,Overturned,Yancy Medeiros
Yancy Medeiros,500.77,06-11-2013,W,Overturned,Yves Edwards
Lorenz Larkin,503.17,06-11-2013,W,U-DEC,Chris Camozzi
Chris Camozzi,521.38,06-11-2013,L,U-DEC,Lorenz Larkin
Amanda Nunes,531.57,06-11-2013,W,KO/TKO,Germaine de Randamie
Germaine de Randamie,499.22,06-11-2013,L,KO/TKO,Amanda Nunes
Dennis Bermudez,569.11,06-11-2013,W,U-DEC,Steven Siler
Steven Siler,543.6,06-11-2013,L,U-DEC,Dennis Bermudez
Francisco Rivera,544.97,06-11-2013,W,KO/TKO,George Roop
George Roop,473.74,06-11-2013,L,KO/TKO,Francisco Rivera
King Green,537.88,06-11-2013,W,KO/TKO,James Krause
James Krause,503.5,06-11-2013,L,KO/TKO,King Green
Michael Chiesa,535.13,06-11-2013,W,SUB,Colton Smith
Colton Smith,481.17,06-11-2013,L,SUB,Michael Chiesa
Rustam Khabilov,549.09,06-11-2013,W,U-DEC,Jorge Masvidal
Jorge Masvidal,520.79,06-11-2013,L,U-DEC,Rustam Khabilov
Yoel Romero,533.75,06-11-2013,W,KO/TKO,Ronny Markes
Ronny Markes,533.35,06-11-2013,L,KO/TKO,Yoel Romero
Alexis Davis,531.37,06-11-2013,W,U-DEC,Liz Carmouche
Liz Carmouche,481.64,06-11-2013,L,U-DEC,Alexis Davis
Tim Kennedy,533.96,06-11-2013,W,KO/TKO,Rafael Natal
Rafael Natal,533.73,06-11-2013,L,KO/TKO,Tim Kennedy
Dustin Ortiz,515.0,09-11-2013,W,KO/TKO,Jose Maria
Jose Maria,468.34,09-11-2013,L,KO/TKO,Dustin Ortiz
Adriano Martins,520.74,09-11-2013,W,SUB,Daron Cruickshank
Daron Cruickshank,510.03,09-11-2013,L,SUB,Adriano Martins
Thiago Tavares,549.39,09-11-2013,W,SUB,Justin Salas
Justin Salas,495.49,09-11-2013,L,SUB,Thiago Tavares
Omari Akhmedov,516.46,09-11-2013,W,KO/TKO,Thiago Perpetuo
Thiago Perpetuo,499.29,09-11-2013,L,KO/TKO,Omari Akhmedov
Sam Sicilia,498.63,09-11-2013,W,KO/TKO,Godofredo Pepey
Godofredo Pepey,468.4,09-11-2013,L,KO/TKO,Sam Sicilia
Jeremy Stephens,521.8,09-11-2013,W,KO/TKO,Rony Jason
Rony Jason,533.62,09-11-2013,L,KO/TKO,Jeremy Stephens
Ryan LaFlare,532.18,09-11-2013,W,U-DEC,Santiago Ponzinibbio
Santiago Ponzinibbio,484.28,09-11-2013,L,U-DEC,Ryan LaFlare
Brandon Thatch,532.63,09-11-2013,W,KO/TKO,Paulo Thiago
Paulo Thiago,502.46,09-11-2013,L,KO/TKO,Brandon Thatch
Rafael Cavalcante,500.72,09-11-2013,W,KO/TKO,Igor Pokrajac
Igor Pokrajac,457.91,09-11-2013,L,KO/TKO,Rafael Cavalcante
Cezar Ferreira,550.89,09-11-2013,W,S-DEC,Daniel Sarafian
Daniel Sarafian,489.25,09-11-2013,L,S-DEC,Cezar Ferreira
Vitor Belfort,613.14,09-11-2013,W,KO/TKO,Dan Henderson
Dan Henderson,531.37,09-11-2013,L,KO/TKO,Vitor Belfort
Gian Villante,500.65,16-11-2013,W,KO/TKO,Cody Donovan
Cody Donovan,482.1,16-11-2013,L,KO/TKO,Gian Villante
Sergio Pettis,514.23,16-11-2013,W,U-DEC,Will Campuzano
Will Campuzano,452.13,16-11-2013,L,U-DEC,Sergio Pettis
Jason High,504.94,16-11-2013,W,U-DEC,Anthony Lapsley
Anthony Lapsley,482.92,16-11-2013,L,U-DEC,Jason High
Erik Perez,545.64,16-11-2013,W,U-DEC,Edwin Figueroa
Edwin Figueroa,468.44,16-11-2013,L,U-DEC,Erik Perez
Rick Story,565.5,16-11-2013,W,U-DEC,Brian Ebersole
Brian Ebersole,533.72,16-11-2013,L,U-DEC,Rick Story
Thales Leites,572.27,16-11-2013,W,U-DEC,Ed Herman
Ed Herman,558.85,16-11-2013,L,U-DEC,Thales Leites
Donald Cerrone,581.37,16-11-2013,W,SUB,Evan Dunham
Evan Dunham,529.28,16-11-2013,L,SUB,Donald Cerrone
Ali Bagautinov,532.23,16-11-2013,W,U-DEC,Tim Elliott
Tim Elliott,499.35,16-11-2013,L,U-DEC,Ali Bagautinov
Tyron Woodley,516.55,16-11-2013,W,KO/TKO,Josh Koscheck
Josh Koscheck,574.95,16-11-2013,L,KO/TKO,Tyron Woodley
Robbie Lawler,558.37,16-11-2013,W,S-DEC,Rory MacDonald
Rory MacDonald,574.4,16-11-2013,L,S-DEC,Robbie Lawler
Rashad Evans,657.68,16-11-2013,W,KO/TKO,Chael Sonnen
Chael Sonnen,536.54,16-11-2013,L,KO/TKO,Rashad Evans
Georges St-Pierre,770.73,16-11-2013,W,S-DEC,Johny Hendricks
Johny Hendricks,636.57,16-11-2013,L,S-DEC,Georges St-Pierre
Josh Sampo,519.06,30-11-2013,W,SUB,Ryan Benoit
Ryan Benoit,480.94,30-11-2013,L,SUB,Josh Sampo
Sean Spencer,513.84,30-11-2013,W,U-DEC,Drew Dober
Drew Dober,483.37,30-11-2013,L,U-DEC,Sean Spencer
Jared Rosholt,515.75,30-11-2013,W,U-DEC,Walt Harris
Walt Harris,484.25,30-11-2013,L,U-DEC,Jared Rosholt
Tom Niinimaki,517.83,30-11-2013,W,S-DEC,Rani Yahya
Rani Yahya,528.29,30-11-2013,L,S-DEC,Tom Niinimaki
Akira Corassani,549.23,30-11-2013,W,DQ,Maximo Blanco
Maximo Blanco,485.06,30-11-2013,L,DQ,Akira Corassani
Raquel Pennington,515.75,30-11-2013,W,U-DEC,Roxanne Modafferi
Roxanne Modafferi,484.25,30-11-2013,L,U-DEC,Raquel Pennington
Jessamyn Duke,515.75,30-11-2013,W,U-DEC,Peggy Morgan
Peggy Morgan,484.25,30-11-2013,L,U-DEC,Jessamyn Duke
Chris Holdsworth,519.06,30-11-2013,W,SUB,Davey Grant
Davey Grant,480.94,30-11-2013,L,SUB,Chris Holdsworth
Julianna Pena,515.75,30-11-2013,W,KO/TKO,Jessica Rakoczy
Jessica Rakoczy,484.25,30-11-2013,L,KO/TKO,Julianna Pena
Nate Diaz,583.71,30-11-2013,W,KO/TKO,Gray Maynard
Gray Maynard,587.78,30-11-2013,L,KO/TKO,Nate Diaz
Alex Garcia,515.75,06-12-2013,W,KO/TKO,Ben Wall
Ben Wall,484.25,06-12-2013,L,KO/TKO,Alex Garcia
Krzysztof Jotko,515.75,06-12-2013,W,U-DEC,Bruno Santos
Bruno Santos,484.25,06-12-2013,L,U-DEC,Krzysztof Jotko
Justin Scoggins,515.75,06-12-2013,W,KO/TKO,Richie Vaculik
Richie Vaculik,484.25,06-12-2013,L,KO/TKO,Justin Scoggins
Caio Magalhaes,520.31,06-12-2013,W,U-DEC,Nick Ring
Nick Ring,498.93,06-12-2013,L,U-DEC,Caio Magalhaes
Takeya Mizugaki,563.76,06-12-2013,W,U-DEC,Nam Phan
Nam Phan,460.81,06-12-2013,L,U-DEC,Takeya Mizugaki
Bethe Correia,515.04,06-12-2013,W,S-DEC,Julie Kedzie
Julie Kedzie,469.21,06-12-2013,L,S-DEC,Bethe Correia
Clint Hester,532.96,06-12-2013,W,KO/TKO,Dylan Andrews
Dylan Andrews,513.45,06-12-2013,L,KO/TKO,Clint Hester
Soa Palelei,516.12,06-12-2013,W,KO/TKO,Pat Barry
Pat Barry,462.96,06-12-2013,L,KO/TKO,Soa Palelei
Ryan Bader,570.93,06-12-2013,W,U-DEC,Anthony Perosh
Anthony Perosh,499.26,06-12-2013,L,U-DEC,Ryan Bader
Mauricio Rua,517.11,06-12-2013,W,KO/TKO,James Te Huna
James Te Huna,518.66,06-12-2013,L,KO/TKO,Mauricio Rua
Mark Hunt,542.02,06-12-2013,L,M-DEC,Antonio Silva
Antonio Silva,513.99,06-12-2013,W,M-DEC,Mark Hunt
Alptekin Ozkilic,516.57,14-12-2013,W,S-DEC,Darren Uyenoyama
Darren Uyenoyama,501.52,14-12-2013,L,S-DEC,Alptekin Ozkilic
Abel Trujillo,527.68,14-12-2013,W,KO/TKO,Roger Bowling
Roger Bowling,455.56,14-12-2013,L,KO/TKO,Abel Trujillo
Sam Stout,517.83,14-12-2013,W,U-DEC,Cody McKenzie
Cody McKenzie,484.26,14-12-2013,L,U-DEC,Sam Stout
Zach Makovsky,515.55,14-12-2013,W,U-DEC,Scott Jorgensen
Scott Jorgensen,479.95,14-12-2013,L,U-DEC,Zach Makovsky
King Green,552.59,14-12-2013,W,U-DEC,Pat Healy
Pat Healy,471.64,14-12-2013,L,U-DEC,King Green
Edson Barboza,590.4,14-12-2013,W,M-DEC,Danny Castillo
Danny Castillo,543.47,14-12-2013,L,M-DEC,Edson Barboza
Ryan LaFlare,550.16,14-12-2013,W,U-DEC,Court McGee
Court McGee,528.99,14-12-2013,L,U-DEC,Ryan LaFlare
Joe Lauzon,559.03,14-12-2013,W,U-DEC,Mac Danzig
Mac Danzig,458.62,14-12-2013,L,U-DEC,Joe Lauzon
Chad Mendes,599.82,14-12-2013,W,U-DEC,Nik Lentz
Nik Lentz,558.86,14-12-2013,L,U-DEC,Chad Mendes
Urijah Faber,581.53,14-12-2013,W,SUB,Michael McDonald
Michael McDonald,538.36,14-12-2013,L,SUB,Urijah Faber
Demetrious Johnson,601.76,14-12-2013,W,KO/TKO,Joseph Benavidez
Joseph Benavidez,555.75,14-12-2013,L,KO/TKO,Demetrious Johnson
Robert Peralta,540.45,28-12-2013,W,KO/TKO,Estevan Payan
Estevan Payan,469.83,28-12-2013,L,KO/TKO,Robert Peralta
William Macario,496.08,28-12-2013,W,U-DEC,Bobby Voelker
Bobby Voelker,452.39,28-12-2013,L,U-DEC,William Macario
John Howard,541.33,28-12-2013,W,U-DEC,Siyar Bahadurzada
Siyar Bahadurzada,488.61,28-12-2013,L,U-DEC,John Howard
Dennis Siver,545.67,28-12-2013,L,Overturned,Manvel Gamburyan
Manvel Gamburyan,512.44,28-12-2013,W,Overturned,Dennis Siver
Michael Johnson,536.76,28-12-2013,W,KO/TKO,Gleison Tibau
Gleison Tibau,568.29,28-12-2013,L,KO/TKO,Michael Johnson
Uriah Hall,487.46,28-12-2013,W,KO/TKO,Chris Leben
Chris Leben,495.97,28-12-2013,L,KO/TKO,Uriah Hall
Dustin Poirier,576.57,28-12-2013,W,KO/TKO,Diego Brandao
Diego Brandao,537.54,28-12-2013,L,KO/TKO,Dustin Poirier
Jim Miller,614.17,28-12-2013,W,SUB,Fabricio Camoes
Fabricio Camoes,473.87,28-12-2013,L,SUB,Jim Miller
Travis Browne,598.3,28-12-2013,W,KO/TKO,Josh Barnett
Josh Barnett,559.97,28-12-2013,L,KO/TKO,Travis Browne
Ronda Rousey,537.03,28-12-2013,W,SUB,Miesha Tate
Miesha Tate,466.59,28-12-2013,L,SUB,Ronda Rousey
Chris Weidman,650.18,28-12-2013,W,KO/TKO,Anderson Silva
Anderson Silva,708.19,28-12-2013,L,KO/TKO,Chris Weidman
Russell Doane,519.06,04-01-2014,W,SUB,Leandro Issa
Leandro Issa,480.94,04-01-2014,L,SUB,Russell Doane
Dustin Kimura,517.64,04-01-2014,W,SUB,Jon Delos Reyes
Jon Delos Reyes,480.53,04-01-2014,L,SUB,Dustin Kimura
Mairbek Taisumov,515.75,04-01-2014,W,U-DEC,Tae Hyun Bang
Tae Hyun Bang,484.25,04-01-2014,L,U-DEC,Mairbek Taisumov
Royston Wee,515.75,04-01-2014,W,U-DEC,Dave Galera
Dave Galera,484.25,04-01-2014,L,U-DEC,Royston Wee
Katsunori Kikuno,515.15,04-01-2014,W,U-DEC,Quinn Mulhern
Quinn Mulhern,471.55,04-01-2014,L,U-DEC,Katsunori Kikuno
Max Holloway,510.52,04-01-2014,W,KO/TKO,Will Chope
Will Chope,484.0,04-01-2014,L,KO/TKO,Max Holloway
Kyung Ho Kang,517.18,04-01-2014,W,SUB,Shunichi Shimizu
Shunichi Shimizu,481.17,04-01-2014,L,SUB,Kyung Ho Kang
Kiichi Kunimoto,515.75,04-01-2014,W,DQ,Luiz Dutra
Luiz Dutra,484.25,04-01-2014,L,DQ,Kiichi Kunimoto
Tatsuya Kawajiri,519.06,04-01-2014,W,SUB,Sean Soriano
Sean Soriano,480.94,04-01-2014,L,SUB,Tatsuya Kawajiri
Tarec Saffiedine,517.24,04-01-2014,W,U-DEC,Hyun Gyu Lim
Hyun Gyu Lim,515.68,04-01-2014,L,U-DEC,Tarec Saffiedine
Beneil Dariush,519.2,15-01-2014,W,SUB,Charlie Brenneman
Charlie Brenneman,477.78,15-01-2014,L,SUB,Beneil Dariush
Vinc Pichel,500.0,15-01-2014,W,U-DEC,Garett Whiteley
Garett Whiteley,468.5,15-01-2014,L,U-DEC,Vinc Pichel
Louis Smolka,516.5,15-01-2014,W,U-DEC,Alptekin Ozkilic
Alptekin Ozkilic,500.07,15-01-2014,L,U-DEC,Louis Smolka
Trevor Smith,500.7,15-01-2014,W,S-DEC,Brian Houston
Brian Houston,465.2,15-01-2014,L,S-DEC,Trevor Smith
Elias Silverio,531.7,15-01-2014,W,U-DEC,Isaac Vallie-Flagg
Isaac Vallie-Flagg,501.55,15-01-2014,L,U-DEC,Elias Silverio
Ramsey Nijem,511.73,15-01-2014,W,U-DEC,Justin Edwards
Justin Edwards,473.76,15-01-2014,L,U-DEC,Ramsey Nijem
Cole Miller,558.27,15-01-2014,W,SUB,Sam Sicilia
Sam Sicilia,481.07,15-01-2014,L,SUB,Cole Miller
John Moraga,533.27,15-01-2014,W,S-DEC,Dustin Ortiz
Dustin Ortiz,499.37,15-01-2014,L,S-DEC,John Moraga
Yoel Romero,551.17,15-01-2014,W,KO/TKO,Derek Brunson
Derek Brunson,519.74,15-01-2014,L,KO/TKO,Yoel Romero
TJ Dillashaw,550.93,15-01-2014,W,U-DEC,Mike Easton
Mike Easton,498.48,15-01-2014,L,U-DEC,TJ Dillashaw
Brad Tavares,588.72,15-01-2014,W,U-DEC,Lorenz Larkin
Lorenz Larkin,488.18,15-01-2014,L,U-DEC,Brad Tavares
Luke Rockhold,506.18,15-01-2014,W,KO/TKO,Constantinos Philippou
Constantinos Philippou,534.32,15-01-2014,L,KO/TKO,Luke Rockhold
Nikita Krylov,499.32,25-01-2014,W,KO/TKO,Walt Harris
Walt Harris,468.47,25-01-2014,L,KO/TKO,Nikita Krylov
George Sullivan,515.75,25-01-2014,W,U-DEC,Mike Rhodes
Mike Rhodes,484.25,25-01-2014,L,U-DEC,George Sullivan
Daron Cruickshank,524.43,25-01-2014,W,KO/TKO,Mike Rio
Mike Rio,465.78,25-01-2014,L,KO/TKO,Daron Cruickshank
Hugo Viana,528.18,25-01-2014,W,U-DEC,Ramiro Hernandez
Ramiro Hernandez,465.62,25-01-2014,L,U-DEC,Hugo Viana
Chico Camus,496.82,25-01-2014,L,Overturned,Yaotzin Meza
Yaotzin Meza,517.85,25-01-2014,W,Overturned,Chico Camus
Eddie Wineland,507.62,25-01-2014,W,KO/TKO,Yves Jabouin
Yves Jabouin,510.29,25-01-2014,L,KO/TKO,Eddie Wineland
Alex Caceres,526.41,25-01-2014,W,SUB,Sergio Pettis
Sergio Pettis,492.2,25-01-2014,L,SUB,Alex Caceres
Jeremy Stephens,541.56,25-01-2014,W,U-DEC,Darren Elkins
Darren Elkins,553.01,25-01-2014,L,U-DEC,Jeremy Stephens
Donald Cerrone,595.02,25-01-2014,W,KO/TKO,Adriano Martins
Adriano Martins,507.09,25-01-2014,L,KO/TKO,Donald Cerrone
Stipe Miocic,566.75,25-01-2014,W,U-DEC,Gabriel Gonzaga
Gabriel Gonzaga,553.64,25-01-2014,L,U-DEC,Stipe Miocic
Benson Henderson,619.77,25-01-2014,W,S-DEC,Josh Thomson
Josh Thomson,521.29,25-01-2014,L,S-DEC,Benson Henderson
Neil Magny,496.98,01-02-2014,W,U-DEC,Gasan Umalatov
Gasan Umalatov,483.36,01-02-2014,L,U-DEC,Neil Magny
Rashid Magomedov,515.75,01-02-2014,W,U-DEC,Anthony Rocco Martin
Anthony Rocco Martin,484.25,01-02-2014,L,U-DEC,Rashid Magomedov
Clint Hester,548.58,01-02-2014,W,U-DEC,Andy Enz
Andy Enz,484.38,01-02-2014,L,U-DEC,Clint Hester
Al Iaquinta,530.81,01-02-2014,W,U-DEC,Kevin Lee
Kevin Lee,483.46,01-02-2014,L,U-DEC,Al Iaquinta
Nick Catone,496.82,01-02-2014,W,S-DEC,Tom Watson
Tom Watson,472.57,01-02-2014,L,S-DEC,Nick Catone
Chris Cariaso,536.22,01-02-2014,W,U-DEC,Danny Martinez
Danny Martinez,484.48,01-02-2014,L,U-DEC,Chris Cariaso
Alan Patrick,533.54,01-02-2014,W,U-DEC,John Makdessi
John Makdessi,525.14,01-02-2014,L,U-DEC,Alan Patrick
Abel Trujillo,543.26,01-02-2014,W,KO/TKO,Jamie Varner
Jamie Varner,492.66,01-02-2014,L,KO/TKO,Abel Trujillo
Ali Bagautinov,550.11,01-02-2014,W,U-DEC,John Lineker
John Lineker,526.99,01-02-2014,L,U-DEC,Ali Bagautinov
Alistair Overeem,506.9,01-02-2014,W,U-DEC,Frank Mir
Frank Mir,546.82,01-02-2014,L,U-DEC,Alistair Overeem
Jose Aldo,612.5,01-02-2014,W,U-DEC,Ricardo Lamas
Ricardo Lamas,549.47,01-02-2014,L,U-DEC,Jose Aldo
Renan Barao,623.87,01-02-2014,W,KO/TKO,Urijah Faber
Urijah Faber,562.65,01-02-2014,L,KO/TKO,Renan Barao
Zubaira Tukhugov,515.75,15-02-2014,W,U-DEC,Douglas Silva de Andrade
Douglas Silva de Andrade,484.25,15-02-2014,L,U-DEC,Zubaira Tukhugov
Ildemar Alcantara,532.34,15-02-2014,W,S-DEC,Albert Tumenov
Albert Tumenov,485.04,15-02-2014,L,S-DEC,Ildemar Alcantara
Felipe Arantes,515.69,15-02-2014,W,U-DEC,Maximo Blanco
Maximo Blanco,470.02,15-02-2014,L,U-DEC,Felipe Arantes
Iuri Alcantara,513.75,15-02-2014,W,S-DEC,Wilson Reis
Wilson Reis,499.93,15-02-2014,L,S-DEC,Iuri Alcantara
Francisco Trinaldo,533.16,15-02-2014,W,S-DEC,Jesse Ronson
Jesse Ronson,469.39,15-02-2014,L,S-DEC,Francisco Trinaldo
Rodrigo Damm,533.28,15-02-2014,W,U-DEC,Ivan Jorge
Ivan Jorge,497.33,15-02-2014,L,U-DEC,Rodrigo Damm
Joe Proctor,513.71,15-02-2014,W,U-DEC,Cristiano Marcello
Cristiano Marcello,470.58,15-02-2014,L,U-DEC,Joe Proctor
Charles Oliveira,541.04,15-02-2014,W,SUB,Andy Ogle
Andy Ogle,467.39,15-02-2014,L,SUB,Charles Oliveira
Nicholas Musoke,534.37,15-02-2014,W,U-DEC,Viscardi Andrade
Viscardi Andrade,498.68,15-02-2014,L,U-DEC,Nicholas Musoke
Erick Silva,529.97,15-02-2014,W,KO/TKO,Takenori Sato
Takenori Sato,484.92,15-02-2014,L,KO/TKO,Erick Silva
Jacare Souza,564.29,15-02-2014,W,U-DEC,Francis Carmont
Francis Carmont,583.31,15-02-2014,L,U-DEC,Jacare Souza
Lyoto Machida,634.51,15-02-2014,W,U-DEC,Gegard Mousasi
Gegard Mousasi,504.18,15-02-2014,L,U-DEC,Lyoto Machida
Ernest Chavez,515.75,22-02-2014,W,S-DEC,Yosdenis Cedeno
Yosdenis Cedeno,484.25,22-02-2014,L,S-DEC,Ernest Chavez
Erik Koch,514.75,22-02-2014,W,KO/TKO,Rafaello Oliveira
Rafaello Oliveira,446.31,22-02-2014,L,KO/TKO,Erik Koch
Zach Makovsky,532.22,22-02-2014,W,U-DEC,Josh Sampo
Josh Sampo,502.39,22-02-2014,L,U-DEC,Zach Makovsky
Aljamain Sterling,515.75,22-02-2014,W,U-DEC,Cody Gibson
Cody Gibson,484.25,22-02-2014,L,U-DEC,Aljamain Sterling
Raphael Assuncao,590.15,22-02-2014,W,U-DEC,Pedro Munhoz
Pedro Munhoz,484.63,22-02-2014,L,U-DEC,Raphael Assuncao
Alexis Davis,547.81,22-02-2014,W,S-DEC,Jessica Eye
Jessica Eye,498.56,22-02-2014,L,S-DEC,Alexis Davis
Stephen Thompson,547.28,22-02-2014,W,KO/TKO,Robert Whittaker
Robert Whittaker,499.16,22-02-2014,L,KO/TKO,Stephen Thompson
Mike Pyle,578.82,22-02-2014,W,KO/TKO,TJ Waldburger
TJ Waldburger,509.44,22-02-2014,L,KO/TKO,Mike Pyle
Rory MacDonald,591.63,22-02-2014,W,U-DEC,Demian Maia
Demian Maia,590.01,22-02-2014,L,U-DEC,Rory MacDonald
Daniel Cormier,553.18,22-02-2014,W,KO/TKO,Patrick Cummins
Patrick Cummins,484.62,22-02-2014,L,KO/TKO,Daniel Cormier
Ronda Rousey,553.22,22-02-2014,W,KO/TKO,Sara McMann
Sara McMann,499.56,22-02-2014,L,KO/TKO,Ronda Rousey
Mark Eddiva,515.75,01-03-2014,W,U-DEC,Jumabieke Tuerxun
Jumabieke Tuerxun,484.25,01-03-2014,L,U-DEC,Mark Eddiva
Anying Wang,515.75,01-03-2014,W,KO/TKO,Albert Cheng
Albert Cheng,484.25,01-03-2014,L,KO/TKO,Anying Wang
Vaughan Lee,493.64,01-03-2014,W,U-DEC,Nam Phan
Nam Phan,445.87,01-03-2014,L,U-DEC,Vaughan Lee
Yui Chul Nam,515.72,01-03-2014,W,S-DEC,Kazuki Tokudome
Kazuki Tokudome,483.6,01-03-2014,L,S-DEC,Yui Chul Nam
Hatsu Hioki,503.57,01-03-2014,W,U-DEC,Ivan Menjivar
Ivan Menjivar,485.01,01-03-2014,L,U-DEC,Hatsu Hioki
Matt Mitrione,549.7,01-03-2014,W,KO/TKO,Shawn Jordan
Shawn Jordan,504.44,01-03-2014,L,KO/TKO,Matt Mitrione
Zhang Lipeng,515.75,01-03-2014,W,S-DEC,Sai Wang
Sai Wang,484.25,01-03-2014,L,S-DEC,Zhang Lipeng
Dong Hyun Kim,631.08,01-03-2014,W,KO/TKO,John Hathaway
John Hathaway,573.14,01-03-2014,L,KO/TKO,Dong Hyun Kim
Phil Harris,465.74,08-03-2014,L,Overturned,Louis Gaudinot
Louis Gaudinot,502.13,08-03-2014,W,Overturned,Phil Harris
Igor Araujo,533.0,08-03-2014,W,U-DEC,Danny Mitchell
Danny Mitchell,484.32,08-03-2014,L,U-DEC,Igor Araujo
Claudio Silva,515.9,08-03-2014,W,U-DEC,Brad Scott
Brad Scott,487.48,08-03-2014,L,U-DEC,Claudio Silva
Luke Barnatt,552.13,08-03-2014,W,KO/TKO,Mats Nilsson
Mats Nilsson,484.57,08-03-2014,L,KO/TKO,Luke Barnatt
Ilir Latifi,504.93,08-03-2014,W,SUB,Cyrille Diabate
Cyrille Diabate,487.04,08-03-2014,L,SUB,Ilir Latifi
Gunnar Nelson,552.64,08-03-2014,W,SUB,Omari Akhmedov
Omari Akhmedov,496.22,08-03-2014,L,SUB,Gunnar Nelson
Brad Pickett,515.02,08-03-2014,W,U-DEC,Neil Seery
Neil Seery,484.22,08-03-2014,L,U-DEC,Brad Pickett
Michael Johnson,554.93,08-03-2014,W,U-DEC,Melvin Guillard
Melvin Guillard,537.2,08-03-2014,L,U-DEC,Michael Johnson
Alexander Gustafsson,605.99,08-03-2014,W,KO/TKO,Jimi Manuwa
Jimi Manuwa,535.68,08-03-2014,L,KO/TKO,Alexander Gustafsson
Robert Whiteford,498.56,15-03-2014,W,U-DEC,Daniel Pineda
Daniel Pineda,487.64,15-03-2014,L,U-DEC,Robert Whiteford
Sean Strickland,519.53,15-03-2014,W,SUB,Robert McDaniel
Robert McDaniel,483.22,15-03-2014,L,SUB,Sean Strickland
Justin Scoggins,529.26,15-03-2014,W,U-DEC,Will Campuzano
Will Campuzano,438.62,15-03-2014,L,U-DEC,Justin Scoggins
Francisco Trevino,514.97,15-03-2014,W,U-DEC,Renee Forte
Renee Forte,467.7,15-03-2014,L,U-DEC,Francisco Trevino
Alex Garcia,532.16,15-03-2014,W,S-DEC,Sean Spencer
Sean Spencer,497.43,15-03-2014,L,S-DEC,Alex Garcia
Dennis Bermudez,586.63,15-03-2014,W,KO/TKO,Jimy Hettes
Jimy Hettes,516.22,15-03-2014,L,KO/TKO,Dennis Bermudez
Jessica Andrade,516.45,15-03-2014,W,S-DEC,Raquel Pennington
Raquel Pennington,498.46,15-03-2014,L,S-DEC,Jessica Andrade
Kelvin Gastelum,554.86,15-03-2014,W,S-DEC,Rick Story
Rick Story,546.8,15-03-2014,L,S-DEC,Kelvin Gastelum
Ovince Saint Preux,551.42,15-03-2014,W,SUB,Nikita Krylov
Nikita Krylov,480.11,15-03-2014,L,SUB,Ovince Saint Preux
Hector Lombard,529.38,15-03-2014,W,U-DEC,Jake Shields
Jake Shields,517.4,15-03-2014,L,U-DEC,Hector Lombard
Myles Jury,588.21,15-03-2014,W,U-DEC,Diego Sanchez
Diego Sanchez,558.95,15-03-2014,L,U-DEC,Myles Jury
Tyron Woodley,535.48,15-03-2014,W,KO/TKO,Carlos Condit
Carlos Condit,549.1,15-03-2014,L,KO/TKO,Tyron Woodley
Johny Hendricks,648.83,15-03-2014,W,U-DEC,Robbie Lawler
Robbie Lawler,546.11,15-03-2014,L,U-DEC,Johny Hendricks
Godofredo Pepey,485.58,23-03-2014,W,KO/TKO,Noad Lahat
Noad Lahat,482.82,23-03-2014,L,KO/TKO,Godofredo Pepey
Hans Stringer,516.43,23-03-2014,W,S-DEC,Francimar Barroso
Francimar Barroso,498.5,23-03-2014,L,S-DEC,Hans Stringer
Kenny Robertson,496.71,23-03-2014,W,SUB,Thiago Perpetuo
Thiago Perpetuo,478.62,23-03-2014,L,SUB,Kenny Robertson
Jussier Formiga,506.4,23-03-2014,W,SUB,Scott Jorgensen
Scott Jorgensen,461.0,23-03-2014,L,SUB,Jussier Formiga
Thiago Santos,498.74,23-03-2014,W,KO/TKO,Ronny Markes
Ronny Markes,515.23,23-03-2014,L,KO/TKO,Thiago Santos
Rony Jason,549.82,23-03-2014,W,KO/TKO,Steven Siler
Steven Siler,527.4,23-03-2014,L,KO/TKO,Rony Jason
Michel Prazeres,518.08,23-03-2014,W,U-DEC,Mairbek Taisumov
Mairbek Taisumov,498.54,23-03-2014,L,U-DEC,Michel Prazeres
Fabio Maldonado,517.69,23-03-2014,W,U-DEC,Gian Villante
Gian Villante,483.39,23-03-2014,L,U-DEC,Fabio Maldonado
Leonardo Santos,520.33,23-03-2014,L,M-DEC,Norman Parke
Norman Parke,547.38,23-03-2014,W,M-DEC,Leonardo Santos
CB Dollaway,543.04,23-03-2014,W,KO/TKO,Cezar Ferreira
Cezar Ferreira,534.02,23-03-2014,L,KO/TKO,CB Dollaway
Dan Henderson,546.47,23-03-2014,W,KO/TKO,Mauricio Rua
Mauricio Rua,502.01,23-03-2014,L,KO/TKO,Dan Henderson
Rani Yahya,512.62,11-04-2014,L,CNC,Johnny Bedford
Johnny Bedford,528.52,11-04-2014,W,CNC,Rani Yahya
Jim Alers,515.75,11-04-2014,W,S-DEC,Alan Omer
Alan Omer,484.25,11-04-2014,L,S-DEC,Jim Alers
Thales Leites,586.02,11-04-2014,W,KO/TKO,Trevor Smith
Trevor Smith,486.95,11-04-2014,L,KO/TKO,Thales Leites
Jared Rosholt,532.25,11-04-2014,W,U-DEC,Daniel Omielanczuk
Daniel Omielanczuk,499.25,11-04-2014,L,U-DEC,Jared Rosholt
Ramsey Nijem,528.58,11-04-2014,W,KO/TKO,Beneil Dariush
Beneil Dariush,502.35,11-04-2014,L,KO/TKO,Ramsey Nijem
Ryan LaFlare,567.7,11-04-2014,W,U-DEC,John Howard
John Howard,523.79,11-04-2014,L,U-DEC,Ryan LaFlare
Clay Guida,559.66,11-04-2014,W,U-DEC,Tatsuya Kawajiri
Tatsuya Kawajiri,504.49,11-04-2014,L,U-DEC,Clay Guida
Roy Nelson,537.59,11-04-2014,W,KO/TKO,Antonio Rodrigo Nogueira
Antonio Rodrigo Nogueira,506.7,11-04-2014,L,KO/TKO,Roy Nelson
Mitch Gagnon,538.38,16-04-2014,W,U-DEC,Tim Gorman
Tim Gorman,483.85,16-04-2014,L,U-DEC,Mitch Gagnon
Richard Walsh,515.75,16-04-2014,W,U-DEC,Chris Indich
Chris Indich,484.25,16-04-2014,L,U-DEC,Richard Walsh
Nordine Taleb,515.75,16-04-2014,W,U-DEC,Vik Grujic
Vik Grujic,484.25,16-04-2014,L,U-DEC,Nordine Taleb
Mark Bocek,552.24,16-04-2014,W,S-DEC,Mike de la Torre
Mike de la Torre,485.98,16-04-2014,L,S-DEC,Mark Bocek
George Roop,491.47,16-04-2014,W,U-DEC,Dustin Kimura
Dustin Kimura,499.91,16-04-2014,L,U-DEC,George Roop
Ryan Jimmo,514.41,16-04-2014,W,KO/TKO,Sean O'Connell
Sean O'Connell,484.19,16-04-2014,L,KO/TKO,Ryan Jimmo
Sarah Kaufman,501.43,16-04-2014,W,U-DEC,Leslie Smith
Leslie Smith,483.57,16-04-2014,L,U-DEC,Sarah Kaufman
KJ Noons,523.82,16-04-2014,W,KO/TKO,Sam Stout
Sam Stout,500.81,16-04-2014,L,KO/TKO,KJ Noons
Dustin Poirier,592.47,16-04-2014,W,KO/TKO,Akira Corassani
Akira Corassani,533.33,16-04-2014,L,KO/TKO,Dustin Poirier
Chad Laprise,515.75,16-04-2014,W,S-DEC,Olivier Aubin-Mercier
Olivier Aubin-Mercier,484.25,16-04-2014,L,S-DEC,Chad Laprise
Elias Theodorou,515.75,16-04-2014,W,KO/TKO,Sheldon Westcott
Sheldon Westcott,484.25,16-04-2014,L,KO/TKO,Elias Theodorou
Patrick Cote,506.82,16-04-2014,W,U-DEC,Kyle Noke
Kyle Noke,512.18,16-04-2014,L,U-DEC,Patrick Cote
Tim Kennedy,554.74,16-04-2014,W,U-DEC,Michael Bisping
Michael Bisping,585.3,16-04-2014,L,U-DEC,Tim Kennedy
Derrick Lewis,515.75,19-04-2014,W,KO/TKO,Jack May
Jack May,484.25,19-04-2014,L,KO/TKO,Derrick Lewis
Mirsad Bektic,515.75,19-04-2014,W,M-DEC,Chas Skelly
Chas Skelly,484.25,19-04-2014,L,M-DEC,Mirsad Bektic
Dustin Ortiz,515.15,19-04-2014,W,S-DEC,Ray Borg
Ray Borg,484.22,19-04-2014,L,S-DEC,Dustin Ortiz
Jordan Mein,515.86,19-04-2014,W,S-DEC,Hernani Perpetuo
Hernani Perpetuo,484.25,19-04-2014,L,S-DEC,Jordan Mein
Caio Magalhaes,536.55,19-04-2014,W,KO/TKO,Luke Zachrich
Luke Zachrich,483.76,19-04-2014,L,KO/TKO,Caio Magalhaes
Alex White,514.39,19-04-2014,W,KO/TKO,Estevan Payan
Estevan Payan,455.44,19-04-2014,L,KO/TKO,Alex White
Jorge Masvidal,534.33,19-04-2014,W,U-DEC,Pat Healy
Pat Healy,458.1,19-04-2014,L,U-DEC,Jorge Masvidal
Thiago Alves,591.92,19-04-2014,W,U-DEC,Seth Baczynski
Seth Baczynski,524.65,19-04-2014,L,U-DEC,Thiago Alves
Khabib Nurmagomedov,606.61,19-04-2014,W,U-DEC,Rafael Dos Anjos
Rafael Dos Anjos,580.83,19-04-2014,L,U-DEC,Khabib Nurmagomedov
Yoel Romero,571.11,19-04-2014,W,U-DEC,Brad Tavares
Brad Tavares,568.78,19-04-2014,L,U-DEC,Yoel Romero
Donald Cerrone,615.96,19-04-2014,W,SUB,Edson Barboza
Edson Barboza,569.46,19-04-2014,L,SUB,Donald Cerrone
Miesha Tate,483.02,19-04-2014,W,U-DEC,Liz Carmouche
Liz Carmouche,465.21,19-04-2014,L,U-DEC,Miesha Tate
Fabricio Werdum,582.95,19-04-2014,W,U-DEC,Travis Browne
Travis Browne,578.48,19-04-2014,L,U-DEC,Fabricio Werdum
Chris Beal,515.75,26-04-2014,W,KO/TKO,Patrick Williams
Patrick Williams,484.25,26-04-2014,L,KO/TKO,Chris Beal
Danny Castillo,556.28,26-04-2014,W,KO/TKO,Charlie Brenneman
Charlie Brenneman,464.97,26-04-2014,L,KO/TKO,Danny Castillo
Bethe Correia,531.57,26-04-2014,W,U-DEC,Jessamyn Duke
Jessamyn Duke,499.22,26-04-2014,L,U-DEC,Bethe Correia
Takanori Gomi,509.99,26-04-2014,W,U-DEC,Isaac Vallie-Flagg
Isaac Vallie-Flagg,485.45,26-04-2014,L,U-DEC,Takanori Gomi
Joseph Benavidez,572.01,26-04-2014,W,SUB,Tim Elliott
Tim Elliott,483.09,26-04-2014,L,SUB,Joseph Benavidez
Max Holloway,530.37,26-04-2014,W,SUB,Andre Fili
Andre Fili,494.48,26-04-2014,L,SUB,Max Holloway
Jim Miller,628.7,26-04-2014,W,SUB,Yancy Medeiros
Yancy Medeiros,486.24,26-04-2014,L,SUB,Jim Miller
Luke Rockhold,528.96,26-04-2014,W,SUB,Tim Boetsch
Tim Boetsch,526.16,26-04-2014,L,SUB,Luke Rockhold
Anthony Johnson,557.64,26-04-2014,W,U-DEC,Phil Davis
Phil Davis,584.6,26-04-2014,L,U-DEC,Anthony Johnson
Jon Jones,735.15,26-04-2014,W,U-DEC,Glover Teixeira
Glover Teixeira,580.42,26-04-2014,L,U-DEC,Jon Jones
Albert Tumenov,500.69,10-05-2014,W,KO/TKO,Anthony Lapsley
Anthony Lapsley,467.27,10-05-2014,L,KO/TKO,Albert Tumenov
Justin Salas,510.73,10-05-2014,W,KO/TKO,Ben Wall
Ben Wall,469.01,10-05-2014,L,KO/TKO,Justin Salas
Nik Lentz,572.52,10-05-2014,W,U-DEC,Manvel Gamburyan
Manvel Gamburyan,498.78,10-05-2014,L,U-DEC,Nik Lentz
Johnny Eduardo,515.55,10-05-2014,W,KO/TKO,Eddie Wineland
Eddie Wineland,490.69,10-05-2014,L,KO/TKO,Johnny Eduardo
Zak Cummings,535.6,10-05-2014,W,U-DEC,Yan Cabral
Yan Cabral,498.32,10-05-2014,L,U-DEC,Zak Cummings
Kyoji Horiguchi,529.02,10-05-2014,W,U-DEC,Darrell Montague
Darrell Montague,470.44,10-05-2014,L,U-DEC,Kyoji Horiguchi
Ed Herman,573.46,10-05-2014,W,U-DEC,Rafael Natal
Rafael Natal,519.12,10-05-2014,L,U-DEC,Ed Herman
Chris Cariaso,552.49,10-05-2014,W,S-DEC,Louis Smolka
Louis Smolka,500.23,10-05-2014,L,S-DEC,Chris Cariaso
Soa Palelei,532.57,10-05-2014,W,KO/TKO,Ruan Potts
Ruan Potts,483.55,10-05-2014,L,KO/TKO,Soa Palelei
Neil Magny,513.62,10-05-2014,W,U-DEC,Tim Means
Tim Means,483.32,10-05-2014,L,U-DEC,Neil Magny
Daron Cruickshank,540.47,10-05-2014,W,KO/TKO,Erik Koch
Erik Koch,498.71,10-05-2014,L,KO/TKO,Daron Cruickshank
Constantinos Philippou,547.99,10-05-2014,W,KO/TKO,Lorenz Larkin
Lorenz Larkin,474.51,10-05-2014,L,KO/TKO,Constantinos Philippou
Matt Brown,606.81,10-05-2014,W,KO/TKO,Erick Silva
Erick Silva,513.19,10-05-2014,L,KO/TKO,Matt Brown
Li Jingliang,515.75,24-05-2014,W,S-DEC,David Michaud
David Michaud,484.25,24-05-2014,L,S-DEC,Li Jingliang
Sam Sicilia,497.68,24-05-2014,W,U-DEC,Aaron Phillips
Aaron Phillips,483.39,24-05-2014,L,U-DEC,Sam Sicilia
Vinc Pichel,516.61,24-05-2014,W,U-DEC,Anthony Njokuani
Anthony Njokuani,485.74,24-05-2014,L,U-DEC,Vinc Pichel
Mitch Clarke,508.46,24-05-2014,W,SUB,Al Iaquinta
Al Iaquinta,508.28,24-05-2014,L,SUB,Mitch Clarke
Chris Holdsworth,534.51,24-05-2014,W,U-DEC,Chico Camus
Chico Camus,481.37,24-05-2014,L,U-DEC,Chris Holdsworth
Tony Ferguson,563.19,24-05-2014,W,KO/TKO,Katsunori Kikuno
Katsunori Kikuno,500.22,24-05-2014,L,KO/TKO,Tony Ferguson
Michael Chiesa,551.54,24-05-2014,W,U-DEC,Francisco Trinaldo
Francisco Trinaldo,516.75,24-05-2014,L,U-DEC,Michael Chiesa
James Krause,518.76,24-05-2014,W,KO/TKO,Jamie Varner
Jamie Varner,477.4,24-05-2014,L,KO/TKO,James Krause
Takeya Mizugaki,581.5,24-05-2014,W,U-DEC,Francisco Rivera
Francisco Rivera,527.23,24-05-2014,L,U-DEC,Takeya Mizugaki
Robbie Lawler,563.49,24-05-2014,W,KO/TKO,Jake Ellenberger
Jake Ellenberger,564.9,24-05-2014,L,KO/TKO,Robbie Lawler
Daniel Cormier,574.19,24-05-2014,W,SUB,Dan Henderson
Dan Henderson,525.46,24-05-2014,L,SUB,Daniel Cormier
TJ Dillashaw,570.84,24-05-2014,W,KO/TKO,Renan Barao
Renan Barao,603.96,24-05-2014,L,KO/TKO,TJ Dillashaw
Ruslan Magomedov,515.75,31-05-2014,W,U-DEC,Viktor Pesta
Viktor Pesta,484.25,31-05-2014,L,U-DEC,Ruslan Magomedov
Maximo Blanco,485.65,31-05-2014,W,U-DEC,Andy Ogle
Andy Ogle,451.76,31-05-2014,L,U-DEC,Maximo Blanco
Peter Sobotta,472.77,31-05-2014,W,U-DEC,Pawel Pawlak
Pawel Pawlak,482.22,31-05-2014,L,U-DEC,Peter Sobotta
Iuri Alcantara,529.3,31-05-2014,W,KO/TKO,Vaughan Lee
Vaughan Lee,478.09,31-05-2014,L,KO/TKO,Iuri Alcantara
Magnus Cedenblad,520.57,31-05-2014,W,SUB,Krzysztof Jotko
Krzysztof Jotko,494.86,31-05-2014,L,SUB,Magnus Cedenblad
Nick Hein,515.0,31-05-2014,W,U-DEC,Drew Dober
Drew Dober,468.37,31-05-2014,L,U-DEC,Nick Hein
Niklas Backstrom,520.37,31-05-2014,W,SUB,Tom Niinimaki
Tom Niinimaki,497.46,31-05-2014,L,SUB,Niklas Backstrom
Sean Strickland,537.57,31-05-2014,W,S-DEC,Luke Barnatt
Luke Barnatt,534.09,31-05-2014,L,S-DEC,Sean Strickland
CB Dollaway,561.44,31-05-2014,W,U-DEC,Francis Carmont
Francis Carmont,564.91,31-05-2014,L,U-DEC,CB Dollaway
Gegard Mousasi,527.3,31-05-2014,W,SUB,Mark Munoz
Mark Munoz,549.18,31-05-2014,L,SUB,Gegard Mousasi
Pedro Munhoz,501.08,31-05-2014,W,KO/TKO,Matt Hobar
Matt Hobar,483.55,31-05-2014,L,KO/TKO,Pedro Munhoz
Marcos Rogerio de Lima,515.75,31-05-2014,W,KO/TKO,Richardson Moreira
Richardson Moreira,484.25,31-05-2014,L,KO/TKO,Marcos Rogerio de Lima
Ricardo Abreu,519.06,31-05-2014,W,SUB,Wagner Silva
Wagner Silva,480.94,31-05-2014,L,SUB,Ricardo Abreu
Edimilson Souza,532.99,31-05-2014,W,KO/TKO,Mark Eddiva
Mark Eddiva,499.29,31-05-2014,L,KO/TKO,Edimilson Souza
Gasan Umalatov,499.97,31-05-2014,W,U-DEC,Paulo Thiago
Paulo Thiago,485.85,31-05-2014,L,U-DEC,Gasan Umalatov
Elias Silverio,551.29,31-05-2014,W,SUB,Ernest Chavez
Ernest Chavez,496.16,31-05-2014,L,SUB,Elias Silverio
Rashid Magomedov,533.08,31-05-2014,W,U-DEC,Rodrigo Damm
Rodrigo Damm,515.95,31-05-2014,L,U-DEC,Rashid Magomedov
Robert Peralta,557.39,31-05-2014,W,S-DEC,Rony Jason
Rony Jason,532.88,31-05-2014,L,S-DEC,Robert Peralta
Demian Maia,601.77,31-05-2014,W,U-DEC,Alexander Yakovlev
Alexander Yakovlev,488.24,31-05-2014,L,U-DEC,Demian Maia
Warlley Alves,518.74,31-05-2014,W,SUB,Marcio Alexandre Junior
Marcio Alexandre Junior,481.26,31-05-2014,L,SUB,Warlley Alves
Antonio Carlos Junior,515.75,31-05-2014,W,U-DEC,Vitor Miranda
Vitor Miranda,484.25,31-05-2014,L,U-DEC,Antonio Carlos Junior
Stipe Miocic,581.58,31-05-2014,W,KO/TKO,Fabio Maldonado
Fabio Maldonado,502.86,31-05-2014,L,KO/TKO,Stipe Miocic
Patrick Cummins,501.07,07-06-2014,W,KO/TKO,Roger Narvaez
Roger Narvaez,483.55,07-06-2014,L,KO/TKO,Patrick Cummins
Jon Tuck,514.51,07-06-2014,W,KO/TKO,Jake Lindsey
Jake Lindsey,484.19,07-06-2014,L,KO/TKO,Jon Tuck
Scott Jorgensen,477.81,07-06-2014,W,U-DEC,Danny Martinez
Danny Martinez,467.67,07-06-2014,L,U-DEC,Scott Jorgensen
Lance Benoist,498.74,07-06-2014,W,U-DEC,Bobby Voelker
Bobby Voelker,438.09,07-06-2014,L,U-DEC,Lance Benoist
Sergio Pettis,509.11,07-06-2014,W,U-DEC,Yaotzin Meza
Yaotzin Meza,500.94,07-06-2014,L,U-DEC,Sergio Pettis
Bryan Caraway,559.71,07-06-2014,W,SUB,Erik Perez
Erik Perez,525.32,07-06-2014,L,SUB,Bryan Caraway
Piotr Hallmann,522.3,07-06-2014,W,SUB,Yves Edwards
Yves Edwards,484.24,07-06-2014,L,SUB,Piotr Hallmann
Rafael Dos Anjos,593.19,07-06-2014,W,KO/TKO,Jason High
Jason High,492.58,07-06-2014,L,KO/TKO,Rafael Dos Anjos
John Dodson,560.3,07-06-2014,W,KO/TKO,John Moraga
John Moraga,517.29,07-06-2014,L,KO/TKO,John Dodson
Diego Sanchez,573.85,07-06-2014,W,S-DEC,Ross Pearson
Ross Pearson,525.27,07-06-2014,L,S-DEC,Diego Sanchez
Benson Henderson,635.2,07-06-2014,W,SUB,Rustam Khabilov
Rustam Khabilov,533.66,07-06-2014,L,SUB,Benson Henderson
Jason Saggo,515.75,14-06-2014,W,KO/TKO,Josh Shockley
Josh Shockley,484.25,14-06-2014,L,KO/TKO,Jason Saggo
Michinori Tanaka,516.57,14-06-2014,W,U-DEC,Roland Delorme
Roland Delorme,501.6,14-06-2014,L,U-DEC,Michinori Tanaka
Tae Hyun Bang,500.71,14-06-2014,W,KO/TKO,Kajan Johnson
Kajan Johnson,483.54,14-06-2014,L,KO/TKO,Tae Hyun Bang
Yves Jabouin,525.5,14-06-2014,W,U-DEC,Mike Easton
Mike Easton,483.27,14-06-2014,L,U-DEC,Yves Jabouin
Valerie Letourneau,515.75,14-06-2014,W,S-DEC,Elizabeth Phillips
Elizabeth Phillips,484.25,14-06-2014,L,S-DEC,Valerie Letourneau
Kiichi Kunimoto,534.5,14-06-2014,W,SUB,Daniel Sarafian
Daniel Sarafian,470.5,14-06-2014,L,SUB,Kiichi Kunimoto
Ovince Saint Preux,567.51,14-06-2014,W,KO/TKO,Ryan Jimmo
Ryan Jimmo,498.32,14-06-2014,L,KO/TKO,Ovince Saint Preux
Andrei Arlovski,614.85,14-06-2014,W,S-DEC,Brendan Schaub
Brendan Schaub,538.22,14-06-2014,L,S-DEC,Andrei Arlovski
Ryan Bader,584.14,14-06-2014,W,U-DEC,Rafael Cavalcante
Rafael Cavalcante,487.51,14-06-2014,L,U-DEC,Ryan Bader
Rory MacDonald,605.49,14-06-2014,W,U-DEC,Tyron Woodley
Tyron Woodley,521.62,14-06-2014,L,U-DEC,Rory MacDonald
Demetrious Johnson,618.38,14-06-2014,W,U-DEC,Ali Bagautinov
Ali Bagautinov,533.49,14-06-2014,L,U-DEC,Demetrious Johnson
Gian Villante,499.18,28-06-2014,W,S-DEC,Sean O'Connell
Sean O'Connell,468.4,28-06-2014,L,S-DEC,Gian Villante
Dan Hooker,515.75,28-06-2014,W,KO/TKO,Ian Entwistle
Ian Entwistle,484.25,28-06-2014,L,KO/TKO,Dan Hooker
Neil Magny,530.19,28-06-2014,W,KO/TKO,Rodrigo de Lima
Rodrigo de Lima,483.43,28-06-2014,L,KO/TKO,Neil Magny
Vik Grujic,500.0,28-06-2014,W,KO/TKO,Chris Indich
Chris Indich,468.5,28-06-2014,L,KO/TKO,Vik Grujic
Richie Vaculik,500.71,28-06-2014,W,U-DEC,Roldan Sangcha'an
Roldan Sangcha'an,483.54,28-06-2014,L,U-DEC,Richie Vaculik
Jake Matthews,518.74,28-06-2014,W,SUB,Dashon Johnson
Dashon Johnson,481.26,28-06-2014,L,SUB,Jake Matthews
Robert Whittaker,514.23,28-06-2014,W,U-DEC,Mike Rhodes
Mike Rhodes,469.18,28-06-2014,L,U-DEC,Robert Whittaker
Charles Oliveira,558.86,28-06-2014,W,SUB,Hatsu Hioki
Hatsu Hioki,485.75,28-06-2014,L,SUB,Charles Oliveira
Jared Rosholt,549.52,28-06-2014,W,U-DEC,Soa Palelei
Soa Palelei,515.3,28-06-2014,L,U-DEC,Jared Rosholt
Nate Marquardt,572.14,28-06-2014,W,SUB,James Te Huna
James Te Huna,501.29,28-06-2014,L,SUB,Nate Marquardt
Aleksei Oleinik,519.37,28-06-2014,W,SUB,Anthony Hamilton
Anthony Hamilton,480.63,28-06-2014,L,SUB,Aleksei Oleinik
Ray Borg,504.47,28-06-2014,W,SUB,Shane Howell
Shane Howell,479.75,28-06-2014,L,SUB,Ray Borg
Marcelo Guimaraes,513.72,28-06-2014,W,S-DEC,Andy Enz
Andy Enz,469.27,28-06-2014,L,S-DEC,Marcelo Guimaraes
Cody Gibson,502.0,28-06-2014,W,KO/TKO,Johnny Bedford
Johnny Bedford,510.77,28-06-2014,L,KO/TKO,Cody Gibson
Diego Ferreira,518.32,28-06-2014,W,SUB,Colton Smith
Colton Smith,462.85,28-06-2014,L,SUB,Diego Ferreira
Joe Ellenberger,515.75,28-06-2014,W,S-DEC,James Moontasri
James Moontasri,484.25,28-06-2014,L,S-DEC,Joe Ellenberger
Clint Hester,565.07,28-06-2014,W,S-DEC,Antonio Braga Neto
Antonio Braga Neto,502.88,28-06-2014,L,S-DEC,Clint Hester
Ricardo Lamas,563.08,28-06-2014,W,U-DEC,Hacran Dias
Hacran Dias,488.47,28-06-2014,L,U-DEC,Ricardo Lamas
Cezar Ferreira,548.77,28-06-2014,W,U-DEC,Andrew Craig
Andrew Craig,497.22,28-06-2014,L,U-DEC,Cezar Ferreira
Kelvin Gastelum,571.8,28-06-2014,W,U-DEC,Nicholas Musoke
Nicholas Musoke,517.43,28-06-2014,L,U-DEC,Kelvin Gastelum
Cub Swanson,591.73,28-06-2014,W,U-DEC,Jeremy Stephens
Jeremy Stephens,523.88,28-06-2014,L,U-DEC,Cub Swanson
Kevin Casey,469.93,05-07-2014,L,Overturned,Bubba Bush
Bubba Bush,514.32,05-07-2014,W,Overturned,Kevin Casey
Luke Zachrich,500.25,05-07-2014,W,U-DEC,Guilherme Vasconcelos
Guilherme Vasconcelos,483.51,05-07-2014,L,U-DEC,Luke Zachrich
Rob Font,515.36,05-07-2014,W,KO/TKO,George Roop
George Roop,476.11,05-07-2014,L,KO/TKO,Rob Font
Bruno Santos,501.68,05-07-2014,W,S-DEC,Chris Camozzi
Chris Camozzi,503.95,05-07-2014,L,S-DEC,Bruno Santos
Kenny Robertson,514.9,05-07-2014,W,U-DEC,Ildemar Alcantara
Ildemar Alcantara,514.15,05-07-2014,L,U-DEC,Kenny Robertson
Urijah Faber,579.44,05-07-2014,W,SUB,Alex Caceres
Alex Caceres,509.62,05-07-2014,L,SUB,Urijah Faber
Russell Doane,536.12,05-07-2014,W,S-DEC,Marcus Brimage
Marcus Brimage,513.81,05-07-2014,L,S-DEC,Russell Doane
Uriah Hall,504.5,05-07-2014,W,U-DEC,Thiago Santos
Thiago Santos,481.7,05-07-2014,L,U-DEC,Uriah Hall
Ronda Rousey,570.94,05-07-2014,W,KO/TKO,Alexis Davis
Alexis Davis,530.09,05-07-2014,L,KO/TKO,Ronda Rousey
Chris Weidman,670.23,05-07-2014,W,U-DEC,Lyoto Machida
Lyoto Machida,614.46,05-07-2014,L,U-DEC,Chris Weidman
Robert Drysdale,485.0,06-07-2014,L,Overturned,Keith Berish
Keith Berish,515.0,06-07-2014,W,Overturned,Robert Drysdale
Sarah Moras,515.75,06-07-2014,W,U-DEC,Alexis Dufresne
Alexis Dufresne,484.25,06-07-2014,L,U-DEC,Sarah Moras
Patrick Walsh,515.75,06-07-2014,W,U-DEC,Daniel Spohn
Daniel Spohn,484.25,06-07-2014,L,U-DEC,Patrick Walsh
Adriano Martins,522.52,06-07-2014,W,KO/TKO,Juan Manuel Puig
Juan Manuel Puig,484.57,06-07-2014,L,KO/TKO,Adriano Martins
Leandro Issa,499.86,06-07-2014,W,SUB,Jumabieke Tuerxun
Jumabieke Tuerxun,465.33,06-07-2014,L,SUB,Leandro Issa
Kevin Lee,498.57,06-07-2014,W,S-DEC,Jesse Ronson
Jesse Ronson,454.28,06-07-2014,L,S-DEC,Kevin Lee
Dustin Ortiz,532.32,06-07-2014,W,S-DEC,Justin Scoggins
Justin Scoggins,512.09,06-07-2014,L,S-DEC,Dustin Ortiz
Derrick Lewis,531.5,06-07-2014,W,KO/TKO,Guto Inocente
Guto Inocente,484.25,06-07-2014,L,KO/TKO,Derrick Lewis
Eddie Gordon,515.75,06-07-2014,W,KO/TKO,Dhiego Lima
Dhiego Lima,484.25,06-07-2014,L,KO/TKO,Eddie Gordon
Corey Anderson,515.75,06-07-2014,W,KO/TKO,Matt Van Buren
Matt Van Buren,484.25,06-07-2014,L,KO/TKO,Corey Anderson
Frankie Edgar,608.52,06-07-2014,W,KO/TKO,BJ Penn
BJ Penn,553.95,06-07-2014,L,KO/TKO,Frankie Edgar
Claudia Gadelha,515.75,16-07-2014,W,U-DEC,Tina Lahdemaki
Tina Lahdemaki,484.25,16-07-2014,L,U-DEC,Claudia Gadelha
Yosdenis Cedeno,500.71,16-07-2014,W,KO/TKO,Jerrod Sanders
Jerrod Sanders,483.54,16-07-2014,L,KO/TKO,Yosdenis Cedeno
Aljamain Sterling,532.84,16-07-2014,W,KO/TKO,Hugo Viana
Hugo Viana,511.09,16-07-2014,L,KO/TKO,Aljamain Sterling
Leslie Smith,500.03,16-07-2014,W,KO/TKO,Jessamyn Duke
Jessamyn Duke,482.76,16-07-2014,L,KO/TKO,Leslie Smith
Gleison Tibau,579.21,16-07-2014,W,U-DEC,Pat Healy
Pat Healy,447.18,16-07-2014,L,U-DEC,Gleison Tibau
Lucas Martins,539.09,16-07-2014,W,KO/TKO,Alex White
Alex White,497.53,16-07-2014,L,KO/TKO,Lucas Martins
John Lineker,541.52,16-07-2014,W,KO/TKO,Alptekin Ozkilic
Alptekin Ozkilic,485.54,16-07-2014,L,KO/TKO,John Lineker
Joe Proctor,530.07,16-07-2014,W,KO/TKO,Justin Salas
Justin Salas,494.37,16-07-2014,L,KO/TKO,Joe Proctor
Rick Story,562.46,16-07-2014,W,SUB,Leonardo Mafra
Leonardo Mafra,468.59,16-07-2014,L,SUB,Rick Story
Edson Barboza,583.4,16-07-2014,W,KO/TKO,Evan Dunham
Evan Dunham,515.34,16-07-2014,L,KO/TKO,Edson Barboza
Donald Cerrone,634.62,16-07-2014,W,KO/TKO,Jim Miller
Jim Miller,610.04,16-07-2014,L,KO/TKO,Donald Cerrone
Paddy Holohan,519.51,19-07-2014,W,SUB,Josh Sampo
Josh Sampo,482.88,19-07-2014,L,SUB,Paddy Holohan
Nikita Krylov,495.95,19-07-2014,W,KO/TKO,Cody Donovan
Cody Donovan,466.26,19-07-2014,L,KO/TKO,Nikita Krylov
Trevor Smith,503.42,19-07-2014,W,U-DEC,Tor Troeng
Tor Troeng,486.45,19-07-2014,L,U-DEC,Trevor Smith
Cathal Pendred,519.06,19-07-2014,W,SUB,Mike King
Mike King,480.94,19-07-2014,L,SUB,Cathal Pendred
Neil Seery,499.13,19-07-2014,W,U-DEC,Phil Harris
Phil Harris,450.83,19-07-2014,L,U-DEC,Neil Seery
Ilir Latifi,521.2,19-07-2014,W,KO/TKO,Chris Dempsey
Chris Dempsey,483.73,19-07-2014,L,KO/TKO,Ilir Latifi
Norman Parke,561.35,19-07-2014,W,KO/TKO,Naoyuki Kotani
Naoyuki Kotani,454.37,19-07-2014,L,KO/TKO,Norman Parke
Ian McCall,505.86,19-07-2014,W,U-DEC,Brad Pickett
Brad Pickett,497.24,19-07-2014,L,U-DEC,Ian McCall
Gunnar Nelson,573.35,19-07-2014,W,SUB,Zak Cummings
Zak Cummings,514.89,19-07-2014,L,SUB,Gunnar Nelson
Conor McGregor,551.52,19-07-2014,W,KO/TKO,Diego Brandao
Diego Brandao,520.12,19-07-2014,L,KO/TKO,Conor McGregor
Noad Lahat,500.58,26-07-2014,W,U-DEC,Steven Siler
Steven Siler,509.64,26-07-2014,L,U-DEC,Noad Lahat
Joanna Jedrzejczyk,515.75,26-07-2014,W,U-DEC,Juliana Lima
Juliana Lima,484.25,26-07-2014,L,U-DEC,Joanna Jedrzejczyk
Gilbert Burns,515.75,26-07-2014,W,U-DEC,Andreas Stahl
Andreas Stahl,484.25,26-07-2014,L,U-DEC,Gilbert Burns
Tiago dos Santos e Silva,515.75,26-07-2014,W,U-DEC,Akbarh Arreola
Akbarh Arreola,484.25,26-07-2014,L,U-DEC,Tiago dos Santos e Silva
Mike de la Torre,471.58,26-07-2014,L,Overturned,Brian Ortega
Brian Ortega,514.4,26-07-2014,W,Overturned,Mike de la Torre
Tim Means,499.11,26-07-2014,W,U-DEC,Hernani Perpetuo
Hernani Perpetuo,468.46,26-07-2014,L,U-DEC,Tim Means
Patrick Cummins,517.28,26-07-2014,W,U-DEC,Kyle Kingsbury
Kyle Kingsbury,478.71,26-07-2014,L,U-DEC,Patrick Cummins
Jorge Masvidal,551.12,26-07-2014,W,U-DEC,Daron Cruickshank
Daron Cruickshank,523.68,26-07-2014,L,U-DEC,Jorge Masvidal
King Green,568.97,26-07-2014,W,S-DEC,Josh Thomson
Josh Thomson,504.91,26-07-2014,L,S-DEC,King Green
Dennis Bermudez,609.23,26-07-2014,W,SUB,Clay Guida
Clay Guida,537.06,26-07-2014,L,SUB,Dennis Bermudez
Anthony Johnson,573.45,26-07-2014,W,KO/TKO,Rogerio Nogueira
Rogerio Nogueira,527.28,26-07-2014,L,KO/TKO,Anthony Johnson
Robbie Lawler,582.04,26-07-2014,W,U-DEC,Matt Brown
Matt Brown,588.26,26-07-2014,L,U-DEC,Robbie Lawler
Frankie Saenz,515.75,16-08-2014,W,U-DEC,Nolan Ticman
Nolan Ticman,484.25,16-08-2014,L,U-DEC,Frankie Saenz
Tom Watson,489.56,16-08-2014,W,U-DEC,Sam Alvey
Sam Alvey,483.01,16-08-2014,L,U-DEC,Tom Watson
Sara McMann,515.33,16-08-2014,W,S-DEC,Lauren Murphy
Lauren Murphy,484.23,16-08-2014,L,S-DEC,Sara McMann
Jussier Formiga,524.12,16-08-2014,W,U-DEC,Zach Makovsky
Zach Makovsky,514.5,16-08-2014,L,U-DEC,Jussier Formiga
Thiago Tavares,570.15,16-08-2014,W,SUB,Robert Peralta
Robert Peralta,536.63,16-08-2014,L,SUB,Thiago Tavares
Shawn Jordan,519.28,16-08-2014,W,KO/TKO,Jack May
Jack May,469.41,16-08-2014,L,KO/TKO,Shawn Jordan
Alan Jouban,516.87,16-08-2014,W,KO/TKO,Seth Baczynski
Seth Baczynski,507.78,16-08-2014,L,KO/TKO,Alan Jouban
Tim Boetsch,543.83,16-08-2014,W,KO/TKO,Brad Tavares
Brad Tavares,551.11,16-08-2014,L,KO/TKO,Tim Boetsch
Ross Pearson,543.82,16-08-2014,W,KO/TKO,Gray Maynard
Gray Maynard,569.23,16-08-2014,L,KO/TKO,Ross Pearson
Ryan Bader,600.56,16-08-2014,W,U-DEC,Ovince Saint Preux
Ovince Saint Preux,551.09,16-08-2014,L,U-DEC,Ryan Bader
Milana Dudieva,515.04,23-08-2014,W,S-DEC,Elizabeth Phillips
Elizabeth Phillips,469.21,23-08-2014,L,S-DEC,Milana Dudieva
Royston Wee,531.5,23-08-2014,W,S-DEC,Yao Zhikui
Yao Zhikui,484.25,23-08-2014,L,S-DEC,Royston Wee
Colby Covington,516.46,23-08-2014,W,KO/TKO,Anying Wang
Anying Wang,499.29,23-08-2014,L,KO/TKO,Colby Covington
Yuta Sasaki,519.46,23-08-2014,W,SUB,Roland Delorme
Roland Delorme,482.14,23-08-2014,L,SUB,Yuta Sasaki
Alberto Mina,515.75,23-08-2014,W,KO/TKO,Shinsho Anzai
Shinsho Anzai,484.25,23-08-2014,L,KO/TKO,Alberto Mina
Sai Wang,500.0,23-08-2014,W,U-DEC,Danny Mitchell
Danny Mitchell,468.57,23-08-2014,L,U-DEC,Sai Wang
Guangyou Ning,515.75,23-08-2014,W,U-DEC,Jianping Yang
Jianping Yang,484.25,23-08-2014,L,U-DEC,Guangyou Ning
Zhang Lipeng,531.5,23-08-2014,W,U-DEC,Brendan O'Reilly
Brendan O'Reilly,484.25,23-08-2014,L,U-DEC,Zhang Lipeng
Tyron Woodley,542.17,23-08-2014,W,KO/TKO,Dong Hyun Kim
Dong Hyun Kim,610.53,23-08-2014,L,KO/TKO,Tyron Woodley
Michael Bisping,598.13,23-08-2014,W,KO/TKO,Cung Le
Cung Le,507.25,23-08-2014,L,KO/TKO,Michael Bisping
Wilson Reis,515.68,23-08-2014,W,U-DEC,Joby Sanchez
Joby Sanchez,484.25,23-08-2014,L,U-DEC,Wilson Reis
Ben Saunders,539.3,23-08-2014,W,SUB,Chris Heatherly
Chris Heatherly,481.8,23-08-2014,L,SUB,Ben Saunders
Matt Hobar,499.29,23-08-2014,W,U-DEC,Aaron Phillips
Aaron Phillips,467.65,23-08-2014,L,U-DEC,Matt Hobar
Beneil Dariush,520.42,23-08-2014,W,SUB,Anthony Rocco Martin
Anthony Rocco Martin,466.18,23-08-2014,L,SUB,Beneil Dariush
Neil Magny,548.29,23-08-2014,W,U-DEC,Alex Garcia
Alex Garcia,514.06,23-08-2014,L,U-DEC,Neil Magny
Chas Skelly,504.36,23-08-2014,W,SUB,Tom Niinimaki
Tom Niinimaki,477.35,23-08-2014,L,SUB,Chas Skelly
James Vick,535.84,23-08-2014,W,U-DEC,Valmir Lazaro
Valmir Lazaro,484.46,23-08-2014,L,U-DEC,James Vick
Max Holloway,546.12,23-08-2014,W,KO/TKO,Clay Collard
Clay Collard,484.25,23-08-2014,L,KO/TKO,Max Holloway
Thales Leites,602.93,23-08-2014,W,KO/TKO,Francis Carmont
Francis Carmont,548.0,23-08-2014,L,KO/TKO,Thales Leites
Jordan Mein,535.32,23-08-2014,W,KO/TKO,Mike Pyle
Mike Pyle,559.36,23-08-2014,L,KO/TKO,Jordan Mein
Rafael Dos Anjos,611.68,23-08-2014,W,KO/TKO,Benson Henderson
Benson Henderson,616.71,23-08-2014,L,KO/TKO,Rafael Dos Anjos
Chris Wade,519.37,30-08-2014,W,SUB,Cain Carrizosa
Cain Carrizosa,480.63,30-08-2014,L,SUB,Chris Wade
Anthony Hamilton,496.51,30-08-2014,W,KO/TKO,Ruan Potts
Ruan Potts,467.67,30-08-2014,L,KO/TKO,Anthony Hamilton
Derek Brunson,533.45,30-08-2014,W,U-DEC,Lorenz Larkin
Lorenz Larkin,460.8,30-08-2014,L,U-DEC,Derek Brunson
Yancy Medeiros,506.05,30-08-2014,W,SUB,Damon Jackson
Damon Jackson,480.19,30-08-2014,L,SUB,Yancy Medeiros
Diego Ferreira,535.31,30-08-2014,W,KO/TKO,Ramsey Nijem
Ramsey Nijem,511.59,30-08-2014,L,KO/TKO,Diego Ferreira
Bethe Correia,547.26,30-08-2014,W,KO/TKO,Shayna Baszler
Shayna Baszler,484.31,30-08-2014,L,KO/TKO,Bethe Correia
Tony Ferguson,580.1,30-08-2014,W,S-DEC,Danny Castillo
Danny Castillo,539.37,30-08-2014,L,S-DEC,Tony Ferguson
TJ Dillashaw,584.62,30-08-2014,W,KO/TKO,Joe Soto
Joe Soto,486.22,30-08-2014,L,KO/TKO,TJ Dillashaw
Chas Skelly,519.75,05-09-2014,W,U-DEC,Sean Soriano
Sean Soriano,465.55,05-09-2014,L,U-DEC,Chas Skelly
Chris Beal,531.5,05-09-2014,W,U-DEC,Tateki Matsuda
Tateki Matsuda,484.25,05-09-2014,L,U-DEC,Chris Beal
Rafael Natal,534.18,05-09-2014,W,S-DEC,Chris Camozzi
Chris Camozzi,488.89,05-09-2014,L,S-DEC,Rafael Natal
Al Iaquinta,524.38,05-09-2014,W,KO/TKO,Rodrigo Damm
Rodrigo Damm,499.85,05-09-2014,L,KO/TKO,Al Iaquinta
John Moraga,536.06,05-09-2014,W,SUB,Justin Scoggins
Justin Scoggins,493.32,05-09-2014,L,SUB,John Moraga
Joe Lauzon,575.17,05-09-2014,W,KO/TKO,Michael Chiesa
Michael Chiesa,535.4,05-09-2014,L,KO/TKO,Joe Lauzon
Matt Mitrione,565.34,05-09-2014,W,KO/TKO,Derrick Lewis
Derrick Lewis,515.86,05-09-2014,L,KO/TKO,Matt Mitrione
Ben Rothwell,518.23,05-09-2014,W,KO/TKO,Alistair Overeem
Alistair Overeem,490.14,05-09-2014,L,KO/TKO,Ben Rothwell
Jacare Souza,583.44,05-09-2014,W,SUB,Gegard Mousasi
Gegard Mousasi,508.15,05-09-2014,L,SUB,Jacare Souza
Rani Yahya,531.58,13-09-2014,W,SUB,Johnny Bedford
Johnny Bedford,491.81,13-09-2014,L,SUB,Rani Yahya
Sean Spencer,512.66,13-09-2014,W,U-DEC,Paulo Thiago
Paulo Thiago,470.62,13-09-2014,L,U-DEC,Sean Spencer
Francisco Trinaldo,531.04,13-09-2014,W,U-DEC,Leandro Silva
Leandro Silva,470.12,13-09-2014,L,U-DEC,Francisco Trinaldo
George Sullivan,533.07,13-09-2014,W,KO/TKO,Igor Araujo
Igor Araujo,515.68,13-09-2014,L,KO/TKO,George Sullivan
Godofredo Pepey,505.62,13-09-2014,W,SUB,Dashon Johnson
Dashon Johnson,461.22,13-09-2014,L,SUB,Godofredo Pepey
Jessica Andrade,536.66,13-09-2014,W,SUB,Larissa Pacheco
Larissa Pacheco,479.79,13-09-2014,L,SUB,Jessica Andrade
Iuri Alcantara,546.89,13-09-2014,W,U-DEC,Russell Doane
Russell Doane,518.53,13-09-2014,L,U-DEC,Iuri Alcantara
Santiago Ponzinibbio,500.74,13-09-2014,W,KO/TKO,Wendell Oliveira Marques
Wendell Oliveira Marques,483.54,13-09-2014,L,KO/TKO,Santiago Ponzinibbio
Leonardo Santos,534.64,13-09-2014,W,U-DEC,Efrain Escudero
Efrain Escudero,459.73,13-09-2014,L,U-DEC,Leonardo Santos
Gleison Tibau,593.03,13-09-2014,W,S-DEC,Piotr Hallmann
Piotr Hallmann,508.48,13-09-2014,L,S-DEC,Gleison Tibau
Andrei Arlovski,628.3,13-09-2014,W,KO/TKO,Antonio Silva
Antonio Silva,500.54,13-09-2014,L,KO/TKO,Andrei Arlovski
Maximo Blanco,503.58,20-09-2014,W,U-DEC,Dan Hooker
Dan Hooker,497.82,20-09-2014,L,U-DEC,Maximo Blanco
Johnny Case,518.16,20-09-2014,W,SUB,Kazuki Tokudome
Kazuki Tokudome,465.44,20-09-2014,L,SUB,Johnny Case
Kyung Ho Kang,533.65,20-09-2014,W,S-DEC,Michinori Tanaka
Michinori Tanaka,500.1,20-09-2014,L,S-DEC,Kyung Ho Kang
Hyun Gyu Lim,530.04,20-09-2014,W,KO/TKO,Takenori Sato
Takenori Sato,470.56,20-09-2014,L,KO/TKO,Hyun Gyu Lim
Katsunori Kikuno,519.14,20-09-2014,W,SUB,Sam Sicilia
Sam Sicilia,478.76,20-09-2014,L,SUB,Katsunori Kikuno
Masanori Kanehara,516.19,20-09-2014,W,U-DEC,Alex Caceres
Alex Caceres,493.43,20-09-2014,L,U-DEC,Masanori Kanehara
Kyoji Horiguchi,543.88,20-09-2014,W,KO/TKO,Jon Delos Reyes
Jon Delos Reyes,465.67,20-09-2014,L,KO/TKO,Kyoji Horiguchi
Kiichi Kunimoto,550.82,20-09-2014,W,S-DEC,Richard Walsh
Richard Walsh,499.43,20-09-2014,L,S-DEC,Kiichi Kunimoto
Miesha Tate,500.33,20-09-2014,W,U-DEC,Rin Nakai
Rin Nakai,482.69,20-09-2014,L,U-DEC,Miesha Tate
Yoshihiro Akiyama,477.32,20-09-2014,W,U-DEC,Amir Sadollah
Amir Sadollah,507.21,20-09-2014,L,U-DEC,Yoshihiro Akiyama
Myles Jury,603.39,20-09-2014,W,KO/TKO,Takanori Gomi
Takanori Gomi,494.81,20-09-2014,L,KO/TKO,Myles Jury
Mark Hunt,557.57,20-09-2014,W,KO/TKO,Roy Nelson
Roy Nelson,522.04,20-09-2014,L,KO/TKO,Mark Hunt
Manvel Gamburyan,518.01,27-09-2014,W,SUB,Cody Gibson
Cody Gibson,482.77,27-09-2014,L,SUB,Manvel Gamburyan
Kevin Lee,515.83,27-09-2014,W,U-DEC,Jon Tuck
Jon Tuck,497.25,27-09-2014,L,U-DEC,Kevin Lee
Brian Ebersole,549.02,27-09-2014,W,S-DEC,John Howard
John Howard,508.49,27-09-2014,L,S-DEC,Brian Ebersole
Stephen Thompson,563.19,27-09-2014,W,U-DEC,Patrick Cote
Patrick Cote,490.91,27-09-2014,L,U-DEC,Stephen Thompson
Jorge Masvidal,566.77,27-09-2014,W,U-DEC,James Krause
James Krause,503.11,27-09-2014,L,U-DEC,Jorge Masvidal
Dominick Cruz,553.32,27-09-2014,W,KO/TKO,Takeya Mizugaki
Takeya Mizugaki,561.89,27-09-2014,L,KO/TKO,Dominick Cruz
Cat Zingano,533.0,27-09-2014,W,KO/TKO,Amanda Nunes
Amanda Nunes,514.32,27-09-2014,L,KO/TKO,Cat Zingano
Yoel Romero,588.98,27-09-2014,W,KO/TKO,Tim Kennedy
Tim Kennedy,536.87,27-09-2014,L,KO/TKO,Yoel Romero
Conor McGregor,571.63,27-09-2014,W,KO/TKO,Dustin Poirier
Dustin Poirier,572.36,27-09-2014,L,KO/TKO,Conor McGregor
Donald Cerrone,646.45,27-09-2014,W,U-DEC,Eddie Alvarez
Eddie Alvarez,488.17,27-09-2014,L,U-DEC,Donald Cerrone
Demetrious Johnson,638.29,27-09-2014,W,SUB,Chris Cariaso
Chris Cariaso,532.58,27-09-2014,L,SUB,Demetrious Johnson
Zubaira Tukhugov,531.32,04-10-2014,W,KO/TKO,Ernest Chavez
Ernest Chavez,480.59,04-10-2014,L,KO/TKO,Zubaira Tukhugov
Mairbek Taisumov,514.36,04-10-2014,W,KO/TKO,Marcin Bandel
Marcin Bandel,484.18,04-10-2014,L,KO/TKO,Mairbek Taisumov
Krzysztof Jotko,510.23,04-10-2014,W,U-DEC,Tor Troeng
Tor Troeng,471.08,04-10-2014,L,U-DEC,Krzysztof Jotko
Cathal Pendred,534.65,04-10-2014,W,S-DEC,Gasan Umalatov
Gasan Umalatov,484.38,04-10-2014,L,S-DEC,Cathal Pendred
Dennis Siver,559.36,04-10-2014,W,U-DEC,Charles Rosa
Charles Rosa,486.31,04-10-2014,L,U-DEC,Dennis Siver
Nicholas Musoke,531.86,04-10-2014,W,U-DEC,Alexander Yakovlev
Alexander Yakovlev,473.81,04-10-2014,L,U-DEC,Nicholas Musoke
Magnus Cedenblad,536.8,04-10-2014,W,U-DEC,Scott Askham
Scott Askham,483.77,04-10-2014,L,U-DEC,Magnus Cedenblad
Mike Wilkinson,512.41,04-10-2014,W,KO/TKO,Niklas Backstrom
Niklas Backstrom,503.5,04-10-2014,L,KO/TKO,Mike Wilkinson
Jan Blachowicz,516.71,04-10-2014,W,KO/TKO,Ilir Latifi
Ilir Latifi,504.49,04-10-2014,L,KO/TKO,Jan Blachowicz
Max Holloway,563.46,04-10-2014,W,KO/TKO,Akira Corassani
Akira Corassani,515.99,04-10-2014,L,KO/TKO,Max Holloway
Rick Story,579.48,04-10-2014,W,S-DEC,Gunnar Nelson
Gunnar Nelson,556.33,04-10-2014,L,S-DEC,Rick Story
Pedro Munhoz,485.32,04-10-2014,L,Overturned,Jerrod Sanders
Jerrod Sanders,499.3,04-10-2014,W,Overturned,Pedro Munhoz
Albert Tumenov,517.16,04-10-2014,W,KO/TKO,Matt Dwyer
Matt Dwyer,483.53,04-10-2014,L,KO/TKO,Albert Tumenov
Chris Kelades,516.63,04-10-2014,W,U-DEC,Paddy Holohan
Paddy Holohan,502.88,04-10-2014,L,U-DEC,Chris Kelades
Paul Felder,516.46,04-10-2014,W,S-DEC,Jason Saggo
Jason Saggo,499.29,04-10-2014,L,S-DEC,Paul Felder
Olivier Aubin-Mercier,503.3,04-10-2014,W,SUB,Jake Lindsey
Jake Lindsey,465.14,04-10-2014,L,SUB,Olivier Aubin-Mercier
Daron Cruickshank,537.72,04-10-2014,W,U-DEC,Anthony Njokuani
Anthony Njokuani,471.7,04-10-2014,L,U-DEC,Daron Cruickshank
Mitch Gagnon,558.08,04-10-2014,W,SUB,Roman Salazar
Roman Salazar,480.3,04-10-2014,L,SUB,Mitch Gagnon
Nordine Taleb,532.25,04-10-2014,W,S-DEC,Li Jingliang
Li Jingliang,499.25,04-10-2014,L,S-DEC,Nordine Taleb
Elias Theodorou,531.58,04-10-2014,W,U-DEC,Bruno Santos
Bruno Santos,485.85,04-10-2014,L,U-DEC,Elias Theodorou
Chad Laprise,531.54,04-10-2014,W,U-DEC,Yosdenis Cedeno
Yosdenis Cedeno,484.92,04-10-2014,L,U-DEC,Chad Laprise
Raphael Assuncao,608.63,04-10-2014,W,U-DEC,Bryan Caraway
Bryan Caraway,541.23,04-10-2014,L,U-DEC,Raphael Assuncao
Rory MacDonald,618.45,04-10-2014,W,KO/TKO,Tarec Saffiedine
Tarec Saffiedine,504.28,04-10-2014,L,KO/TKO,Rory MacDonald
Anthony Rocco Martin,485.98,25-10-2014,W,SUB,Fabricio Camoes
Fabricio Camoes,454.07,25-10-2014,L,SUB,Anthony Rocco Martin
Gilbert Burns,535.13,25-10-2014,W,SUB,Christos Giagos
Christos Giagos,480.62,25-10-2014,L,SUB,Gilbert Burns
Andre Fili,511.19,25-10-2014,W,U-DEC,Felipe Arantes
Felipe Arantes,498.98,25-10-2014,L,U-DEC,Andre Fili
Wilson Reis,533.77,25-10-2014,W,SUB,Scott Jorgensen
Scott Jorgensen,459.72,25-10-2014,L,SUB,Wilson Reis
Yan Cabral,514.98,25-10-2014,W,SUB,Naoyuki Kotani
Naoyuki Kotani,437.71,25-10-2014,L,SUB,Yan Cabral
Neil Magny,564.24,25-10-2014,W,KO/TKO,William Macario
William Macario,480.13,25-10-2014,L,KO/TKO,Neil Magny
Beneil Dariush,537.63,25-10-2014,W,U-DEC,Diego Ferreira
Diego Ferreira,518.1,25-10-2014,L,U-DEC,Beneil Dariush
Darren Elkins,568.13,25-10-2014,W,S-DEC,Lucas Martins
Lucas Martins,523.97,25-10-2014,L,S-DEC,Darren Elkins
Fabio Maldonado,519.22,25-10-2014,W,KO/TKO,Hans Stringer
Hans Stringer,500.07,25-10-2014,L,KO/TKO,Fabio Maldonado
Phil Davis,600.16,25-10-2014,W,U-DEC,Glover Teixeira
Glover Teixeira,564.86,25-10-2014,L,U-DEC,Phil Davis
Jose Aldo,632.01,25-10-2014,W,U-DEC,Chad Mendes
Chad Mendes,580.31,25-10-2014,L,U-DEC,Jose Aldo
Marcus Brimage,527.38,07-11-2014,W,KO/TKO,Jumabieke Tuerxun
Jumabieke Tuerxun,451.76,07-11-2014,L,KO/TKO,Marcus Brimage
Daniel Kelly,519.39,07-11-2014,W,SUB,Luke Zachrich
Luke Zachrich,480.86,07-11-2014,L,SUB,Daniel Kelly
Chris Clements,500.99,07-11-2014,W,KO/TKO,Vik Grujic
Vik Grujic,483.55,07-11-2014,L,KO/TKO,Chris Clements
Louis Smolka,516.0,07-11-2014,W,KO/TKO,Richie Vaculik
Richie Vaculik,484.94,07-11-2014,L,KO/TKO,Louis Smolka
Sam Alvey,500.14,07-11-2014,W,KO/TKO,Dylan Andrews
Dylan Andrews,496.32,07-11-2014,L,KO/TKO,Sam Alvey
Anthony Perosh,517.8,07-11-2014,W,SUB,Guto Inocente
Guto Inocente,465.71,07-11-2014,L,SUB,Anthony Perosh
Jake Matthews,536.97,07-11-2014,W,SUB,Vagner Rocha
Vagner Rocha,470.23,07-11-2014,L,SUB,Jake Matthews
Soa Palelei,528.94,07-11-2014,W,KO/TKO,Walt Harris
Walt Harris,454.83,07-11-2014,L,KO/TKO,Soa Palelei
Robert Whittaker,533.13,07-11-2014,W,KO/TKO,Clint Hester
Clint Hester,546.17,07-11-2014,L,KO/TKO,Robert Whittaker
Al Iaquinta,541.8,07-11-2014,W,KO/TKO,Ross Pearson
Ross Pearson,526.4,07-11-2014,L,KO/TKO,Al Iaquinta
Luke Rockhold,553.93,07-11-2014,W,SUB,Michael Bisping
Michael Bisping,573.16,07-11-2014,L,SUB,Luke Rockhold
Colby Covington,534.09,08-11-2014,W,SUB,Wagner Silva
Wagner Silva,463.31,08-11-2014,L,SUB,Colby Covington
Thomas Almeida,515.02,08-11-2014,W,U-DEC,Tim Gorman
Tim Gorman,468.83,08-11-2014,L,U-DEC,Thomas Almeida
Leandro Silva,489.21,08-11-2014,W,SUB,Charlie Brenneman
Charlie Brenneman,445.88,08-11-2014,L,SUB,Leandro Silva
Caio Magalhaes,552.84,08-11-2014,W,KO/TKO,Trevor Smith
Trevor Smith,487.13,08-11-2014,L,KO/TKO,Caio Magalhaes
Diego Rivas,515.75,08-11-2014,W,U-DEC,Rodolfo Rubio Perez
Rodolfo Rubio Perez,484.25,08-11-2014,L,U-DEC,Diego Rivas
Juliana Lima,500.71,08-11-2014,W,U-DEC,Nina Nunes
Nina Nunes,483.54,08-11-2014,L,U-DEC,Juliana Lima
Dhiego Lima,500.71,08-11-2014,W,U-DEC,Jorge de Oliveira
Jorge de Oliveira,483.54,08-11-2014,L,U-DEC,Dhiego Lima
Claudio Silva,531.65,08-11-2014,W,S-DEC,Leon Edwards
Leon Edwards,484.25,08-11-2014,L,S-DEC,Claudio Silva
Warlley Alves,535.15,08-11-2014,W,U-DEC,Alan Jouban
Alan Jouban,500.46,08-11-2014,L,U-DEC,Warlley Alves
Ovince Saint Preux,564.63,08-11-2014,W,KO/TKO,Mauricio Rua
Mauricio Rua,488.47,08-11-2014,L,KO/TKO,Ovince Saint Preux
Marco Beltran,515.75,15-11-2014,W,U-DEC,Marlon Vera
Marlon Vera,484.25,15-11-2014,L,U-DEC,Marco Beltran
Henry Briones,519.06,15-11-2014,W,SUB,Guido Cannetti
Guido Cannetti,480.94,15-11-2014,L,SUB,Henry Briones
Gabriel Benitez,518.74,15-11-2014,W,SUB,Humberto Brown Morrison
Humberto Brown Morrison,481.26,15-11-2014,L,SUB,Gabriel Benitez
Jessica Eye,514.38,15-11-2014,W,KO/TKO,Leslie Smith
Leslie Smith,484.21,15-11-2014,L,KO/TKO,Jessica Eye
Alejandro Perez,515.75,15-11-2014,W,U-DEC,Jose Quinonez
Jose Quinonez,484.25,15-11-2014,L,U-DEC,Alejandro Perez
Yair Rodriguez,515.75,15-11-2014,W,U-DEC,Leonardo Morales
Leonardo Morales,484.25,15-11-2014,L,U-DEC,Yair Rodriguez
Hector Urbina,517.41,15-11-2014,W,SUB,Edgar Garcia
Edgar Garcia,447.33,15-11-2014,L,SUB,Hector Urbina
Augusto Montano,514.93,15-11-2014,W,KO/TKO,Chris Heatherly
Chris Heatherly,466.87,15-11-2014,L,KO/TKO,Augusto Montano
Ricardo Lamas,586.06,15-11-2014,W,SUB,Dennis Bermudez
Dennis Bermudez,586.25,15-11-2014,L,SUB,Ricardo Lamas
Kelvin Gastelum,594.4,15-11-2014,W,SUB,Jake Ellenberger
Jake Ellenberger,542.3,15-11-2014,L,SUB,Kelvin Gastelum
Fabricio Werdum,600.33,15-11-2014,W,KO/TKO,Mark Hunt
Mark Hunt,540.19,15-11-2014,L,KO/TKO,Fabricio Werdum
Dooho Choi,515.05,22-11-2014,W,KO/TKO,Juan Manuel Puig
Juan Manuel Puig,469.52,22-11-2014,L,KO/TKO,Dooho Choi
Paige VanZant,515.75,22-11-2014,W,KO/TKO,Kailin Curran
Kailin Curran,484.25,22-11-2014,L,KO/TKO,Paige VanZant
Akbarh Arreola,503.62,22-11-2014,W,SUB,Yves Edwards
Yves Edwards,464.87,22-11-2014,L,SUB,Akbarh Arreola
James Vick,552.06,22-11-2014,W,U-DEC,Nick Hein
Nick Hein,498.78,22-11-2014,L,U-DEC,James Vick
Roger Narvaez,501.58,22-11-2014,W,S-DEC,Luke Barnatt
Luke Barnatt,516.06,22-11-2014,L,S-DEC,Roger Narvaez
Ruslan Magomedov,531.5,22-11-2014,W,U-DEC,Josh Copeland
Josh Copeland,484.25,22-11-2014,L,U-DEC,Ruslan Magomedov
Matt Wiman,577.88,22-11-2014,W,U-DEC,Isaac Vallie-Flagg
Isaac Vallie-Flagg,473.27,22-11-2014,L,U-DEC,Matt Wiman
Joseph Benavidez,586.63,22-11-2014,W,U-DEC,Dustin Ortiz
Dustin Ortiz,517.7,22-11-2014,L,U-DEC,Joseph Benavidez
Aleksei Oleinik,537.3,22-11-2014,W,KO/TKO,Jared Rosholt
Jared Rosholt,531.59,22-11-2014,L,KO/TKO,Aleksei Oleinik
Chico Camus,497.84,22-11-2014,W,S-DEC,Brad Pickett
Brad Pickett,480.77,22-11-2014,L,S-DEC,Chico Camus
Edson Barboza,599.22,22-11-2014,W,U-DEC,King Green
King Green,553.15,22-11-2014,L,U-DEC,Edson Barboza
Frankie Edgar,627.73,22-11-2014,W,SUB,Cub Swanson
Cub Swanson,572.52,22-11-2014,L,SUB,Frankie Edgar
Clay Collard,500.6,06-12-2014,W,U-DEC,Alex White
Alex White,481.18,06-12-2014,L,U-DEC,Clay Collard
Sergio Pettis,525.14,06-12-2014,W,U-DEC,Matt Hobar
Matt Hobar,483.26,06-12-2014,L,U-DEC,Sergio Pettis
Raquel Pennington,517.92,06-12-2014,W,SUB,Ashlee Evans-Smith
Ashlee Evans-Smith,480.54,06-12-2014,L,SUB,Raquel Pennington
Corey Anderson,531.5,06-12-2014,W,U-DEC,Justin Jones
Justin Jones,484.25,06-12-2014,L,U-DEC,Corey Anderson
Josh Samman,532.25,06-12-2014,W,KO/TKO,Eddie Gordon
Eddie Gordon,499.25,06-12-2014,L,KO/TKO,Josh Samman
Urijah Faber,596.43,06-12-2014,W,SUB,Francisco Rivera
Francisco Rivera,510.24,06-12-2014,L,SUB,Urijah Faber
Tony Ferguson,599.58,06-12-2014,W,SUB,Abel Trujillo
Abel Trujillo,523.78,06-12-2014,L,SUB,Tony Ferguson
Todd Duffee,532.24,06-12-2014,W,KO/TKO,Anthony Hamilton
Anthony Hamilton,480.97,06-12-2014,L,KO/TKO,Todd Duffee
Travis Browne,592.41,06-12-2014,W,KO/TKO,Brendan Schaub
Brendan Schaub,524.29,06-12-2014,L,KO/TKO,Travis Browne
Anthony Pettis,590.37,06-12-2014,W,SUB,Gilbert Melendez
Gilbert Melendez,488.72,06-12-2014,L,SUB,Anthony Pettis
Robbie Lawler,602.57,06-12-2014,W,S-DEC,Johny Hendricks
Johny Hendricks,628.3,06-12-2014,L,S-DEC,Robbie Lawler
Angela Hill,515.75,12-12-2014,W,U-DEC,Emily Kagan
Emily Kagan,484.25,12-12-2014,L,U-DEC,Angela Hill
Aisling Daly,519.37,12-12-2014,W,SUB,Alex Chambers
Alex Chambers,480.63,12-12-2014,L,SUB,Aisling Daly
Tecia Pennington,515.75,12-12-2014,W,U-DEC,Angela Magana
Angela Magana,484.25,12-12-2014,L,U-DEC,Tecia Pennington
Joanne Wood,515.75,12-12-2014,W,U-DEC,Seo Hee Ham
Seo Hee Ham,484.25,12-12-2014,L,U-DEC,Joanne Wood
Heather Clark,515.75,12-12-2014,W,U-DEC,Bec Rawlings
Bec Rawlings,484.25,12-12-2014,L,U-DEC,Heather Clark
Felice Herrig,519.06,12-12-2014,W,SUB,Lisa Ellis
Lisa Ellis,480.94,12-12-2014,L,SUB,Felice Herrig
Jessica Penne,515.75,12-12-2014,W,S-DEC,Randa Markos
Randa Markos,484.25,12-12-2014,L,S-DEC,Jessica Penne
Yancy Medeiros,527.75,12-12-2014,W,SUB,Joe Proctor
Joe Proctor,508.37,12-12-2014,L,SUB,Yancy Medeiros
KJ Noons,509.42,12-12-2014,L,CNC,Daron Cruickshank
Daron Cruickshank,552.12,12-12-2014,W,CNC,KJ Noons
Charles Oliveira,574.38,12-12-2014,W,U-DEC,Jeremy Stephens
Jeremy Stephens,508.36,12-12-2014,L,U-DEC,Charles Oliveira
Carla Esparza,518.74,12-12-2014,W,SUB,Rose Namajunas
Rose Namajunas,481.26,12-12-2014,L,SUB,Carla Esparza
Ian Entwistle,504.5,13-12-2014,W,SUB,Anthony Birchak
Anthony Birchak,479.75,13-12-2014,L,SUB,Ian Entwistle
Henry Cejudo,515.75,13-12-2014,W,U-DEC,Dustin Kimura
Dustin Kimura,484.16,13-12-2014,L,U-DEC,Henry Cejudo
David Michaud,499.29,13-12-2014,W,U-DEC,Garett Whiteley
Garett Whiteley,453.46,13-12-2014,L,U-DEC,David Michaud
Bryan Barberena,516.46,13-12-2014,W,KO/TKO,Joe Ellenberger
Joe Ellenberger,499.29,13-12-2014,L,KO/TKO,Bryan Barberena
Drew Dober,488.25,13-12-2014,W,SUB,Jamie Varner
Jamie Varner,457.52,13-12-2014,L,SUB,Drew Dober
Ben Saunders,557.2,13-12-2014,W,SUB,Joe Riggs
Joe Riggs,480.16,13-12-2014,L,SUB,Ben Saunders
John Moraga,553.66,13-12-2014,W,SUB,Willie Gates
Willie Gates,482.4,13-12-2014,L,SUB,John Moraga
Joanna Jedrzejczyk,532.25,13-12-2014,W,S-DEC,Claudia Gadelha
Claudia Gadelha,499.25,13-12-2014,L,S-DEC,Joanna Jedrzejczyk
Matt Mitrione,582.01,13-12-2014,W,KO/TKO,Gabriel Gonzaga
Gabriel Gonzaga,536.97,13-12-2014,L,KO/TKO,Matt Mitrione
Alistair Overeem,509.9,13-12-2014,W,KO/TKO,Stefan Struve
Stefan Struve,560.94,13-12-2014,L,KO/TKO,Alistair Overeem
Rafael Dos Anjos,627.54,13-12-2014,W,U-DEC,Nate Diaz
Nate Diaz,567.85,13-12-2014,L,U-DEC,Rafael Dos Anjos
Junior Dos Santos,646.61,13-12-2014,W,U-DEC,Stipe Miocic
Stipe Miocic,568.15,13-12-2014,L,U-DEC,Junior Dos Santos
Vitor Miranda,500.71,20-12-2014,W,KO/TKO,Jake Collier
Jake Collier,483.54,20-12-2014,L,KO/TKO,Vitor Miranda
Tim Means,514.76,20-12-2014,W,S-DEC,Marcio Alexandre Junior
Marcio Alexandre Junior,465.61,20-12-2014,L,S-DEC,Tim Means
Leandro Issa,520.95,20-12-2014,W,SUB,Yuta Sasaki
Yuta Sasaki,498.37,20-12-2014,L,SUB,Leandro Issa
Hacran Dias,507.77,20-12-2014,W,U-DEC,Darren Elkins
Darren Elkins,548.83,20-12-2014,L,U-DEC,Hacran Dias
Renato Moicano,517.82,20-12-2014,W,SUB,Tom Niinimaki
Tom Niinimaki,459.53,20-12-2014,L,SUB,Renato Moicano
Marcos Rogerio de Lima,529.53,20-12-2014,W,KO/TKO,Igor Pokrajac
Igor Pokrajac,444.13,20-12-2014,L,KO/TKO,Marcos Rogerio de Lima
Daniel Sarafian,487.58,20-12-2014,W,KO/TKO,Antonio Dos Santos
Antonio Dos Santos,482.92,20-12-2014,L,KO/TKO,Daniel Sarafian
Erick Silva,530.12,20-12-2014,W,SUB,Mike Rhodes
Mike Rhodes,452.25,20-12-2014,L,SUB,Erick Silva
Rashid Magomedov,551.23,20-12-2014,W,KO/TKO,Elias Silverio
Elias Silverio,533.14,20-12-2014,L,KO/TKO,Rashid Magomedov
Patrick Cummins,534.45,20-12-2014,W,U-DEC,Antonio Carlos Junior
Antonio Carlos Junior,498.58,20-12-2014,L,U-DEC,Patrick Cummins
Renan Barao,620.24,20-12-2014,W,SUB,Mitch Gagnon
Mitch Gagnon,541.8,20-12-2014,L,SUB,Renan Barao
Lyoto Machida,627.82,20-12-2014,W,KO/TKO,CB Dollaway
CB Dollaway,548.08,20-12-2014,L,KO/TKO,Lyoto Machida
Marion Reneau,515.04,03-01-2015,W,U-DEC,Alexis Dufresne
Alexis Dufresne,469.21,03-01-2015,L,U-DEC,Marion Reneau
Omari Akhmedov,511.44,03-01-2015,W,U-DEC,Mats Nilsson
Mats Nilsson,469.35,03-01-2015,L,U-DEC,Omari Akhmedov
Evan Dunham,530.39,03-01-2015,W,U-DEC,Rodrigo Damm
Rodrigo Damm,484.8,03-01-2015,L,U-DEC,Evan Dunham
Shawn Jordan,534.87,03-01-2015,W,KO/TKO,Jared Cannonier
Jared Cannonier,484.41,03-01-2015,L,KO/TKO,Shawn Jordan
Cody Garbrandt,516.99,03-01-2015,W,KO/TKO,Marcus Brimage
Marcus Brimage,510.39,03-01-2015,L,KO/TKO,Cody Garbrandt
Paul Felder,534.05,03-01-2015,W,KO/TKO,Danny Castillo
Danny Castillo,521.78,03-01-2015,L,KO/TKO,Paul Felder
Hector Lombard,512.8,03-01-2015,L,Overturned,Joshua Burkman
Joshua Burkman,509.16,03-01-2015,W,Overturned,Hector Lombard
Kyoji Horiguchi,559.73,03-01-2015,W,U-DEC,Louis Gaudinot
Louis Gaudinot,486.28,03-01-2015,L,U-DEC,Kyoji Horiguchi
Brad Tavares,567.81,03-01-2015,W,U-DEC,Nate Marquardt
Nate Marquardt,555.44,03-01-2015,L,U-DEC,Brad Tavares
Donald Cerrone,663.55,03-01-2015,W,U-DEC,Myles Jury
Myles Jury,586.29,03-01-2015,L,U-DEC,Donald Cerrone
Jon Jones,747.91,03-01-2015,W,U-DEC,Daniel Cormier
Daniel Cormier,561.43,03-01-2015,L,U-DEC,Jon Jones
Joby Sanchez,500.0,18-01-2015,W,S-DEC,Tateki Matsuda
Tateki Matsuda,468.5,18-01-2015,L,S-DEC,Joby Sanchez
Sean O'Connell,484.87,18-01-2015,W,KO/TKO,Matt Van Buren
Matt Van Buren,467.78,18-01-2015,L,KO/TKO,Sean O'Connell
Charles Rosa,503.93,18-01-2015,W,SUB,Sean Soriano
Sean Soriano,447.93,18-01-2015,L,SUB,Charles Rosa
Johnny Case,533.8,18-01-2015,W,KO/TKO,Frankie Perez
Frankie Perez,484.36,18-01-2015,L,KO/TKO,Johnny Case
Paddy Holohan,517.58,18-01-2015,W,U-DEC,Shane Howell
Shane Howell,465.05,18-01-2015,L,U-DEC,Paddy Holohan
Chris Wade,536.45,18-01-2015,W,U-DEC,Zhang Lipeng
Zhang Lipeng,514.42,18-01-2015,L,U-DEC,Chris Wade
Lorenz Larkin,478.7,18-01-2015,W,KO/TKO,John Howard
John Howard,490.59,18-01-2015,L,KO/TKO,Lorenz Larkin
Cathal Pendred,550.81,18-01-2015,W,U-DEC,Sean Spencer
Sean Spencer,496.5,18-01-2015,L,U-DEC,Cathal Pendred
Gleison Tibau,608.71,18-01-2015,W,S-DEC,Norman Parke
Norman Parke,545.67,18-01-2015,L,S-DEC,Gleison Tibau
Uriah Hall,521.53,18-01-2015,W,KO/TKO,Ron Stallings
Ron Stallings,482.97,18-01-2015,L,KO/TKO,Uriah Hall
Donald Cerrone,681.09,18-01-2015,W,U-DEC,Benson Henderson
Benson Henderson,599.17,18-01-2015,L,U-DEC,Donald Cerrone
Conor McGregor,589.72,18-01-2015,W,KO/TKO,Dennis Siver
Dennis Siver,541.27,18-01-2015,L,KO/TKO,Conor McGregor
Neil Seery,517.16,24-01-2015,W,U-DEC,Chris Beal
Chris Beal,513.47,24-01-2015,L,U-DEC,Neil Seery
Viktor Pesta,500.71,24-01-2015,W,U-DEC,Konstantin Erokhin
Konstantin Erokhin,483.54,24-01-2015,L,U-DEC,Viktor Pesta
Mirsad Bektic,531.5,24-01-2015,W,U-DEC,Paul Redmond
Paul Redmond,484.25,24-01-2015,L,U-DEC,Mirsad Bektic
Mairbek Taisumov,530.18,24-01-2015,W,KO/TKO,Anthony Christodoulou
Anthony Christodoulou,484.18,24-01-2015,L,KO/TKO,Mairbek Taisumov
Nikita Krylov,517.35,24-01-2015,W,SUB,Stanislav Nedkov
Stanislav Nedkov,493.47,24-01-2015,L,SUB,Nikita Krylov
Makwan Amirkhani,513.58,24-01-2015,W,KO/TKO,Andy Ogle
Andy Ogle,438.18,24-01-2015,L,KO/TKO,Makwan Amirkhani
Kenny Robertson,531.41,24-01-2015,W,KO/TKO,Sultan Aliev
Sultan Aliev,483.49,24-01-2015,L,KO/TKO,Kenny Robertson
Albert Tumenov,535.14,24-01-2015,W,U-DEC,Nicholas Musoke
Nicholas Musoke,513.88,24-01-2015,L,U-DEC,Albert Tumenov
Sam Sicilia,496.19,24-01-2015,W,KO/TKO,Akira Corassani
Akira Corassani,498.56,24-01-2015,L,KO/TKO,Sam Sicilia
Ryan Bader,618.54,24-01-2015,W,S-DEC,Phil Davis
Phil Davis,582.18,24-01-2015,L,S-DEC,Ryan Bader
Gegard Mousasi,524.68,24-01-2015,W,KO/TKO,Dan Henderson
Dan Henderson,508.93,24-01-2015,L,KO/TKO,Gegard Mousasi
Anthony Johnson,592.31,24-01-2015,W,KO/TKO,Alexander Gustafsson
Alexander Gustafsson,587.13,24-01-2015,L,KO/TKO,Anthony Johnson
Thiago Santos,496.89,31-01-2015,W,KO/TKO,Andy Enz
Andy Enz,454.08,31-01-2015,L,KO/TKO,Thiago Santos
Ildemar Alcantara,528.55,31-01-2015,W,S-DEC,Richardson Moreira
Richardson Moreira,469.85,31-01-2015,L,S-DEC,Ildemar Alcantara
Rafael Natal,548.57,31-01-2015,W,U-DEC,Tom Watson
Tom Watson,475.17,31-01-2015,L,U-DEC,Rafael Natal
John Lineker,556.33,31-01-2015,W,U-DEC,Ian McCall
Ian McCall,491.05,31-01-2015,L,U-DEC,John Lineker
Derek Brunson,551.84,31-01-2015,W,KO/TKO,Ed Herman
Ed Herman,555.07,31-01-2015,L,KO/TKO,Derek Brunson
Miesha Tate,518.32,31-01-2015,W,M-DEC,Sara McMann
Sara McMann,497.34,31-01-2015,L,M-DEC,Miesha Tate
Thiago Alves,605.76,31-01-2015,W,KO/TKO,Jordan Mein
Jordan Mein,521.48,31-01-2015,L,KO/TKO,Thiago Alves
Thales Leites,621.8,31-01-2015,W,SUB,Tim Boetsch
Tim Boetsch,524.96,31-01-2015,L,SUB,Thales Leites
Al Iaquinta,560.7,31-01-2015,W,KO/TKO,Joe Lauzon
Joe Lauzon,556.27,31-01-2015,L,KO/TKO,Al Iaquinta
Tyron Woodley,561.13,31-01-2015,W,S-DEC,Kelvin Gastelum
Kelvin Gastelum,575.44,31-01-2015,L,S-DEC,Tyron Woodley
Anderson Silva,685.91,31-01-2015,L,Overturned,Nick Diaz
Nick Diaz,546.5,31-01-2015,W,Overturned,Anderson Silva
James Moontasri,504.17,14-02-2015,W,SUB,Cody Pfister
Cody Pfister,480.08,14-02-2015,L,SUB,James Moontasri
Zach Makovsky,528.83,14-02-2015,W,U-DEC,Tim Elliott
Tim Elliott,468.76,14-02-2015,L,U-DEC,Zach Makovsky
Chas Skelly,536.8,14-02-2015,W,KO/TKO,Jim Alers
Jim Alers,498.7,14-02-2015,L,KO/TKO,Chas Skelly
Efrain Escudero,476.55,14-02-2015,W,U-DEC,Rodrigo de Lima
Rodrigo de Lima,466.61,14-02-2015,L,U-DEC,Efrain Escudero
Ray Borg,524.79,14-02-2015,W,SUB,Chris Kelades
Chris Kelades,496.31,14-02-2015,L,SUB,Ray Borg
Kevin Lee,533.19,14-02-2015,W,U-DEC,Michel Prazeres
Michel Prazeres,500.72,14-02-2015,L,U-DEC,Kevin Lee
Daniel Kelly,535.72,14-02-2015,W,U-DEC,Patrick Walsh
Patrick Walsh,499.42,14-02-2015,L,U-DEC,Daniel Kelly
Neil Magny,586.55,14-02-2015,W,SUB,Kiichi Kunimoto
Kiichi Kunimoto,528.51,14-02-2015,L,SUB,Neil Magny
Max Holloway,581.93,14-02-2015,W,U-DEC,Cole Miller
Cole Miller,539.8,14-02-2015,L,U-DEC,Max Holloway
Benson Henderson,614.11,14-02-2015,W,SUB,Brandon Thatch
Brandon Thatch,517.69,14-02-2015,L,SUB,Benson Henderson
Ivan Jorge,512.49,22-02-2015,W,U-DEC,Josh Shockley
Josh Shockley,469.09,22-02-2015,L,U-DEC,Ivan Jorge
Douglas Silva de Andrade,499.93,22-02-2015,W,U-DEC,Cody Gibson
Cody Gibson,467.09,22-02-2015,L,U-DEC,Douglas Silva de Andrade
Mike de la Torre,489.32,22-02-2015,W,KO/TKO,Tiago dos Santos e Silva
Tiago dos Santos e Silva,498.01,22-02-2015,L,KO/TKO,Mike de la Torre
Matt Dwyer,499.13,22-02-2015,W,KO/TKO,William Macario
William Macario,464.53,22-02-2015,L,KO/TKO,Matt Dwyer
Marion Reneau,536.6,22-02-2015,W,SUB,Jessica Andrade
Jessica Andrade,515.1,22-02-2015,L,SUB,Marion Reneau
Santiago Ponzinibbio,518.98,22-02-2015,W,U-DEC,Sean Strickland
Sean Strickland,519.33,22-02-2015,L,U-DEC,Santiago Ponzinibbio
Frankie Saenz,533.72,22-02-2015,W,U-DEC,Iuri Alcantara
Iuri Alcantara,528.92,22-02-2015,L,U-DEC,Frankie Saenz
Adriano Martins,539.55,22-02-2015,W,S-DEC,Rustam Khabilov
Rustam Khabilov,516.63,22-02-2015,L,S-DEC,Adriano Martins
Sam Alvey,518.93,22-02-2015,W,KO/TKO,Cezar Ferreira
Cezar Ferreira,529.98,22-02-2015,L,KO/TKO,Sam Alvey
Michael Johnson,575.21,22-02-2015,W,U-DEC,Edson Barboza
Edson Barboza,578.94,22-02-2015,L,U-DEC,Michael Johnson
Frank Mir,560.48,22-02-2015,W,KO/TKO,Antonio Silva
Antonio Silva,486.88,22-02-2015,L,KO/TKO,Frank Mir
Masio Fullen,515.75,28-02-2015,W,S-DEC,Alex Torres
Alex Torres,484.25,28-02-2015,L,S-DEC,Masio Fullen
Valmir Lazaro,501.05,28-02-2015,W,S-DEC,James Krause
James Krause,486.52,28-02-2015,L,S-DEC,Valmir Lazaro
Derrick Lewis,529.44,28-02-2015,W,KO/TKO,Ruan Potts
Ruan Potts,454.09,28-02-2015,L,KO/TKO,Derrick Lewis
Tim Means,531.31,28-02-2015,W,KO/TKO,Dhiego Lima
Dhiego Lima,484.16,28-02-2015,L,KO/TKO,Tim Means
Roman Salazar,464.02,28-02-2015,L,CNC,Norifumi Yamamoto
Norifumi Yamamoto,466.95,28-02-2015,W,CNC,Roman Salazar
Roan Carneiro,500.45,28-02-2015,W,SUB,Mark Munoz
Mark Munoz,525.85,28-02-2015,L,SUB,Roan Carneiro
Tony Ferguson,623.25,28-02-2015,W,SUB,Gleison Tibau
Gleison Tibau,585.04,28-02-2015,L,SUB,Tony Ferguson
Alan Jouban,516.16,28-02-2015,W,KO/TKO,Richard Walsh
Richard Walsh,483.73,28-02-2015,L,KO/TKO,Alan Jouban
Jake Ellenberger,563.14,28-02-2015,W,SUB,Josh Koscheck
Josh Koscheck,554.11,28-02-2015,L,SUB,Jake Ellenberger
Holly Holm,516.56,28-02-2015,W,S-DEC,Raquel Pennington
Raquel Pennington,501.36,28-02-2015,L,S-DEC,Holly Holm
Ronda Rousey,591.49,28-02-2015,W,SUB,Cat Zingano
Cat Zingano,512.45,28-02-2015,L,SUB,Ronda Rousey
Germaine de Randamie,514.09,14-03-2015,W,KO/TKO,Larissa Pacheco
Larissa Pacheco,464.92,14-03-2015,L,KO/TKO,Germaine de Randamie
Joe Duffy,514.18,14-03-2015,W,KO/TKO,Jake Lindsey
Jake Lindsey,450.96,14-03-2015,L,KO/TKO,Joe Duffy
Ryan Benoit,498.68,14-03-2015,W,KO/TKO,Sergio Pettis
Sergio Pettis,507.4,14-03-2015,L,KO/TKO,Ryan Benoit
Jared Rosholt,545.21,14-03-2015,W,KO/TKO,Josh Copeland
Josh Copeland,470.63,14-03-2015,L,KO/TKO,Jared Rosholt
Beneil Dariush,559.37,14-03-2015,W,SUB,Daron Cruickshank
Daron Cruickshank,530.38,14-03-2015,L,SUB,Beneil Dariush
Elias Theodorou,547.34,14-03-2015,W,KO/TKO,Roger Narvaez
Roger Narvaez,485.82,14-03-2015,L,KO/TKO,Elias Theodorou
Ross Pearson,540.99,14-03-2015,W,KO/TKO,Sam Stout
Sam Stout,486.22,14-03-2015,L,KO/TKO,Ross Pearson
Henry Cejudo,533.05,14-03-2015,W,U-DEC,Chris Cariaso
Chris Cariaso,515.28,14-03-2015,L,U-DEC,Henry Cejudo
Alistair Overeem,526.98,14-03-2015,W,U-DEC,Roy Nelson
Roy Nelson,504.96,14-03-2015,L,U-DEC,Alistair Overeem
Johny Hendricks,642.24,14-03-2015,W,U-DEC,Matt Brown
Matt Brown,574.32,14-03-2015,L,U-DEC,Johny Hendricks
Joanna Jedrzejczyk,548.83,14-03-2015,W,KO/TKO,Carla Esparza
Carla Esparza,502.16,14-03-2015,L,KO/TKO,Joanna Jedrzejczyk
Rafael Dos Anjos,643.62,14-03-2015,W,U-DEC,Anthony Pettis
Anthony Pettis,574.29,14-03-2015,L,U-DEC,Rafael Dos Anjos
Fredy Serrano,515.75,21-03-2015,W,KO/TKO,Bentley Syler
Bentley Syler,484.25,21-03-2015,L,KO/TKO,Fredy Serrano
Christos Giagos,500.16,21-03-2015,W,SUB,Jorge de Oliveira
Jorge de Oliveira,464.0,21-03-2015,L,SUB,Christos Giagos
Leonardo Mafra,484.89,21-03-2015,W,U-DEC,Cain Carrizosa
Cain Carrizosa,464.33,21-03-2015,L,U-DEC,Leonardo Mafra
Leandro Silva,474.17,21-03-2015,L,Overturned,Drew Dober
Drew Dober,503.29,21-03-2015,W,Overturned,Leandro Silva
Edimilson Souza,549.55,21-03-2015,W,KO/TKO,Katsunori Kikuno
Katsunori Kikuno,502.58,21-03-2015,L,KO/TKO,Edimilson Souza
Francisco Trinaldo,546.24,21-03-2015,W,U-DEC,Akbarh Arreola
Akbarh Arreola,488.42,21-03-2015,L,U-DEC,Francisco Trinaldo
Godofredo Pepey,527.18,21-03-2015,W,SUB,Andre Fili
Andre Fili,489.63,21-03-2015,L,SUB,Godofredo Pepey
Gilbert Burns,553.59,21-03-2015,W,SUB,Alex Oliveira
Alex Oliveira,481.54,21-03-2015,L,SUB,Gilbert Burns
Amanda Nunes,528.71,21-03-2015,W,KO/TKO,Shayna Baszler
Shayna Baszler,469.92,21-03-2015,L,KO/TKO,Amanda Nunes
Leonardo Santos,552.61,21-03-2015,W,SUB,Anthony Rocco Martin
Anthony Rocco Martin,468.01,21-03-2015,L,SUB,Leonardo Santos
Erick Silva,551.81,21-03-2015,W,SUB,Josh Koscheck
Josh Koscheck,532.42,21-03-2015,L,SUB,Erick Silva
Demian Maia,616.66,21-03-2015,W,U-DEC,Ryan LaFlare
Ryan LaFlare,552.81,21-03-2015,L,U-DEC,Demian Maia
Ron Stallings,498.78,04-04-2015,W,U-DEC,Justin Jones
Justin Jones,468.44,04-04-2015,L,U-DEC,Ron Stallings
Timothy Johnson,515.75,04-04-2015,W,KO/TKO,Shamil Abdurakhimov
Shamil Abdurakhimov,484.25,04-04-2015,L,KO/TKO,Timothy Johnson
Alexander Yakovlev,493.78,04-04-2015,W,U-DEC,Gray Maynard
Gray Maynard,549.26,04-04-2015,L,U-DEC,Alexander Yakovlev
Liz Carmouche,481.82,04-04-2015,W,U-DEC,Lauren Murphy
Lauren Murphy,467.62,04-04-2015,L,U-DEC,Liz Carmouche
Dustin Poirier,585.67,04-04-2015,W,KO/TKO,Diego Ferreira
Diego Ferreira,504.79,04-04-2015,L,KO/TKO,Dustin Poirier
Clay Guida,552.79,04-04-2015,W,U-DEC,Robert Peralta
Robert Peralta,520.9,04-04-2015,L,U-DEC,Clay Guida
Julianna Pena,532.22,04-04-2015,W,KO/TKO,Milana Dudieva
Milana Dudieva,498.57,04-04-2015,L,KO/TKO,Julianna Pena
Michael Chiesa,549.93,04-04-2015,W,U-DEC,Mitch Clarke
Mitch Clarke,493.93,04-04-2015,L,U-DEC,Michael Chiesa
Al Iaquinta,579.01,04-04-2015,W,S-DEC,Jorge Masvidal
Jorge Masvidal,548.46,04-04-2015,L,S-DEC,Al Iaquinta
Chad Mendes,596.32,04-04-2015,W,KO/TKO,Ricardo Lamas
Ricardo Lamas,570.05,04-04-2015,L,KO/TKO,Chad Mendes
Taylor Lapilus,515.75,11-04-2015,W,U-DEC,Rocky Lee
Rocky Lee,484.25,11-04-2015,L,U-DEC,Taylor Lapilus
Stevie Ray,515.03,11-04-2015,W,KO/TKO,Marcin Bandel
Marcin Bandel,469.15,11-04-2015,L,KO/TKO,Stevie Ray
Aleksandra Albu,519.06,11-04-2015,W,SUB,Izabela Badurek
Izabela Badurek,480.94,11-04-2015,L,SUB,Aleksandra Albu
Anthony Hamilton,497.55,11-04-2015,W,U-DEC,Daniel Omielanczuk
Daniel Omielanczuk,482.67,11-04-2015,L,U-DEC,Anthony Hamilton
Yaotzin Meza,516.65,11-04-2015,W,U-DEC,Damian Stasiak
Damian Stasiak,484.29,11-04-2015,L,U-DEC,Yaotzin Meza
Sergio Moraes,540.85,11-04-2015,W,U-DEC,Mickael Lebout
Mickael Lebout,483.98,11-04-2015,L,U-DEC,Sergio Moraes
Bartosz Fabinski,515.75,11-04-2015,W,U-DEC,Garreth McLellan
Garreth McLellan,484.25,11-04-2015,L,U-DEC,Bartosz Fabinski
Leon Edwards,501.07,11-04-2015,W,KO/TKO,Seth Baczynski
Seth Baczynski,490.96,11-04-2015,L,KO/TKO,Leon Edwards
Maryna Moroz,520.25,11-04-2015,W,SUB,Joanne Wood
Joanne Wood,495.5,11-04-2015,L,SUB,Maryna Moroz
Pawel Pawlak,498.06,11-04-2015,W,U-DEC,Sheldon Westcott
Sheldon Westcott,468.41,11-04-2015,L,U-DEC,Pawel Pawlak
Jimi Manuwa,550.57,11-04-2015,W,U-DEC,Jan Blachowicz
Jan Blachowicz,501.82,11-04-2015,L,U-DEC,Jimi Manuwa
Mirko Filipovic,494.22,11-04-2015,W,KO/TKO,Gabriel Gonzaga
Gabriel Gonzaga,518.47,11-04-2015,L,KO/TKO,Mirko Filipovic
Chris Dempsey,500.18,18-04-2015,W,S-DEC,Eddie Gordon
Eddie Gordon,482.8,18-04-2015,L,S-DEC,Chris Dempsey
Diego Brandao,535.69,18-04-2015,W,KO/TKO,Jimy Hettes
Jimy Hettes,500.65,18-04-2015,L,KO/TKO,Diego Brandao
Tim Means,552.84,18-04-2015,W,SUB,George Sullivan
George Sullivan,511.54,18-04-2015,L,SUB,Tim Means
Aljamain Sterling,555.08,18-04-2015,W,SUB,Takeya Mizugaki
Takeya Mizugaki,539.65,18-04-2015,L,SUB,Aljamain Sterling
Gian Villante,517.21,18-04-2015,W,KO/TKO,Corey Anderson
Corey Anderson,513.47,18-04-2015,L,KO/TKO,Gian Villante
Ovince Saint Preux,579.7,18-04-2015,W,KO/TKO,Patrick Cummins
Patrick Cummins,519.38,18-04-2015,L,KO/TKO,Ovince Saint Preux
Beneil Dariush,579.98,18-04-2015,W,U-DEC,Jim Miller
Jim Miller,589.43,18-04-2015,L,U-DEC,Beneil Dariush
Paige VanZant,532.41,18-04-2015,W,U-DEC,Felice Herrig
Felice Herrig,502.4,18-04-2015,L,U-DEC,Paige VanZant
Max Holloway,604.51,18-04-2015,W,SUB,Cub Swanson
Cub Swanson,549.94,18-04-2015,L,SUB,Max Holloway
Jacare Souza,600.38,18-04-2015,W,SUB,Chris Camozzi
Chris Camozzi,471.95,18-04-2015,L,SUB,Jacare Souza
Luke Rockhold,580.27,18-04-2015,W,SUB,Lyoto Machida
Lyoto Machida,601.48,18-04-2015,L,SUB,Luke Rockhold
Randa Markos,501.59,25-04-2015,W,U-DEC,Aisling Daly
Aisling Daly,502.03,25-04-2015,L,U-DEC,Randa Markos
Valerie Letourneau,530.76,25-04-2015,W,U-DEC,Jessica Rakoczy
Jessica Rakoczy,469.24,25-04-2015,L,U-DEC,Valerie Letourneau
Nordine Taleb,547.95,25-04-2015,W,U-DEC,Chris Clements
Chris Clements,485.29,25-04-2015,L,U-DEC,Nordine Taleb
Olivier Aubin-Mercier,522.71,25-04-2015,W,SUB,David Michaud
David Michaud,479.88,25-04-2015,L,SUB,Olivier Aubin-Mercier
Chad Laprise,548.04,25-04-2015,W,U-DEC,Bryan Barberena
Bryan Barberena,499.96,25-04-2015,L,U-DEC,Chad Laprise
Alexis Davis,547.58,25-04-2015,W,SUB,Sarah Kaufman
Sarah Kaufman,483.94,25-04-2015,L,SUB,Alexis Davis
Patrick Cote,506.17,25-04-2015,W,U-DEC,Joe Riggs
Joe Riggs,464.9,25-04-2015,L,U-DEC,Patrick Cote
Thomas Almeida,532.02,25-04-2015,W,KO/TKO,Yves Jabouin
Yves Jabouin,508.5,25-04-2015,L,KO/TKO,Thomas Almeida
John Makdessi,539.75,25-04-2015,W,KO/TKO,Shane Campbell
Shane Campbell,485.39,25-04-2015,L,KO/TKO,John Makdessi
Michael Bisping,587.78,25-04-2015,W,U-DEC,CB Dollaway
CB Dollaway,533.46,25-04-2015,L,U-DEC,Michael Bisping
Quinton Jackson,551.14,25-04-2015,W,U-DEC,Fabio Maldonado
Fabio Maldonado,504.24,25-04-2015,L,U-DEC,Quinton Jackson
Demetrious Johnson,657.4,25-04-2015,W,SUB,Kyoji Horiguchi
Kyoji Horiguchi,540.62,25-04-2015,L,SUB,Demetrious Johnson
Ben Nguyen,515.09,09-05-2015,W,KO/TKO,Alptekin Ozkilic
Alptekin Ozkilic,470.45,09-05-2015,L,KO/TKO,Ben Nguyen
Brendan O'Reilly,499.97,09-05-2015,W,U-DEC,Vik Grujic
Vik Grujic,467.83,09-05-2015,L,U-DEC,Brendan O'Reilly
Alex Chambers,499.57,09-05-2015,W,SUB,Kailin Curran
Kailin Curran,465.31,09-05-2015,L,SUB,Alex Chambers
Brad Scott,507.02,09-05-2015,W,SUB,Dylan Andrews
Dylan Andrews,476.78,09-05-2015,L,SUB,Brad Scott
Bec Rawlings,503.44,09-05-2015,W,SUB,Lisa Ellis
Lisa Ellis,461.75,09-05-2015,L,SUB,Bec Rawlings
Sam Alvey,537.01,09-05-2015,W,KO/TKO,Daniel Kelly
Daniel Kelly,517.64,09-05-2015,L,KO/TKO,Sam Alvey
Kyle Noke,527.38,09-05-2015,W,S-DEC,Jonavin Webb
Jonavin Webb,484.8,09-05-2015,L,S-DEC,Kyle Noke
Dan Hooker,513.02,09-05-2015,W,KO/TKO,Hatsu Hioki
Hatsu Hioki,470.55,09-05-2015,L,KO/TKO,Dan Hooker
James Vick,573.24,09-05-2015,W,SUB,Jake Matthews
Jake Matthews,515.79,09-05-2015,L,SUB,James Vick
Sean O'Connell,502.93,09-05-2015,W,KO/TKO,Anthony Perosh
Anthony Perosh,499.74,09-05-2015,L,KO/TKO,Sean O'Connell
Robert Whittaker,552.1,09-05-2015,W,KO/TKO,Brad Tavares
Brad Tavares,548.84,09-05-2015,L,KO/TKO,Robert Whittaker
Stipe Miocic,582.64,09-05-2015,W,KO/TKO,Mark Hunt
Mark Hunt,525.7,09-05-2015,L,KO/TKO,Stipe Miocic
Yao Zhikui,500.0,16-05-2015,W,S-DEC,Nolan Ticman
Nolan Ticman,468.5,16-05-2015,L,S-DEC,Yao Zhikui
Jon Delos Reyes,485.71,16-05-2015,W,SUB,Roldan Sangcha'an
Roldan Sangcha'an,463.5,16-05-2015,L,SUB,Jon Delos Reyes
Guangyou Ning,533.0,16-05-2015,W,KO/TKO,Royston Wee
Royston Wee,514.25,16-05-2015,L,KO/TKO,Guangyou Ning
Li Jingliang,514.32,16-05-2015,W,KO/TKO,Dhiego Lima
Dhiego Lima,469.09,16-05-2015,L,KO/TKO,Li Jingliang
Kajan Johnson,500.69,16-05-2015,W,U-DEC,Zhang Lipeng
Zhang Lipeng,497.27,16-05-2015,L,U-DEC,Kajan Johnson
Jon Tuck,516.82,16-05-2015,W,SUB,Tae Hyun Bang
Tae Hyun Bang,481.14,16-05-2015,L,SUB,Jon Tuck
Levan Makashvili,515.72,16-05-2015,W,S-DEC,Mark Eddiva
Mark Eddiva,483.57,16-05-2015,L,S-DEC,Levan Makashvili
Phillipe Nover,472.3,16-05-2015,W,S-DEC,Yui Chul Nam
Yui Chul Nam,497.19,16-05-2015,L,S-DEC,Phillipe Nover
Neil Magny,603.54,16-05-2015,W,KO/TKO,Hyun Gyu Lim
Hyun Gyu Lim,513.05,16-05-2015,L,KO/TKO,Neil Magny
Mark Munoz,541.16,16-05-2015,W,U-DEC,Luke Barnatt
Luke Barnatt,500.75,16-05-2015,L,U-DEC,Mark Munoz
Gegard Mousasi,542.29,16-05-2015,W,U-DEC,Constantinos Philippou
Constantinos Philippou,530.38,16-05-2015,L,U-DEC,Gegard Mousasi
Frankie Edgar,644.11,16-05-2015,W,U-DEC,Urijah Faber
Urijah Faber,580.05,16-05-2015,L,U-DEC,Frankie Edgar
Justin Scoggins,508.6,23-05-2015,W,U-DEC,Josh Sampo
Josh Sampo,467.6,23-05-2015,L,U-DEC,Justin Scoggins
Islam Makhachev,519.06,23-05-2015,W,SUB,Leo Kuntz
Leo Kuntz,480.94,23-05-2015,L,SUB,Islam Makhachev
Colby Covington,552.59,23-05-2015,W,U-DEC,Mike Pyle
Mike Pyle,540.86,23-05-2015,L,U-DEC,Colby Covington
Rafael Natal,564.48,23-05-2015,W,S-DEC,Uriah Hall
Uriah Hall,505.62,23-05-2015,L,S-DEC,Rafael Natal
Dong Hyun Kim,623.95,23-05-2015,W,SUB,Joshua Burkman
Joshua Burkman,495.74,23-05-2015,L,SUB,Dong Hyun Kim
John Dodson,575.99,23-05-2015,W,U-DEC,Zach Makovsky
Zach Makovsky,513.14,23-05-2015,L,U-DEC,John Dodson
Joseph Benavidez,602.25,23-05-2015,W,U-DEC,John Moraga
John Moraga,538.04,23-05-2015,L,U-DEC,Joseph Benavidez
Andrei Arlovski,645.79,23-05-2015,W,KO/TKO,Travis Browne
Travis Browne,574.92,23-05-2015,L,KO/TKO,Andrei Arlovski
Donald Cerrone,693.99,23-05-2015,W,KO/TKO,John Makdessi
John Makdessi,526.85,23-05-2015,L,KO/TKO,Donald Cerrone
Chris Weidman,688.44,23-05-2015,W,KO/TKO,Vitor Belfort
Vitor Belfort,594.93,23-05-2015,L,KO/TKO,Chris Weidman
Daniel Cormier,581.83,23-05-2015,W,SUB,Anthony Johnson
Anthony Johnson,571.91,23-05-2015,L,SUB,Daniel Cormier
Tom Breese,515.04,30-05-2015,W,KO/TKO,Luiz Dutra
Luiz Dutra,469.21,30-05-2015,L,KO/TKO,Tom Breese
Juliana Lima,517.18,30-05-2015,W,U-DEC,Ericka Almeida
Ericka Almeida,483.53,30-05-2015,L,U-DEC,Juliana Lima
Mirsad Bektic,548.38,30-05-2015,W,KO/TKO,Lucas Martins
Lucas Martins,507.09,30-05-2015,L,KO/TKO,Mirsad Bektic
Nicolas Dalby,515.75,30-05-2015,W,S-DEC,Elizeu Zaleski dos Santos
Elizeu Zaleski dos Santos,484.25,30-05-2015,L,S-DEC,Nicolas Dalby
Jussier Formiga,541.85,30-05-2015,W,U-DEC,Wilson Reis
Wilson Reis,516.04,30-05-2015,L,U-DEC,Jussier Formiga
Rony Jason,515.62,30-05-2015,L,Overturned,Damon Jackson
Damon Jackson,497.45,30-05-2015,W,Overturned,Rony Jason
Darren Till,515.0,30-05-2015,W,KO/TKO,Wendell Oliveira Marques
Wendell Oliveira Marques,468.54,30-05-2015,L,KO/TKO,Darren Till
Francisco Trinaldo,563.46,30-05-2015,W,U-DEC,Norman Parke
Norman Parke,528.45,30-05-2015,L,U-DEC,Francisco Trinaldo
Francimar Barroso,514.24,30-05-2015,W,U-DEC,Ryan Jimmo
Ryan Jimmo,482.58,30-05-2015,L,U-DEC,Francimar Barroso
Alex Oliveira,502.46,30-05-2015,W,SUB,KJ Noons
KJ Noons,488.5,30-05-2015,L,SUB,Alex Oliveira
Charles Oliveira,595.69,30-05-2015,W,SUB,Nik Lentz
Nik Lentz,551.21,30-05-2015,L,SUB,Charles Oliveira
Carlos Condit,567.4,30-05-2015,W,KO/TKO,Thiago Alves
Thiago Alves,587.46,30-05-2015,L,KO/TKO,Carlos Condit
Jose Quinonez,503.62,06-06-2015,W,SUB,Leonardo Morales
Leonardo Morales,464.88,06-06-2015,L,SUB,Jose Quinonez
Jake Collier,500.89,06-06-2015,W,S-DEC,Ricardo Abreu
Ricardo Abreu,501.71,06-06-2015,L,S-DEC,Jake Collier
Joe Proctor,525.25,06-06-2015,W,SUB,Justin Edwards
Justin Edwards,456.88,06-06-2015,L,SUB,Joe Proctor
Chris Wade,551.9,06-06-2015,W,U-DEC,Christos Giagos
Christos Giagos,484.71,06-06-2015,L,U-DEC,Chris Wade
Omari Akhmedov,529.72,06-06-2015,W,KO/TKO,Brian Ebersole
Brian Ebersole,530.74,06-06-2015,L,KO/TKO,Omari Akhmedov
Shawn Jordan,551.85,06-06-2015,W,KO/TKO,Derrick Lewis
Derrick Lewis,512.46,06-06-2015,L,KO/TKO,Shawn Jordan
Francisco Rivera,525.23,06-06-2015,W,KO/TKO,Alex Caceres
Alex Caceres,478.44,06-06-2015,L,KO/TKO,Francisco Rivera
Anthony Birchak,495.79,06-06-2015,W,KO/TKO,Joe Soto
Joe Soto,470.18,06-06-2015,L,KO/TKO,Anthony Birchak
Brian Ortega,532.66,06-06-2015,W,KO/TKO,Thiago Tavares
Thiago Tavares,551.89,06-06-2015,L,KO/TKO,Brian Ortega
Dustin Poirier,599.44,06-06-2015,W,KO/TKO,Yancy Medeiros
Yancy Medeiros,513.98,06-06-2015,L,KO/TKO,Dustin Poirier
Ben Rothwell,543.3,06-06-2015,W,SUB,Matt Mitrione
Matt Mitrione,556.94,06-06-2015,L,SUB,Ben Rothwell
Dan Henderson,525.41,06-06-2015,W,KO/TKO,Tim Boetsch
Tim Boetsch,508.48,06-06-2015,L,KO/TKO,Dan Henderson
Gabriel Benitez,534.38,13-06-2015,W,U-DEC,Clay Collard
Clay Collard,484.96,13-06-2015,L,U-DEC,Gabriel Benitez
Cathal Pendred,566.96,13-06-2015,W,U-DEC,Augusto Montano
Augusto Montano,498.78,13-06-2015,L,U-DEC,Cathal Pendred
Johnny Case,550.12,13-06-2015,W,U-DEC,Francisco Trevino
Francisco Trevino,498.65,13-06-2015,L,U-DEC,Johnny Case
Patrick Williams,505.37,13-06-2015,W,SUB,Alejandro Perez
Alejandro Perez,494.63,13-06-2015,L,SUB,Patrick Williams
Efrain Escudero,498.4,13-06-2015,W,SUB,Drew Dober
Drew Dober,481.44,13-06-2015,L,SUB,Efrain Escudero
Henry Cejudo,548.56,13-06-2015,W,U-DEC,Chico Camus
Chico Camus,482.33,13-06-2015,L,U-DEC,Henry Cejudo
Tecia Pennington,532.25,13-06-2015,W,U-DEC,Angela Hill
Angela Hill,499.25,13-06-2015,L,U-DEC,Tecia Pennington
Yair Rodriguez,531.69,13-06-2015,W,S-DEC,Charles Rosa
Charles Rosa,487.99,13-06-2015,L,S-DEC,Yair Rodriguez
Kelvin Gastelum,590.28,13-06-2015,W,KO/TKO,Nate Marquardt
Nate Marquardt,540.6,13-06-2015,L,KO/TKO,Kelvin Gastelum
Eddie Alvarez,503.94,13-06-2015,W,S-DEC,Gilbert Melendez
Gilbert Melendez,472.95,13-06-2015,L,S-DEC,Eddie Alvarez
Fabricio Werdum,627.39,13-06-2015,W,SUB,Cain Velasquez
Cain Velasquez,631.58,13-06-2015,L,SUB,Fabricio Werdum
Taylor Lapilus,531.43,20-06-2015,W,KO/TKO,Yuta Sasaki
Yuta Sasaki,482.69,20-06-2015,L,KO/TKO,Taylor Lapilus
Magomed Mustafaev,516.13,20-06-2015,W,KO/TKO,Piotr Hallmann
Piotr Hallmann,492.35,20-06-2015,L,KO/TKO,Magomed Mustafaev
Scott Askham,499.48,20-06-2015,W,KO/TKO,Antonio Dos Santos
Antonio Dos Santos,467.21,20-06-2015,L,KO/TKO,Scott Askham
Noad Lahat,517.22,20-06-2015,W,M-DEC,Niklas Backstrom
Niklas Backstrom,486.86,20-06-2015,L,M-DEC,Noad Lahat
Arnold Allen,517.89,20-06-2015,W,SUB,Alan Omer
Alan Omer,466.36,20-06-2015,L,SUB,Arnold Allen
Mairbek Taisumov,547.6,20-06-2015,W,KO/TKO,Alan Patrick
Alan Patrick,516.12,20-06-2015,L,KO/TKO,Mairbek Taisumov
Makwan Amirkhani,534.0,20-06-2015,W,SUB,Masio Fullen
Masio Fullen,495.33,20-06-2015,L,SUB,Makwan Amirkhani
Nick Hein,514.59,20-06-2015,W,U-DEC,Lukasz Sajewski
Lukasz Sajewski,484.19,20-06-2015,L,U-DEC,Nick Hein
Peter Sobotta,494.65,20-06-2015,W,SUB,Steve Kennedy
Steve Kennedy,478.12,20-06-2015,L,SUB,Peter Sobotta
Tatsuya Kawajiri,521.9,20-06-2015,W,U-DEC,Dennis Siver
Dennis Siver,523.86,20-06-2015,L,U-DEC,Tatsuya Kawajiri
Joanna Jedrzejczyk,565.12,20-06-2015,W,KO/TKO,Jessica Penne
Jessica Penne,499.46,20-06-2015,L,KO/TKO,Joanna Jedrzejczyk
Sirwan Kakai,514.29,27-06-2015,W,U-DEC,Danny Martinez
Danny Martinez,453.38,27-06-2015,L,U-DEC,Sirwan Kakai
Tony Sims,515.75,27-06-2015,W,KO/TKO,Steve Montgomery
Steve Montgomery,484.25,27-06-2015,L,KO/TKO,Tony Sims
Leandro Silva,491.89,27-06-2015,W,U-DEC,Lewis Gonzalez
Lewis Gonzalez,482.28,27-06-2015,L,U-DEC,Leandro Silva
Alex Oliveira,518.84,27-06-2015,W,U-DEC,Joe Merritt
Joe Merritt,483.62,27-06-2015,L,U-DEC,Alex Oliveira
Hacran Dias,524.65,27-06-2015,W,S-DEC,Levan Makashvili
Levan Makashvili,498.84,27-06-2015,L,S-DEC,Hacran Dias
Thiago Santos,513.54,27-06-2015,W,KO/TKO,Steve Bosse
Steve Bosse,483.35,27-06-2015,L,KO/TKO,Thiago Santos
Antonio Carlos Junior,516.47,27-06-2015,W,SUB,Eddie Gordon
Eddie Gordon,464.91,27-06-2015,L,SUB,Antonio Carlos Junior
Lorenz Larkin,497.1,27-06-2015,W,KO/TKO,Santiago Ponzinibbio
Santiago Ponzinibbio,500.58,27-06-2015,L,KO/TKO,Lorenz Larkin
Yoel Romero,609.18,27-06-2015,W,KO/TKO,Lyoto Machida
Lyoto Machida,581.28,27-06-2015,L,KO/TKO,Yoel Romero
Cody Pfister,496.05,11-07-2015,W,U-DEC,Yosdenis Cedeno
Yosdenis Cedeno,468.95,11-07-2015,L,U-DEC,Cody Pfister
Louis Smolka,532.56,11-07-2015,W,U-DEC,Neil Seery
Neil Seery,500.6,11-07-2015,L,U-DEC,Louis Smolka
Cody Garbrandt,533.59,11-07-2015,W,U-DEC,Henry Briones
Henry Briones,502.46,11-07-2015,L,U-DEC,Cody Garbrandt
John Howard,509.75,11-07-2015,W,S-DEC,Cathal Pendred
Cathal Pendred,547.8,11-07-2015,L,S-DEC,John Howard
Alex Garcia,532.39,11-07-2015,W,U-DEC,Mike Swick
Mike Swick,553.26,11-07-2015,L,U-DEC,Alex Garcia
Matt Brown,592.5,11-07-2015,W,SUB,Tim Means
Tim Means,534.66,11-07-2015,L,SUB,Matt Brown
Thomas Almeida,546.74,11-07-2015,W,KO/TKO,Brad Pickett
Brad Pickett,466.05,11-07-2015,L,KO/TKO,Thomas Almeida
Gunnar Nelson,573.56,11-07-2015,W,SUB,Brandon Thatch
Brandon Thatch,500.46,11-07-2015,L,SUB,Gunnar Nelson
Jeremy Stephens,527.58,11-07-2015,W,KO/TKO,Dennis Bermudez
Dennis Bermudez,567.03,11-07-2015,L,KO/TKO,Jeremy Stephens
Robbie Lawler,621.39,11-07-2015,W,KO/TKO,Rory MacDonald
Rory MacDonald,599.63,11-07-2015,L,KO/TKO,Robbie Lawler
Conor McGregor,609.59,11-07-2015,W,KO/TKO,Chad Mendes
Chad Mendes,576.45,11-07-2015,L,KO/TKO,Conor McGregor
Willie Gates,497.61,12-07-2015,W,KO/TKO,Darrell Montague
Darrell Montague,455.23,12-07-2015,L,KO/TKO,Willie Gates
George Sullivan,526.77,12-07-2015,W,U-DEC,Dominic Waters
Dominic Waters,484.77,12-07-2015,L,U-DEC,George Sullivan
Trevor Smith,503.88,12-07-2015,W,U-DEC,Dan Miller
Dan Miller,492.39,12-07-2015,L,U-DEC,Trevor Smith
Jerrod Sanders,515.92,12-07-2015,W,U-DEC,Russell Doane
Russell Doane,501.91,12-07-2015,L,U-DEC,Jerrod Sanders
Josh Samman,554.72,12-07-2015,W,SUB,Caio Magalhaes
Caio Magalhaes,530.37,12-07-2015,L,SUB,Josh Samman
Maximo Blanco,520.12,12-07-2015,W,KO/TKO,Mike de la Torre
Mike de la Torre,472.78,12-07-2015,L,KO/TKO,Maximo Blanco
Michelle Waterson-Gomez,517.89,12-07-2015,W,SUB,Angela Magana
Angela Magana,466.36,12-07-2015,L,SUB,Michelle Waterson-Gomez
Jorge Masvidal,563.37,12-07-2015,W,KO/TKO,Cezar Ferreira
Cezar Ferreira,515.07,12-07-2015,L,KO/TKO,Jorge Masvidal
Michael Graves,515.75,12-07-2015,W,U-DEC,Vicente Luque
Vicente Luque,484.25,12-07-2015,L,U-DEC,Michael Graves
Kamaru Usman,519.06,12-07-2015,W,SUB,Hayder Hassan
Hayder Hassan,480.94,12-07-2015,L,SUB,Kamaru Usman
Stephen Thompson,581.94,12-07-2015,W,KO/TKO,Jake Ellenberger
Jake Ellenberger,544.39,12-07-2015,L,KO/TKO,Stephen Thompson
Lyman Good,515.62,15-07-2015,W,KO/TKO,Andrew Craig
Andrew Craig,481.6,15-07-2015,L,KO/TKO,Lyman Good
Kevin Casey,488.31,15-07-2015,W,U-DEC,Ildemar Alcantara
Ildemar Alcantara,510.17,15-07-2015,L,U-DEC,Kevin Casey
Sean Strickland,534.91,15-07-2015,W,U-DEC,Igor Araujo
Igor Araujo,500.1,15-07-2015,L,U-DEC,Sean Strickland
Rani Yahya,547.35,15-07-2015,W,S-DEC,Masanori Kanehara
Masanori Kanehara,500.42,15-07-2015,L,S-DEC,Rani Yahya
Jessica Andrade,530.88,15-07-2015,W,U-DEC,Sarah Moras
Sarah Moras,499.97,15-07-2015,L,U-DEC,Jessica Andrade
Sam Sicilia,513.66,15-07-2015,W,U-DEC,Yaotzin Meza
Yaotzin Meza,499.18,15-07-2015,L,U-DEC,Sam Sicilia
Alan Jouban,531.85,15-07-2015,W,U-DEC,Matt Dwyer
Matt Dwyer,483.44,15-07-2015,L,U-DEC,Alan Jouban
Kevin Lee,553.49,15-07-2015,W,SUB,James Moontasri
James Moontasri,483.87,15-07-2015,L,SUB,Kevin Lee
Manvel Gamburyan,531.77,15-07-2015,W,U-DEC,Scott Jorgensen
Scott Jorgensen,445.96,15-07-2015,L,U-DEC,Manvel Gamburyan
Holly Holm,534.01,15-07-2015,W,U-DEC,Marion Reneau
Marion Reneau,519.15,15-07-2015,L,U-DEC,Holly Holm
Tony Ferguson,636.35,15-07-2015,W,U-DEC,Josh Thomson
Josh Thomson,491.81,15-07-2015,L,U-DEC,Tony Ferguson
Frank Mir,575.64,15-07-2015,W,KO/TKO,Todd Duffee
Todd Duffee,517.08,15-07-2015,L,KO/TKO,Frank Mir
Daniel Omielanczuk,499.2,18-07-2015,W,KO/TKO,Chris de la Rocha
Chris de la Rocha,483.47,18-07-2015,L,KO/TKO,Daniel Omielanczuk
Jimmie Rivera,516.22,18-07-2015,W,KO/TKO,Marcus Brimage
Marcus Brimage,494.17,18-07-2015,L,KO/TKO,Jimmie Rivera
Robert Whiteford,514.38,18-07-2015,W,KO/TKO,Paul Redmond
Paul Redmond,468.43,18-07-2015,L,KO/TKO,Robert Whiteford
Mickael Lebout,500.46,18-07-2015,W,U-DEC,Teemu Packalen
Teemu Packalen,483.52,18-07-2015,L,U-DEC,Mickael Lebout
Ilir Latifi,520.04,18-07-2015,W,KO/TKO,Hans Stringer
Hans Stringer,484.52,18-07-2015,L,KO/TKO,Ilir Latifi
Paddy Holohan,532.21,18-07-2015,W,U-DEC,Vaughan Lee
Vaughan Lee,463.46,18-07-2015,L,U-DEC,Paddy Holohan
Stevie Ray,530.1,18-07-2015,W,KO/TKO,Leonardo Mafra
Leonardo Mafra,469.82,18-07-2015,L,KO/TKO,Stevie Ray
Leon Edwards,517.43,18-07-2015,W,U-DEC,Pawel Pawlak
Pawel Pawlak,481.7,18-07-2015,L,U-DEC,Leon Edwards
Joanne Wood,511.45,18-07-2015,W,U-DEC,Cortney Casey
Cortney Casey,484.05,18-07-2015,L,U-DEC,Joanne Wood
Joe Duffy,534.38,18-07-2015,W,SUB,Ivan Jorge
Ivan Jorge,492.29,18-07-2015,L,SUB,Joe Duffy
Evan Dunham,547.39,18-07-2015,W,U-DEC,Ross Pearson
Ross Pearson,523.99,18-07-2015,L,U-DEC,Evan Dunham
Michael Bisping,605.89,18-07-2015,W,S-DEC,Thales Leites
Thales Leites,603.69,18-07-2015,L,S-DEC,Michael Bisping
Zak Cummings,529.97,25-07-2015,W,KO/TKO,Dominique Steele
Dominique Steele,484.92,25-07-2015,L,KO/TKO,Zak Cummings
Elizabeth Phillips,485.57,25-07-2015,W,U-DEC,Jessamyn Duke
Jessamyn Duke,466.4,25-07-2015,L,U-DEC,Elizabeth Phillips
Andrew Holbrook,516.28,25-07-2015,W,S-DEC,Ramsey Nijem
Ramsey Nijem,495.31,25-07-2015,L,S-DEC,Andrew Holbrook
James Krause,508.33,25-07-2015,W,SUB,Daron Cruickshank
Daron Cruickshank,508.57,25-07-2015,L,SUB,James Krause
Bryan Caraway,554.7,25-07-2015,W,U-DEC,Eddie Wineland
Eddie Wineland,477.22,25-07-2015,L,U-DEC,Bryan Caraway
Ben Saunders,573.17,25-07-2015,W,S-DEC,Kenny Robertson
Kenny Robertson,515.44,25-07-2015,L,S-DEC,Ben Saunders
Jim Miller,602.15,25-07-2015,W,S-DEC,Danny Castillo
Danny Castillo,509.06,25-07-2015,L,S-DEC,Jim Miller
Tom Lawlor,527.77,25-07-2015,W,KO/TKO,Gian Villante
Gian Villante,500.41,25-07-2015,L,KO/TKO,Tom Lawlor
Joe Lauzon,569.26,25-07-2015,W,KO/TKO,Takanori Gomi
Takanori Gomi,481.82,25-07-2015,L,KO/TKO,Joe Lauzon
Edson Barboza,592.67,25-07-2015,W,U-DEC,Paul Felder
Paul Felder,520.32,25-07-2015,L,U-DEC,Edson Barboza
Miesha Tate,536.12,25-07-2015,W,U-DEC,Jessica Eye
Jessica Eye,496.58,25-07-2015,L,U-DEC,Miesha Tate
TJ Dillashaw,604.46,25-07-2015,W,KO/TKO,Renan Barao
Renan Barao,600.4,25-07-2015,L,KO/TKO,TJ Dillashaw
Guido Cannetti,498.05,01-08-2015,W,U-DEC,Hugo Viana
Hugo Viana,493.98,01-08-2015,L,U-DEC,Guido Cannetti
Vitor Miranda,519.36,01-08-2015,W,KO/TKO,Clint Hester
Clint Hester,527.52,01-08-2015,L,KO/TKO,Vitor Miranda
Iuri Alcantara,544.31,01-08-2015,W,U-DEC,Leandro Issa
Leandro Issa,505.56,01-08-2015,L,U-DEC,Iuri Alcantara
Warlley Alves,556.79,01-08-2015,W,SUB,Nordine Taleb
Nordine Taleb,526.31,01-08-2015,L,SUB,Warlley Alves
Patrick Cummins,533.69,01-08-2015,W,KO/TKO,Rafael Cavalcante
Rafael Cavalcante,473.2,01-08-2015,L,KO/TKO,Patrick Cummins
Demian Maia,636.74,01-08-2015,W,SUB,Neil Magny
Neil Magny,583.46,01-08-2015,L,SUB,Demian Maia
Claudia Gadelha,515.03,01-08-2015,W,U-DEC,Jessica Aguilar
Jessica Aguilar,484.22,01-08-2015,L,U-DEC,Claudia Gadelha
Antonio Silva,504.53,01-08-2015,W,KO/TKO,Soa Palelei
Soa Palelei,511.29,01-08-2015,L,KO/TKO,Antonio Silva
Stefan Struve,574.25,01-08-2015,W,U-DEC,Antonio Rodrigo Nogueira
Antonio Rodrigo Nogueira,493.39,01-08-2015,L,U-DEC,Stefan Struve
Reginaldo Vieira,515.75,01-08-2015,W,U-DEC,Dileno Lopes
Dileno Lopes,484.25,01-08-2015,L,U-DEC,Reginaldo Vieira
Glaico Franca Moreira,518.74,01-08-2015,W,SUB,Fernando Bruno
Fernando Bruno,481.26,01-08-2015,L,SUB,Glaico Franca Moreira
Mauricio Rua,505.97,01-08-2015,W,U-DEC,Rogerio Nogueira
Rogerio Nogueira,509.78,01-08-2015,L,U-DEC,Mauricio Rua
Ronda Rousey,608.52,01-08-2015,W,KO/TKO,Bethe Correia
Bethe Correia,530.23,01-08-2015,L,KO/TKO,Ronda Rousey
Scott Holtzman,517.89,08-08-2015,W,SUB,Anthony Christodoulou
Anthony Christodoulou,466.29,08-08-2015,L,SUB,Scott Holtzman
Marlon Vera,502.2,08-08-2015,W,SUB,Roman Salazar
Roman Salazar,446.07,08-08-2015,L,SUB,Marlon Vera
Jonathan Wilson,515.76,08-08-2015,W,KO/TKO,Chris Dempsey
Chris Dempsey,484.42,08-08-2015,L,KO/TKO,Jonathan Wilson
Frankie Saenz,550.01,08-08-2015,W,S-DEC,Sirwan Kakai
Sirwan Kakai,498.0,08-08-2015,L,S-DEC,Frankie Saenz
Dustin Ortiz,532.54,08-08-2015,W,KO/TKO,Willie Gates
Willie Gates,482.77,08-08-2015,L,KO/TKO,Dustin Ortiz
Chris Camozzi,487.85,08-08-2015,W,U-DEC,Tom Watson
Tom Watson,459.27,08-08-2015,L,U-DEC,Chris Camozzi
Uriah Hall,521.12,08-08-2015,W,KO/TKO,Oluwale Bamgbose
Oluwale Bamgbose,484.5,08-08-2015,L,KO/TKO,Uriah Hall
Ray Borg,540.81,08-08-2015,W,U-DEC,Geane Herrera
Geane Herrera,483.98,08-08-2015,L,U-DEC,Ray Borg
Amanda Nunes,547.18,08-08-2015,W,SUB,Sara McMann
Sara McMann,478.87,08-08-2015,L,SUB,Amanda Nunes
Jared Rosholt,560.31,08-08-2015,W,U-DEC,Timothy Johnson
Timothy Johnson,500.65,08-08-2015,L,U-DEC,Jared Rosholt
Derek Brunson,568.35,08-08-2015,W,KO/TKO,Sam Alvey
Sam Alvey,520.5,08-08-2015,L,KO/TKO,Derek Brunson
Beneil Dariush,598.47,08-08-2015,W,S-DEC,Michael Johnson
Michael Johnson,556.72,08-08-2015,L,S-DEC,Beneil Dariush
Glover Teixeira,584.4,08-08-2015,W,SUB,Ovince Saint Preux
Ovince Saint Preux,560.16,08-08-2015,L,SUB,Glover Teixeira
Misha Cirkunov,515.75,23-08-2015,W,KO/TKO,Daniel Jolly
Daniel Jolly,484.25,23-08-2015,L,KO/TKO,Misha Cirkunov
Shane Campbell,503.29,23-08-2015,W,U-DEC,Elias Silverio
Elias Silverio,515.24,23-08-2015,L,U-DEC,Shane Campbell
Chris Kelades,512.84,23-08-2015,W,S-DEC,Chris Beal
Chris Beal,496.94,23-08-2015,L,S-DEC,Chris Kelades
Nikita Krylov,539.31,23-08-2015,W,SUB,Marcos Rogerio de Lima
Marcos Rogerio de Lima,507.57,23-08-2015,L,SUB,Nikita Krylov
Felipe Arantes,518.88,23-08-2015,W,SUB,Yves Jabouin
Yves Jabouin,488.6,23-08-2015,L,SUB,Felipe Arantes
Frankie Perez,500.19,23-08-2015,W,KO/TKO,Sam Stout
Sam Stout,470.39,23-08-2015,L,KO/TKO,Frankie Perez
Valerie Letourneau,547.49,23-08-2015,W,U-DEC,Maryna Moroz
Maryna Moroz,503.52,23-08-2015,L,U-DEC,Valerie Letourneau
Olivier Aubin-Mercier,539.61,23-08-2015,W,U-DEC,Tony Sims
Tony Sims,498.85,23-08-2015,L,U-DEC,Olivier Aubin-Mercier
Francisco Trinaldo,580.66,23-08-2015,W,KO/TKO,Chad Laprise
Chad Laprise,530.84,23-08-2015,L,KO/TKO,Francisco Trinaldo
Patrick Cote,522.17,23-08-2015,W,KO/TKO,Joshua Burkman
Joshua Burkman,479.74,23-08-2015,L,KO/TKO,Patrick Cote
Neil Magny,597.78,23-08-2015,W,S-DEC,Erick Silva
Erick Silva,537.49,23-08-2015,L,S-DEC,Neil Magny
Max Holloway,624.25,23-08-2015,W,KO/TKO,Charles Oliveira
Charles Oliveira,575.95,23-08-2015,L,KO/TKO,Max Holloway
Joaquim Silva,515.75,05-09-2015,W,S-DEC,Nazareno Malegarie
Nazareno Malegarie,484.25,05-09-2015,L,S-DEC,Joaquim Silva
Joe Riggs,482.18,05-09-2015,W,DQ,Ron Stallings
Ron Stallings,481.5,05-09-2015,L,DQ,Joe Riggs
Tiago dos Santos e Silva,513.17,05-09-2015,W,S-DEC,Clay Collard
Clay Collard,469.8,05-09-2015,L,S-DEC,Tiago dos Santos e Silva
Raquel Pennington,522.03,05-09-2015,W,SUB,Jessica Andrade
Jessica Andrade,510.21,05-09-2015,L,SUB,Raquel Pennington
John Lineker,575.65,05-09-2015,W,SUB,Francisco Rivera
Francisco Rivera,505.91,05-09-2015,L,SUB,John Lineker
Ross Pearson,539.57,05-09-2015,W,S-DEC,Paul Felder
Paul Felder,504.74,05-09-2015,L,S-DEC,Ross Pearson
Paige VanZant,551.0,05-09-2015,W,SUB,Alex Chambers
Alex Chambers,480.98,05-09-2015,L,SUB,Paige VanZant
Corey Anderson,528.69,05-09-2015,W,U-DEC,Jan Blachowicz
Jan Blachowicz,486.6,05-09-2015,L,U-DEC,Corey Anderson
Anthony Johnson,586.69,05-09-2015,W,KO/TKO,Jimi Manuwa
Jimi Manuwa,535.79,05-09-2015,L,KO/TKO,Anthony Johnson
Andrei Arlovski,662.01,05-09-2015,W,U-DEC,Frank Mir
Frank Mir,559.42,05-09-2015,L,U-DEC,Andrei Arlovski
Demetrious Johnson,674.14,05-09-2015,W,U-DEC,John Dodson
John Dodson,559.25,05-09-2015,L,U-DEC,Demetrious Johnson
Shinsho Anzai,500.71,26-09-2015,W,KO/TKO,Roger Zapata
Roger Zapata,483.54,26-09-2015,L,KO/TKO,Shinsho Anzai
Kajan Johnson,514.23,26-09-2015,W,U-DEC,Naoyuki Kotani
Naoyuki Kotani,424.17,26-09-2015,L,U-DEC,Kajan Johnson
Nick Hein,530.4,26-09-2015,W,U-DEC,Yusuke Kasuya
Yusuke Kasuya,484.19,26-09-2015,L,U-DEC,Nick Hein
Keita Nakamura,477.19,26-09-2015,W,SUB,Li Jingliang
Li Jingliang,492.42,26-09-2015,L,SUB,Keita Nakamura
Mizuto Hirota,470.6,26-09-2015,L,S-DEC,Teruto Ishihara
Teruto Ishihara,498.68,26-09-2015,W,S-DEC,Mizuto Hirota
Diego Brandao,550.62,26-09-2015,W,KO/TKO,Katsunori Kikuno
Katsunori Kikuno,487.65,26-09-2015,L,KO/TKO,Diego Brandao
Takeya Mizugaki,552.55,26-09-2015,W,U-DEC,George Roop
George Roop,463.21,26-09-2015,L,U-DEC,Takeya Mizugaki
Kyoji Horiguchi,553.75,26-09-2015,W,U-DEC,Chico Camus
Chico Camus,469.2,26-09-2015,L,U-DEC,Kyoji Horiguchi
Uriah Hall,538.62,26-09-2015,W,KO/TKO,Gegard Mousasi
Gegard Mousasi,524.79,26-09-2015,L,KO/TKO,Uriah Hall
Josh Barnett,573.25,26-09-2015,W,U-DEC,Roy Nelson
Roy Nelson,491.68,26-09-2015,L,U-DEC,Josh Barnett
Derrick Lewis,527.68,03-10-2015,W,KO/TKO,Viktor Pesta
Viktor Pesta,485.49,03-10-2015,L,KO/TKO,Derrick Lewis
Sergio Pettis,523.51,03-10-2015,W,U-DEC,Chris Cariaso
Chris Cariaso,499.17,03-10-2015,L,U-DEC,Sergio Pettis
Sage Northcutt,515.69,03-10-2015,W,KO/TKO,Francisco Trevino
Francisco Trevino,482.96,03-10-2015,L,KO/TKO,Sage Northcutt
Rose Namajunas,501.63,03-10-2015,W,SUB,Angela Hill
Angela Hill,478.88,03-10-2015,L,SUB,Rose Namajunas
Adriano Martins,555.78,03-10-2015,W,KO/TKO,Islam Makhachev
Islam Makhachev,502.83,03-10-2015,L,KO/TKO,Adriano Martins
Albert Tumenov,552.97,03-10-2015,W,KO/TKO,Alan Jouban
Alan Jouban,514.02,03-10-2015,L,KO/TKO,Albert Tumenov
Yair Rodriguez,548.01,03-10-2015,W,U-DEC,Dan Hooker
Dan Hooker,496.7,03-10-2015,L,U-DEC,Yair Rodriguez
Julianna Pena,547.71,03-10-2015,W,U-DEC,Jessica Eye
Jessica Eye,481.09,03-10-2015,L,U-DEC,Julianna Pena
Joseph Benavidez,616.73,03-10-2015,W,U-DEC,Ali Bagautinov
Ali Bagautinov,519.01,03-10-2015,L,U-DEC,Joseph Benavidez
Ruslan Magomedov,549.76,03-10-2015,W,U-DEC,Shawn Jordan
Shawn Jordan,533.59,03-10-2015,L,U-DEC,Ruslan Magomedov
Ryan Bader,639.39,03-10-2015,W,U-DEC,Rashad Evans
Rashad Evans,636.83,03-10-2015,L,U-DEC,Ryan Bader
Daniel Cormier,598.58,03-10-2015,W,S-DEC,Alexander Gustafsson
Alexander Gustafsson,570.38,03-10-2015,L,S-DEC,Daniel Cormier
Garreth McLellan,501.36,24-10-2015,W,KO/TKO,Bubba Bush
Bubba Bush,497.21,24-10-2015,L,KO/TKO,Garreth McLellan
Darren Elkins,563.02,24-10-2015,W,U-DEC,Robert Whiteford
Robert Whiteford,500.19,24-10-2015,L,U-DEC,Darren Elkins
Tom Breese,533.09,24-10-2015,W,KO/TKO,Cathal Pendred
Cathal Pendred,529.75,24-10-2015,L,KO/TKO,Tom Breese
Krzysztof Jotko,526.22,24-10-2015,W,S-DEC,Scott Askham
Scott Askham,483.49,24-10-2015,L,S-DEC,Krzysztof Jotko
Aisling Daly,516.94,24-10-2015,W,U-DEC,Ericka Almeida
Ericka Almeida,468.62,24-10-2015,L,U-DEC,Aisling Daly
Stevie Ray,545.88,24-10-2015,W,U-DEC,Mickael Lebout
Mickael Lebout,484.68,24-10-2015,L,U-DEC,Stevie Ray
Neil Seery,518.84,24-10-2015,W,SUB,Jon Delos Reyes
Jon Delos Reyes,467.47,24-10-2015,L,SUB,Neil Seery
Nicolas Dalby,515.72,24-10-2015,L,M-DEC,Darren Till
Darren Till,515.03,24-10-2015,W,M-DEC,Nicolas Dalby
Norman Parke,543.88,24-10-2015,W,U-DEC,Reza Madadi
Reza Madadi,505.92,24-10-2015,L,U-DEC,Norman Parke
Louis Smolka,553.41,24-10-2015,W,SUB,Paddy Holohan
Paddy Holohan,511.36,24-10-2015,L,SUB,Louis Smolka
Matheus Nicolau,518.74,07-11-2015,W,SUB,Bruno Korea
Bruno Korea,481.26,07-11-2015,L,SUB,Matheus Nicolau
Jimmie Rivera,531.26,07-11-2015,W,S-DEC,Pedro Munhoz
Pedro Munhoz,470.28,07-11-2015,L,S-DEC,Jimmie Rivera
Viscardi Andrade,513.78,07-11-2015,W,U-DEC,Gasan Umalatov
Gasan Umalatov,469.28,07-11-2015,L,U-DEC,Viscardi Andrade
Chas Skelly,559.38,07-11-2015,W,SUB,Edimilson Souza
Edimilson Souza,526.97,07-11-2015,L,SUB,Chas Skelly
Thiago Tavares,571.31,07-11-2015,W,SUB,Clay Guida
Clay Guida,533.37,07-11-2015,L,SUB,Thiago Tavares
Johnny Case,566.31,07-11-2015,W,U-DEC,Yan Cabral
Yan Cabral,498.79,07-11-2015,L,U-DEC,Johnny Case
Abel Trujillo,542.28,07-11-2015,W,DQ,Gleison Tibau
Gleison Tibau,566.54,07-11-2015,L,DQ,Abel Trujillo
Corey Anderson,544.03,07-11-2015,W,U-DEC,Fabio Maldonado
Fabio Maldonado,488.9,07-11-2015,L,U-DEC,Corey Anderson
Rashid Magomedov,569.35,07-11-2015,W,U-DEC,Gilbert Burns
Gilbert Burns,535.47,07-11-2015,L,U-DEC,Rashid Magomedov
Alex Oliveira,534.78,07-11-2015,W,KO/TKO,Piotr Hallmann
Piotr Hallmann,476.41,07-11-2015,L,KO/TKO,Alex Oliveira
Thomas Almeida,562.12,07-11-2015,W,KO/TKO,Anthony Birchak
Anthony Birchak,480.41,07-11-2015,L,KO/TKO,Thomas Almeida
Glover Teixeira,598.51,07-11-2015,W,KO/TKO,Patrick Cummins
Patrick Cummins,519.58,07-11-2015,L,KO/TKO,Glover Teixeira
Vitor Belfort,607.57,07-11-2015,W,KO/TKO,Dan Henderson
Dan Henderson,512.77,07-11-2015,L,KO/TKO,Vitor Belfort
Ben Nguyen,534.43,14-11-2015,W,SUB,Ryan Benoit
Ryan Benoit,479.34,14-11-2015,L,SUB,Ben Nguyen
James Moontasri,500.35,14-11-2015,W,KO/TKO,Anton Zafir
Anton Zafir,483.52,14-11-2015,L,KO/TKO,James Moontasri
Richard Walsh,499.23,14-11-2015,W,U-DEC,Steve Kennedy
Steve Kennedy,462.62,14-11-2015,L,U-DEC,Richard Walsh
Daniel Kelly,531.88,14-11-2015,W,U-DEC,Steve Montgomery
Steve Montgomery,470.01,14-11-2015,L,U-DEC,Daniel Kelly
Danny Martinez,470.56,14-11-2015,W,U-DEC,Richie Vaculik
Richie Vaculik,467.76,14-11-2015,L,U-DEC,Danny Martinez
Gian Villante,516.13,14-11-2015,W,KO/TKO,Anthony Perosh
Anthony Perosh,484.02,14-11-2015,L,KO/TKO,Gian Villante
Kyle Noke,542.33,14-11-2015,W,KO/TKO,Peter Sobotta
Peter Sobotta,479.7,14-11-2015,L,KO/TKO,Kyle Noke
Jake Matthews,530.3,14-11-2015,W,KO/TKO,Akbarh Arreola
Akbarh Arreola,473.91,14-11-2015,L,KO/TKO,Jake Matthews
Jared Rosholt,578.25,14-11-2015,W,U-DEC,Stefan Struve
Stefan Struve,556.31,14-11-2015,L,U-DEC,Jared Rosholt
Robert Whittaker,569.4,14-11-2015,W,U-DEC,Uriah Hall
Uriah Hall,521.32,14-11-2015,L,U-DEC,Robert Whittaker
Mark Hunt,540.49,14-11-2015,W,KO/TKO,Antonio Silva
Antonio Silva,489.74,14-11-2015,L,KO/TKO,Mark Hunt
Joanna Jedrzejczyk,582.92,14-11-2015,W,U-DEC,Valerie Letourneau
Valerie Letourneau,529.69,14-11-2015,L,U-DEC,Joanna Jedrzejczyk
Holly Holm,554.9,14-11-2015,W,KO/TKO,Ronda Rousey
Ronda Rousey,587.63,14-11-2015,L,KO/TKO,Holly Holm
Michel Prazeres,516.48,21-11-2015,W,S-DEC,Valmir Lazaro
Valmir Lazaro,485.29,21-11-2015,L,S-DEC,Michel Prazeres
Marco Polo Reyes,515.75,21-11-2015,W,KO/TKO,Cesar Arzamendia
Cesar Arzamendia,484.25,21-11-2015,L,KO/TKO,Marco Polo Reyes
Alvaro Herrera Mendoza,515.75,21-11-2015,W,KO/TKO,Vernon Ramos Ho
Vernon Ramos Ho,484.25,21-11-2015,L,KO/TKO,Alvaro Herrera Mendoza
Andre Fili,507.4,21-11-2015,W,KO/TKO,Gabriel Benitez
Gabriel Benitez,516.61,21-11-2015,L,KO/TKO,Andre Fili
Alejandro Perez,508.19,21-11-2015,W,KO/TKO,Scott Jorgensen
Scott Jorgensen,432.4,21-11-2015,L,KO/TKO,Alejandro Perez
Bartosz Fabinski,532.33,21-11-2015,W,U-DEC,Hector Urbina
Hector Urbina,500.83,21-11-2015,L,U-DEC,Bartosz Fabinski
Erik Perez,541.35,21-11-2015,W,U-DEC,Taylor Lapilus
Taylor Lapilus,515.4,21-11-2015,L,U-DEC,Erik Perez
Leandro Silva,509.46,21-11-2015,W,U-DEC,Efrain Escudero
Efrain Escudero,480.83,21-11-2015,L,U-DEC,Leandro Silva
Enrique Barzola,515.75,21-11-2015,W,U-DEC,Horacio Gutierrez
Horacio Gutierrez,484.25,21-11-2015,L,U-DEC,Enrique Barzola
Erick Montano,515.75,21-11-2015,W,S-DEC,Enrique Marin
Enrique Marin,484.25,21-11-2015,L,S-DEC,Erick Montano
Henry Cejudo,566.21,21-11-2015,W,S-DEC,Jussier Formiga
Jussier Formiga,524.2,21-11-2015,L,S-DEC,Henry Cejudo
Ricardo Lamas,585.97,21-11-2015,W,U-DEC,Diego Sanchez
Diego Sanchez,557.93,21-11-2015,L,U-DEC,Ricardo Lamas
Neil Magny,613.92,21-11-2015,W,S-DEC,Kelvin Gastelum
Kelvin Gastelum,574.14,21-11-2015,L,S-DEC,Neil Magny
Dominique Steele,501.35,28-11-2015,W,KO/TKO,Dong Hyun Ma
Dong Hyun Ma,483.57,28-11-2015,L,KO/TKO,Dominique Steele
Marco Beltran,533.07,28-11-2015,W,S-DEC,Guangyou Ning
Guangyou Ning,515.68,28-11-2015,L,S-DEC,Marco Beltran
Fredy Serrano,531.5,28-11-2015,W,KO/TKO,Yao Zhikui
Yao Zhikui,484.25,28-11-2015,L,KO/TKO,Fredy Serrano
Seo Hee Ham,499.99,28-11-2015,W,U-DEC,Cortney Casey
Cortney Casey,468.31,28-11-2015,L,U-DEC,Seo Hee Ham
Tae Hyun Bang,496.88,28-11-2015,W,S-DEC,Leo Kuntz
Leo Kuntz,465.2,28-11-2015,L,S-DEC,Tae Hyun Bang
Mike de la Torre,489.63,28-11-2015,W,S-DEC,Yui Chul Nam
Yui Chul Nam,480.34,28-11-2015,L,S-DEC,Mike de la Torre
Dongi Yang,487.6,28-11-2015,W,KO/TKO,Jake Collier
Jake Collier,483.76,28-11-2015,L,KO/TKO,Dongi Yang
Dooho Choi,531.48,28-11-2015,W,KO/TKO,Sam Sicilia
Sam Sicilia,497.23,28-11-2015,L,KO/TKO,Dooho Choi
Alberto Mina,530.43,28-11-2015,W,S-DEC,Yoshihiro Akiyama
Yoshihiro Akiyama,462.64,28-11-2015,L,S-DEC,Alberto Mina
Dong Hyun Kim,634.17,28-11-2015,W,KO/TKO,Dominic Waters
Dominic Waters,474.55,28-11-2015,L,KO/TKO,Dong Hyun Kim
Benson Henderson,628.22,28-11-2015,W,S-DEC,Jorge Masvidal
Jorge Masvidal,549.26,28-11-2015,L,S-DEC,Benson Henderson
Kailin Curran,485.41,10-12-2015,W,SUB,Emily Kagan
Emily Kagan,464.15,10-12-2015,L,SUB,Kailin Curran
Zubaira Tukhugov,545.67,10-12-2015,W,S-DEC,Phillipe Nover
Phillipe Nover,457.95,10-12-2015,L,S-DEC,Zubaira Tukhugov
Danny Roberts,519.37,10-12-2015,W,SUB,Nathan Coy
Nathan Coy,480.63,10-12-2015,L,SUB,Danny Roberts
Santiago Ponzinibbio,515.59,10-12-2015,W,KO/TKO,Andreas Stahl
Andreas Stahl,469.24,10-12-2015,L,KO/TKO,Santiago Ponzinibbio
Aljamain Sterling,574.39,10-12-2015,W,SUB,Johnny Eduardo
Johnny Eduardo,496.24,10-12-2015,L,SUB,Aljamain Sterling
Antonio Carlos Junior,500.26,10-12-2015,L,CNC,Kevin Casey
Kevin Casey,504.52,10-12-2015,W,CNC,Antonio Carlos Junior
Sergio Moraes,558.27,10-12-2015,W,KO/TKO,Omari Akhmedov
Omari Akhmedov,512.3,10-12-2015,L,KO/TKO,Sergio Moraes
Tim Means,549.28,10-12-2015,W,KO/TKO,John Howard
John Howard,495.13,10-12-2015,L,KO/TKO,Tim Means
Thiago Santos,532.46,10-12-2015,W,U-DEC,Elias Theodorou
Elias Theodorou,528.42,10-12-2015,L,U-DEC,Thiago Santos
Sage Northcutt,534.53,10-12-2015,W,SUB,Cody Pfister
Cody Pfister,477.21,10-12-2015,L,SUB,Sage Northcutt
Michael Chiesa,572.87,10-12-2015,W,SUB,Jim Miller
Jim Miller,579.21,10-12-2015,L,SUB,Michael Chiesa
Rose Namajunas,523.66,10-12-2015,W,SUB,Paige VanZant
Paige VanZant,528.97,10-12-2015,L,SUB,Rose Namajunas
Chris Gruetzemacher,515.75,11-12-2015,W,U-DEC,Abner Lloveras
Abner Lloveras,484.25,11-12-2015,L,U-DEC,Chris Gruetzemacher
Geane Herrera,500.46,11-12-2015,W,KO/TKO,Joby Sanchez
Joby Sanchez,483.52,11-12-2015,L,KO/TKO,Geane Herrera
Ryan LaFlare,569.68,11-12-2015,W,U-DEC,Mike Pierce
Mike Pierce,560.73,11-12-2015,L,U-DEC,Ryan LaFlare
Gabriel Gonzaga,532.64,11-12-2015,W,U-DEC,Konstantin Erokhin
Konstantin Erokhin,469.37,11-12-2015,L,U-DEC,Gabriel Gonzaga
Julian Erosa,515.75,11-12-2015,W,S-DEC,Marcin Wrzosek
Marcin Wrzosek,484.25,11-12-2015,L,S-DEC,Julian Erosa
Tatsuya Kawajiri,537.36,11-12-2015,W,U-DEC,Jason Knight
Jason Knight,484.54,11-12-2015,L,U-DEC,Tatsuya Kawajiri
Evan Dunham,565.72,11-12-2015,W,U-DEC,Joe Lauzon
Joe Lauzon,550.93,11-12-2015,L,U-DEC,Evan Dunham
Tony Ferguson,657.79,11-12-2015,W,SUB,Edson Barboza
Edson Barboza,571.23,11-12-2015,L,SUB,Tony Ferguson
Ryan Hall,515.75,11-12-2015,W,U-DEC,Artem Lobov
Artem Lobov,484.25,11-12-2015,L,U-DEC,Ryan Hall
Frankie Edgar,659.25,11-12-2015,W,KO/TKO,Chad Mendes
Chad Mendes,561.31,11-12-2015,L,KO/TKO,Frankie Edgar
Court McGee,541.9,12-12-2015,W,U-DEC,Marcio Alexandre Junior
Marcio Alexandre Junior,452.7,12-12-2015,L,U-DEC,Court McGee
Yancy Medeiros,530.31,12-12-2015,W,S-DEC,John Makdessi
John Makdessi,510.52,12-12-2015,L,S-DEC,Yancy Medeiros
Magomed Mustafaev,533.06,12-12-2015,W,KO/TKO,Joe Proctor
Joe Proctor,508.32,12-12-2015,L,KO/TKO,Magomed Mustafaev
Leonardo Santos,570.66,12-12-2015,W,KO/TKO,Kevin Lee
Kevin Lee,535.44,12-12-2015,L,KO/TKO,Leonardo Santos
Warlley Alves,578.66,12-12-2015,W,SUB,Colby Covington
Colby Covington,530.72,12-12-2015,L,SUB,Warlley Alves
Tecia Pennington,547.9,12-12-2015,W,U-DEC,Jocelyn Jones-Lybarger
Jocelyn Jones-Lybarger,484.35,12-12-2015,L,U-DEC,Tecia Pennington
Urijah Faber,594.44,12-12-2015,W,U-DEC,Frankie Saenz
Frankie Saenz,535.62,12-12-2015,L,U-DEC,Urijah Faber
Max Holloway,639.55,12-12-2015,W,U-DEC,Jeremy Stephens
Jeremy Stephens,512.28,12-12-2015,L,U-DEC,Max Holloway
Demian Maia,651.5,12-12-2015,W,U-DEC,Gunnar Nelson
Gunnar Nelson,558.8,12-12-2015,L,U-DEC,Demian Maia
Yoel Romero,628.92,12-12-2015,W,S-DEC,Jacare Souza
Jacare Souza,580.64,12-12-2015,L,S-DEC,Yoel Romero
Luke Rockhold,604.68,12-12-2015,W,KO/TKO,Chris Weidman
Chris Weidman,664.03,12-12-2015,L,KO/TKO,Luke Rockhold
Conor McGregor,631.14,12-12-2015,W,KO/TKO,Jose Aldo
Jose Aldo,610.46,12-12-2015,L,KO/TKO,Conor McGregor
Francis Ngannou,515.75,19-12-2015,W,KO/TKO,Luis Henrique
Luis Henrique,484.25,19-12-2015,L,KO/TKO,Francis Ngannou
Vicente Luque,503.44,19-12-2015,W,SUB,Hayder Hassan
Hayder Hassan,461.75,19-12-2015,L,SUB,Vicente Luque
Kamaru Usman,535.48,19-12-2015,W,U-DEC,Leon Edwards
Leon Edwards,501.01,19-12-2015,L,U-DEC,Kamaru Usman
Cole Miller,523.03,19-12-2015,L,CNC,Jim Alers
Jim Alers,515.47,19-12-2015,W,CNC,Cole Miller
Nik Lentz,565.06,19-12-2015,W,S-DEC,Danny Castillo
Danny Castillo,495.21,19-12-2015,L,S-DEC,Nik Lentz
Tamdan McCrory,517.52,19-12-2015,W,SUB,Josh Samman
Josh Samman,532.82,19-12-2015,L,SUB,Tamdan McCrory
Valentina Shevchenko,515.02,19-12-2015,W,S-DEC,Sarah Kaufman
Sarah Kaufman,468.92,19-12-2015,L,S-DEC,Valentina Shevchenko
Nate Marquardt,556.03,19-12-2015,W,KO/TKO,CB Dollaway
CB Dollaway,518.03,19-12-2015,L,KO/TKO,Nate Marquardt
Charles Oliveira,595.9,19-12-2015,W,SUB,Myles Jury
Myles Jury,566.34,19-12-2015,L,SUB,Charles Oliveira
Karolina Kowalkiewicz,515.82,19-12-2015,W,U-DEC,Randa Markos
Randa Markos,485.77,19-12-2015,L,U-DEC,Karolina Kowalkiewicz
Nate Diaz,583.1,19-12-2015,W,U-DEC,Michael Johnson
Michael Johnson,541.47,19-12-2015,L,U-DEC,Nate Diaz
Alistair Overeem,549.95,19-12-2015,W,KO/TKO,Junior Dos Santos
Junior Dos Santos,623.64,19-12-2015,L,KO/TKO,Alistair Overeem
Rafael Dos Anjos,665.07,19-12-2015,W,KO/TKO,Donald Cerrone
Donald Cerrone,672.54,19-12-2015,L,KO/TKO,Rafael Dos Anjos
Sheldon Westcott,483.21,02-01-2016,W,KO/TKO,Edgar Garcia
Edgar Garcia,432.53,02-01-2016,L,KO/TKO,Sheldon Westcott
Michinori Tanaka,514.5,02-01-2016,W,S-DEC,Joe Soto
Joe Soto,455.78,02-01-2016,L,S-DEC,Michinori Tanaka
Dustin Poirier,613.5,02-01-2016,W,U-DEC,Joe Duffy
Joe Duffy,520.32,02-01-2016,L,U-DEC,Dustin Poirier
Drew Dober,498.84,02-01-2016,W,U-DEC,Scott Holtzman
Scott Holtzman,500.49,02-01-2016,L,U-DEC,Drew Dober
Justine Kish,515.0,02-01-2016,W,U-DEC,Nina Nunes
Nina Nunes,468.54,02-01-2016,L,U-DEC,Justine Kish
Alex Morono,517.66,02-01-2016,W,S-DEC,Kyle Noke
Kyle Noke,524.67,02-01-2016,L,S-DEC,Alex Morono
Michael McDonald,555.34,02-01-2016,W,SUB,Masanori Kanehara
Masanori Kanehara,483.44,02-01-2016,L,SUB,Michael McDonald
Abel Trujillo,560.05,02-01-2016,W,SUB,Tony Sims
Tony Sims,481.08,02-01-2016,L,SUB,Abel Trujillo
Brian Ortega,553.31,02-01-2016,W,SUB,Diego Brandao
Diego Brandao,529.97,02-01-2016,L,SUB,Brian Ortega
Albert Tumenov,568.73,02-01-2016,W,S-DEC,Lorenz Larkin
Lorenz Larkin,481.34,02-01-2016,L,S-DEC,Albert Tumenov
Stipe Miocic,602.85,02-01-2016,W,KO/TKO,Andrei Arlovski
Andrei Arlovski,641.8,02-01-2016,L,KO/TKO,Stipe Miocic
Robbie Lawler,637.25,02-01-2016,W,S-DEC,Carlos Condit
Carlos Condit,551.54,02-01-2016,L,S-DEC,Robbie Lawler
Francimar Barroso,530.06,17-01-2016,W,U-DEC,Elvis Mutapcic
Elvis Mutapcic,484.18,17-01-2016,L,U-DEC,Francimar Barroso
Rob Font,531.13,17-01-2016,W,KO/TKO,Joey Gomez
Joey Gomez,484.23,17-01-2016,L,KO/TKO,Rob Font
Charles Rosa,504.28,17-01-2016,W,U-DEC,Kyle Bochniak
Kyle Bochniak,483.71,17-01-2016,L,U-DEC,Charles Rosa
Ilir Latifi,535.73,17-01-2016,W,KO/TKO,Sean O'Connell
Sean O'Connell,487.24,17-01-2016,L,KO/TKO,Ilir Latifi
Paul Felder,523.69,17-01-2016,W,SUB,Daron Cruickshank
Daron Cruickshank,489.62,17-01-2016,L,SUB,Paul Felder
Luke Sanders,520.49,17-01-2016,W,SUB,Maximo Blanco
Maximo Blanco,499.63,17-01-2016,L,SUB,Luke Sanders
Chris Wade,570.76,17-01-2016,W,SUB,Mehdi Baghdad
Mehdi Baghdad,481.14,17-01-2016,L,SUB,Chris Wade
Ed Herman,568.72,17-01-2016,W,KO/TKO,Tim Boetsch
Tim Boetsch,494.83,17-01-2016,L,KO/TKO,Ed Herman
Patrick Cote,541.93,17-01-2016,W,KO/TKO,Ben Saunders
Ben Saunders,553.41,17-01-2016,L,KO/TKO,Patrick Cote
Francisco Trinaldo,597.2,17-01-2016,W,U-DEC,Ross Pearson
Ross Pearson,523.03,17-01-2016,L,U-DEC,Francisco Trinaldo
Travis Browne,589.86,17-01-2016,W,KO/TKO,Matt Mitrione
Matt Mitrione,542.0,17-01-2016,L,KO/TKO,Travis Browne
Eddie Alvarez,523.74,17-01-2016,W,S-DEC,Anthony Pettis
Anthony Pettis,554.49,17-01-2016,L,S-DEC,Eddie Alvarez
Dominick Cruz,573.95,17-01-2016,W,S-DEC,TJ Dillashaw
TJ Dillashaw,583.83,17-01-2016,L,S-DEC,Dominick Cruz
Anthony Rocco Martin,488.47,30-01-2016,W,SUB,Felipe Olivieri
Felipe Olivieri,479.54,30-01-2016,L,SUB,Anthony Rocco Martin
Damon Jackson,497.51,30-01-2016,L,M-DEC,Levan Makashvili
Levan Makashvili,498.78,30-01-2016,W,M-DEC,Damon Jackson
Randy Brown,515.0,30-01-2016,W,U-DEC,Matt Dwyer
Matt Dwyer,468.44,30-01-2016,L,U-DEC,Randy Brown
Alex Caceres,494.96,30-01-2016,W,U-DEC,Masio Fullen
Masio Fullen,478.81,30-01-2016,L,U-DEC,Alex Caceres
Alexander Yakovlev,511.84,30-01-2016,W,KO/TKO,George Sullivan
George Sullivan,508.71,30-01-2016,L,KO/TKO,Alexander Yakovlev
Wilson Reis,532.54,30-01-2016,W,U-DEC,Dustin Ortiz
Dustin Ortiz,516.04,30-01-2016,L,U-DEC,Wilson Reis
Rafael Natal,579.4,30-01-2016,W,KO/TKO,Kevin Casey
Kevin Casey,489.6,30-01-2016,L,KO/TKO,Rafael Natal
Diego Ferreira,522.11,30-01-2016,W,U-DEC,Olivier Aubin-Mercier
Olivier Aubin-Mercier,522.29,30-01-2016,L,U-DEC,Diego Ferreira
Tarec Saffiedine,521.84,30-01-2016,W,U-DEC,Jake Ellenberger
Jake Ellenberger,526.83,30-01-2016,L,U-DEC,Tarec Saffiedine
Bryan Barberena,520.91,30-01-2016,W,SUB,Sage Northcutt
Sage Northcutt,513.58,30-01-2016,L,SUB,Bryan Barberena
Jimmie Rivera,549.16,30-01-2016,W,U-DEC,Iuri Alcantara
Iuri Alcantara,526.41,30-01-2016,L,U-DEC,Jimmie Rivera
Ben Rothwell,566.95,30-01-2016,W,SUB,Josh Barnett
Josh Barnett,549.6,30-01-2016,L,SUB,Ben Rothwell
Anthony Johnson,605.67,30-01-2016,W,KO/TKO,Ryan Bader
Ryan Bader,620.41,30-01-2016,L,KO/TKO,Anthony Johnson
Alex White,497.07,06-02-2016,W,U-DEC,Artem Lobov
Artem Lobov,468.36,06-02-2016,L,U-DEC,Alex White
Mickey Gall,519.37,06-02-2016,W,SUB,Mike Jackson
Mike Jackson,480.63,06-02-2016,L,SUB,Mickey Gall
Diego Rivas,532.32,06-02-2016,W,KO/TKO,Noad Lahat
Noad Lahat,500.65,06-02-2016,L,KO/TKO,Diego Rivas
Justin Scoggins,526.63,06-02-2016,W,U-DEC,Ray Borg
Ray Borg,522.78,06-02-2016,L,U-DEC,Justin Scoggins
Derrick Lewis,542.87,06-02-2016,W,KO/TKO,Damian Grabowski
Damian Grabowski,484.81,06-02-2016,L,KO/TKO,Derrick Lewis
Joshua Burkman,495.89,06-02-2016,W,U-DEC,KJ Noons
KJ Noons,472.35,06-02-2016,L,U-DEC,Joshua Burkman
Mike Pyle,554.61,06-02-2016,W,KO/TKO,Sean Spencer
Sean Spencer,482.75,06-02-2016,L,KO/TKO,Mike Pyle
Misha Cirkunov,534.81,06-02-2016,W,SUB,Alex Nicholson
Alex Nicholson,480.94,06-02-2016,L,SUB,Misha Cirkunov
Joseph Benavidez,630.05,06-02-2016,W,U-DEC,Zach Makovsky
Zach Makovsky,499.82,06-02-2016,L,U-DEC,Joseph Benavidez
Ovince Saint Preux,572.05,06-02-2016,W,U-DEC,Rafael Cavalcante
Rafael Cavalcante,461.31,06-02-2016,L,U-DEC,Ovince Saint Preux
Roy Nelson,511.28,06-02-2016,W,U-DEC,Jared Rosholt
Jared Rosholt,558.65,06-02-2016,L,U-DEC,Roy Nelson
Stephen Thompson,604.79,06-02-2016,W,KO/TKO,Johny Hendricks
Johny Hendricks,619.39,06-02-2016,L,KO/TKO,Stephen Thompson
Shamil Abdurakhimov,500.6,21-02-2016,W,U-DEC,Anthony Hamilton
Anthony Hamilton,481.2,21-02-2016,L,U-DEC,Shamil Abdurakhimov
Lauren Murphy,484.83,21-02-2016,W,KO/TKO,Kelly Faszholz
Kelly Faszholz,482.79,21-02-2016,L,KO/TKO,Lauren Murphy
Ashlee Evans-Smith,498.03,21-02-2016,W,S-DEC,Marion Reneau
Marion Reneau,501.66,21-02-2016,L,S-DEC,Ashlee Evans-Smith
Nathan Coy,496.57,21-02-2016,W,U-DEC,Jonavin Webb
Jonavin Webb,468.86,21-02-2016,L,U-DEC,Nathan Coy
Anthony Smith,497.26,21-02-2016,W,U-DEC,Leonardo Guimaraes
Leonardo Guimaraes,483.37,21-02-2016,L,U-DEC,Anthony Smith
Oluwale Bamgbose,500.39,21-02-2016,W,KO/TKO,Daniel Sarafian
Daniel Sarafian,471.69,21-02-2016,L,KO/TKO,Oluwale Bamgbose
Sean Strickland,551.29,21-02-2016,W,KO/TKO,Alex Garcia
Alex Garcia,516.01,21-02-2016,L,KO/TKO,Sean Strickland
James Krause,524.59,21-02-2016,W,U-DEC,Shane Campbell
Shane Campbell,487.03,21-02-2016,L,U-DEC,James Krause
Chris Camozzi,504.08,21-02-2016,W,KO/TKO,Joe Riggs
Joe Riggs,465.95,21-02-2016,L,KO/TKO,Chris Camozzi
Dennis Bermudez,581.44,21-02-2016,W,U-DEC,Tatsuya Kawajiri
Tatsuya Kawajiri,522.95,21-02-2016,L,U-DEC,Dennis Bermudez
Cody Garbrandt,549.18,21-02-2016,W,KO/TKO,Augusto Mendes
Augusto Mendes,484.41,21-02-2016,L,KO/TKO,Cody Garbrandt
Derek Brunson,582.88,21-02-2016,W,KO/TKO,Roan Carneiro
Roan Carneiro,485.92,21-02-2016,L,KO/TKO,Derek Brunson
Donald Cerrone,684.61,21-02-2016,W,SUB,Alex Oliveira
Alex Oliveira,522.71,21-02-2016,L,SUB,Donald Cerrone
David Teymur,515.75,27-02-2016,W,KO/TKO,Martin Svensson
Martin Svensson,484.25,27-02-2016,L,KO/TKO,David Teymur
Teemu Packalen,503.81,27-02-2016,W,SUB,Thibault Gouti
Thibault Gouti,479.71,27-02-2016,L,SUB,Teemu Packalen
Daniel Omielanczuk,515.74,27-02-2016,W,M-DEC,Jarjis Danho
Jarjis Danho,483.46,27-02-2016,L,M-DEC,Daniel Omielanczuk
Rustam Khabilov,533.61,27-02-2016,W,U-DEC,Norman Parke
Norman Parke,526.9,27-02-2016,L,U-DEC,Rustam Khabilov
Krzysztof Jotko,542.52,27-02-2016,W,U-DEC,Brad Scott
Brad Scott,490.72,27-02-2016,L,U-DEC,Krzysztof Jotko
Arnold Allen,533.5,27-02-2016,W,U-DEC,Yaotzin Meza
Yaotzin Meza,483.57,27-02-2016,L,U-DEC,Arnold Allen
Scott Askham,499.28,27-02-2016,W,KO/TKO,Chris Dempsey
Chris Dempsey,468.63,27-02-2016,L,KO/TKO,Scott Askham
Davey Grant,497.65,27-02-2016,W,U-DEC,Marlon Vera
Marlon Vera,485.49,27-02-2016,L,U-DEC,Davey Grant
Makwan Amirkhani,550.18,27-02-2016,W,U-DEC,Mike Wilkinson
Mike Wilkinson,496.23,27-02-2016,L,U-DEC,Makwan Amirkhani
Brad Pickett,483.6,27-02-2016,W,S-DEC,Francisco Rivera
Francisco Rivera,488.36,27-02-2016,L,S-DEC,Brad Pickett
Tom Breese,547.59,27-02-2016,W,U-DEC,Keita Nakamura
Keita Nakamura,462.69,27-02-2016,L,U-DEC,Tom Breese
Gegard Mousasi,544.06,27-02-2016,W,U-DEC,Thales Leites
Thales Leites,584.42,27-02-2016,L,U-DEC,Gegard Mousasi
Michael Bisping,627.04,27-02-2016,W,U-DEC,Anderson Silva
Anderson Silva,664.76,27-02-2016,L,U-DEC,Michael Bisping
Teruto Ishihara,515.2,05-03-2016,W,KO/TKO,Julian Erosa
Julian Erosa,499.23,05-03-2016,L,KO/TKO,Teruto Ishihara
Jason Saggo,514.82,05-03-2016,W,KO/TKO,Justin Salas
Justin Salas,478.84,05-03-2016,L,KO/TKO,Jason Saggo
Diego Sanchez,574.64,05-03-2016,W,U-DEC,Jim Miller
Jim Miller,562.5,05-03-2016,L,U-DEC,Diego Sanchez
Darren Elkins,579.35,05-03-2016,W,U-DEC,Chas Skelly
Chas Skelly,543.05,05-03-2016,L,U-DEC,Darren Elkins
Vitor Miranda,536.33,05-03-2016,W,KO/TKO,Marcelo Guimaraes
Marcelo Guimaraes,496.75,05-03-2016,L,KO/TKO,Vitor Miranda
Nordine Taleb,542.57,05-03-2016,W,KO/TKO,Erick Silva
Erick Silva,521.23,05-03-2016,L,KO/TKO,Nordine Taleb
Siyar Bahadurzada,507.99,05-03-2016,W,SUB,Brandon Thatch
Brandon Thatch,481.08,05-03-2016,L,SUB,Siyar Bahadurzada
Amanda Nunes,562.84,05-03-2016,W,U-DEC,Valentina Shevchenko
Valentina Shevchenko,499.36,05-03-2016,L,U-DEC,Amanda Nunes
Corey Anderson,560.47,05-03-2016,W,U-DEC,Tom Lawlor
Tom Lawlor,511.33,05-03-2016,L,U-DEC,Corey Anderson
Ilir Latifi,552.01,05-03-2016,W,U-DEC,Gian Villante
Gian Villante,499.85,05-03-2016,L,U-DEC,Ilir Latifi
Miesha Tate,559.24,05-03-2016,W,SUB,Holly Holm
Holly Holm,531.78,05-03-2016,L,SUB,Miesha Tate
Nate Diaz,605.81,05-03-2016,W,SUB,Conor McGregor
Conor McGregor,608.43,05-03-2016,L,SUB,Nate Diaz
Alan Patrick,531.14,19-03-2016,W,U-DEC,Damien Brown
Damien Brown,484.98,19-03-2016,L,U-DEC,Alan Patrick
Ross Pearson,539.13,19-03-2016,W,S-DEC,Chad Laprise
Chad Laprise,514.74,19-03-2016,L,S-DEC,Ross Pearson
Viscardi Andrade,529.59,19-03-2016,W,U-DEC,Richard Walsh
Richard Walsh,483.42,19-03-2016,L,U-DEC,Viscardi Andrade
Leslie Smith,499.89,19-03-2016,W,U-DEC,Rin Nakai
Rin Nakai,467.01,19-03-2016,L,U-DEC,Leslie Smith
Dan Hooker,515.34,19-03-2016,W,SUB,Mark Eddiva
Mark Eddiva,464.93,19-03-2016,L,SUB,Dan Hooker
Alan Jouban,529.13,19-03-2016,W,KO/TKO,Brendan O'Reilly
Brendan O'Reilly,484.86,19-03-2016,L,KO/TKO,Alan Jouban
Bec Rawlings,519.78,19-03-2016,W,U-DEC,Seo Hee Ham
Seo Hee Ham,483.65,19-03-2016,L,U-DEC,Bec Rawlings
Steve Bosse,499.91,19-03-2016,W,KO/TKO,James Te Huna
James Te Huna,484.73,19-03-2016,L,KO/TKO,Steve Bosse
Daniel Kelly,546.88,19-03-2016,W,KO/TKO,Antonio Carlos Junior
Antonio Carlos Junior,485.26,19-03-2016,L,KO/TKO,Daniel Kelly
Jake Matthews,551.96,19-03-2016,W,SUB,Johnny Case
Johnny Case,544.65,19-03-2016,L,SUB,Jake Matthews
Neil Magny,626.29,19-03-2016,W,KO/TKO,Hector Lombard
Hector Lombard,500.43,19-03-2016,L,KO/TKO,Neil Magny
Mark Hunt,557.89,19-03-2016,W,KO/TKO,Frank Mir
Frank Mir,542.02,19-03-2016,L,KO/TKO,Mark Hunt
Bojan Velickovic,515.75,10-04-2016,W,U-DEC,Alessio Di Chirico
Alessio Di Chirico,484.25,10-04-2016,L,U-DEC,Bojan Velickovic
Jared Cannonier,500.87,10-04-2016,W,KO/TKO,Cyril Asker
Cyril Asker,483.54,10-04-2016,L,KO/TKO,Jared Cannonier
Lucas Martins,522.53,10-04-2016,W,S-DEC,Robert Whiteford
Robert Whiteford,484.75,10-04-2016,L,S-DEC,Lucas Martins
Damian Stasiak,504.54,10-04-2016,W,SUB,Filip Pejic
Filip Pejic,479.75,10-04-2016,L,SUB,Damian Stasiak
Mairbek Taisumov,563.15,10-04-2016,W,KO/TKO,Damir Hadzovic
Damir Hadzovic,484.45,10-04-2016,L,KO/TKO,Mairbek Taisumov
Alejandro Perez,524.51,10-04-2016,W,KO/TKO,Ian Entwistle
Ian Entwistle,488.18,10-04-2016,L,KO/TKO,Alejandro Perez
Zak Cummings,545.79,10-04-2016,W,U-DEC,Nicolas Dalby
Nicolas Dalby,499.9,10-04-2016,L,U-DEC,Zak Cummings
Maryna Moroz,519.11,10-04-2016,W,U-DEC,Cristina Stanciu
Cristina Stanciu,484.41,10-04-2016,L,U-DEC,Maryna Moroz
Jan Blachowicz,500.43,10-04-2016,W,U-DEC,Igor Pokrajac
Igor Pokrajac,430.3,10-04-2016,L,U-DEC,Jan Blachowicz
Timothy Johnson,516.37,10-04-2016,W,U-DEC,Marcin Tybura
Marcin Tybura,484.28,10-04-2016,L,U-DEC,Timothy Johnson
Francis Ngannou,531.5,10-04-2016,W,KO/TKO,Curtis Blaydes
Curtis Blaydes,484.25,10-04-2016,L,KO/TKO,Francis Ngannou
Derrick Lewis,559.61,10-04-2016,W,KO/TKO,Gabriel Gonzaga
Gabriel Gonzaga,515.9,10-04-2016,L,KO/TKO,Derrick Lewis
Junior Dos Santos,636.84,10-04-2016,W,U-DEC,Ben Rothwell
Ben Rothwell,553.75,10-04-2016,L,U-DEC,Junior Dos Santos
Elizeu Zaleski dos Santos,501.27,16-04-2016,W,KO/TKO,Omari Akhmedov
Omari Akhmedov,495.28,16-04-2016,L,KO/TKO,Elizeu Zaleski dos Santos
Cezar Ferreira,530.15,16-04-2016,W,U-DEC,Oluwale Bamgbose
Oluwale Bamgbose,485.31,16-04-2016,L,U-DEC,Cezar Ferreira
John Dodson,573.76,16-04-2016,W,KO/TKO,Manvel Gamburyan
Manvel Gamburyan,517.26,16-04-2016,L,KO/TKO,John Dodson
Michael Graves,535.67,16-04-2016,W,SUB,Randy Brown
Randy Brown,495.08,16-04-2016,L,SUB,Michael Graves
Santiago Ponzinibbio,533.34,16-04-2016,W,KO/TKO,Court McGee
Court McGee,524.15,16-04-2016,L,KO/TKO,Santiago Ponzinibbio
Raquel Pennington,538.92,16-04-2016,W,S-DEC,Bethe Correia
Bethe Correia,513.34,16-04-2016,L,S-DEC,Raquel Pennington
Michael Chiesa,595.28,16-04-2016,W,SUB,Beneil Dariush
Beneil Dariush,576.06,16-04-2016,L,SUB,Michael Chiesa
Cub Swanson,564.55,16-04-2016,W,U-DEC,Hacran Dias
Hacran Dias,510.04,16-04-2016,L,U-DEC,Cub Swanson
Khabib Nurmagomedov,620.83,16-04-2016,W,KO/TKO,Darrell Horcher
Darrell Horcher,485.78,16-04-2016,L,KO/TKO,Khabib Nurmagomedov
Rose Namajunas,542.11,16-04-2016,W,U-DEC,Tecia Pennington
Tecia Pennington,529.45,16-04-2016,L,U-DEC,Rose Namajunas
Glover Teixeira,617.65,16-04-2016,W,KO/TKO,Rashad Evans
Rashad Evans,617.69,16-04-2016,L,KO/TKO,Glover Teixeira
Kevin Lee,548.73,23-04-2016,W,U-DEC,Efrain Escudero
Efrain Escudero,467.54,23-04-2016,L,U-DEC,Kevin Lee
Marcos Rogerio de Lima,528.05,23-04-2016,W,SUB,Clint Hester
Clint Hester,507.04,23-04-2016,L,SUB,Marcos Rogerio de Lima
Walt Harris,472.62,23-04-2016,W,KO/TKO,Cody East
Cody East,482.21,23-04-2016,L,KO/TKO,Walt Harris
James Vick,589.07,23-04-2016,W,U-DEC,Glaico Franca Moreira
Glaico Franca Moreira,502.91,23-04-2016,L,U-DEC,James Vick
Carla Esparza,518.59,23-04-2016,W,U-DEC,Juliana Lima
Juliana Lima,500.75,23-04-2016,L,U-DEC,Carla Esparza
Danny Roberts,535.01,23-04-2016,W,U-DEC,Dominique Steele
Dominique Steele,485.71,23-04-2016,L,U-DEC,Danny Roberts
Sergio Pettis,539.5,23-04-2016,W,U-DEC,Chris Kelades
Chris Kelades,496.85,23-04-2016,L,U-DEC,Sergio Pettis
Yair Rodriguez,563.92,23-04-2016,W,KO/TKO,Andre Fili
Andre Fili,491.49,23-04-2016,L,KO/TKO,Yair Rodriguez
Robert Whittaker,588.69,23-04-2016,W,U-DEC,Rafael Natal
Rafael Natal,560.11,23-04-2016,L,U-DEC,Robert Whittaker
Edson Barboza,586.22,23-04-2016,W,U-DEC,Anthony Pettis
Anthony Pettis,539.5,23-04-2016,L,U-DEC,Edson Barboza
Demetrious Johnson,689.87,23-04-2016,W,KO/TKO,Henry Cejudo
Henry Cejudo,550.48,23-04-2016,L,KO/TKO,Demetrious Johnson
Jon Jones,759.9,23-04-2016,W,U-DEC,Ovince Saint Preux
Ovince Saint Preux,560.06,23-04-2016,L,U-DEC,Jon Jones
Yuta Sasaki,501.75,08-05-2016,W,SUB,Willie Gates
Willie Gates,463.71,08-05-2016,L,SUB,Yuta Sasaki
Leon Edwards,515.56,08-05-2016,W,U-DEC,Dominic Waters
Dominic Waters,460.0,08-05-2016,L,U-DEC,Leon Edwards
Kyoji Horiguchi,568.6,08-05-2016,W,U-DEC,Neil Seery
Neil Seery,503.99,08-05-2016,L,U-DEC,Kyoji Horiguchi
Reza Madadi,521.35,08-05-2016,W,KO/TKO,Yan Cabral
Yan Cabral,483.36,08-05-2016,L,KO/TKO,Reza Madadi
Josh Emmett,516.51,08-05-2016,W,S-DEC,Jon Tuck
Jon Tuck,500.31,08-05-2016,L,S-DEC,Josh Emmett
Magnus Cedenblad,552.97,08-05-2016,W,KO/TKO,Garreth McLellan
Garreth McLellan,485.19,08-05-2016,L,KO/TKO,Magnus Cedenblad
Rustam Khabilov,551.87,08-05-2016,W,U-DEC,Chris Wade
Chris Wade,552.5,08-05-2016,L,U-DEC,Rustam Khabilov
Karolina Kowalkiewicz,532.32,08-05-2016,W,U-DEC,Heather Clark
Heather Clark,499.25,08-05-2016,L,U-DEC,Karolina Kowalkiewicz
Nikita Krylov,560.51,08-05-2016,W,SUB,Francimar Barroso
Francimar Barroso,508.86,08-05-2016,L,SUB,Nikita Krylov
Germaine de Randamie,529.92,08-05-2016,W,KO/TKO,Anna Elmose
Anna Elmose,484.17,08-05-2016,L,KO/TKO,Germaine de Randamie
Gunnar Nelson,578.4,08-05-2016,W,SUB,Albert Tumenov
Albert Tumenov,549.13,08-05-2016,L,SUB,Gunnar Nelson
Stefan Struve,569.08,08-05-2016,W,KO/TKO,Antonio Silva
Antonio Silva,476.97,08-05-2016,L,KO/TKO,Stefan Struve
Alistair Overeem,572.6,08-05-2016,W,KO/TKO,Andrei Arlovski
Andrei Arlovski,619.15,08-05-2016,L,KO/TKO,Alistair Overeem
Renato Moicano,535.64,14-05-2016,W,S-DEC,Zubaira Tukhugov
Zubaira Tukhugov,527.85,14-05-2016,L,S-DEC,Renato Moicano
Sergio Moraes,555.78,14-05-2016,L,S-DEC,Luan Chagas
Luan Chagas,502.49,14-05-2016,W,S-DEC,Sergio Moraes
Rogerio Nogueira,525.97,14-05-2016,W,KO/TKO,Patrick Cummins
Patrick Cummins,503.39,14-05-2016,L,KO/TKO,Rogerio Nogueira
John Lineker,591.36,14-05-2016,W,U-DEC,Rob Font
Rob Font,515.42,14-05-2016,L,U-DEC,John Lineker
Francisco Trinaldo,612.99,14-05-2016,W,U-DEC,Yancy Medeiros
Yancy Medeiros,514.52,14-05-2016,L,U-DEC,Francisco Trinaldo
Thiago Santos,551.68,14-05-2016,W,KO/TKO,Nate Marquardt
Nate Marquardt,536.81,14-05-2016,L,KO/TKO,Thiago Santos
Demian Maia,670.06,14-05-2016,W,SUB,Matt Brown
Matt Brown,573.94,14-05-2016,L,SUB,Demian Maia
Bryan Barberena,540.13,14-05-2016,W,U-DEC,Warlley Alves
Warlley Alves,559.44,14-05-2016,L,U-DEC,Bryan Barberena
Mauricio Rua,525.04,14-05-2016,W,S-DEC,Corey Anderson
Corey Anderson,541.4,14-05-2016,L,S-DEC,Mauricio Rua
Cristiane Justino,515.75,14-05-2016,W,KO/TKO,Leslie Smith
Leslie Smith,484.14,14-05-2016,L,KO/TKO,Cristiane Justino
Jacare Souza,597.61,14-05-2016,W,KO/TKO,Vitor Belfort
Vitor Belfort,590.6,14-05-2016,L,KO/TKO,Jacare Souza
Stipe Miocic,621.32,14-05-2016,W,KO/TKO,Fabricio Werdum
Fabricio Werdum,608.92,14-05-2016,L,KO/TKO,Stipe Miocic
Adam Milstead,515.0,29-05-2016,W,KO/TKO,Chris de la Rocha
Chris de la Rocha,468.47,29-05-2016,L,KO/TKO,Adam Milstead
Bryan Caraway,572.13,29-05-2016,W,S-DEC,Aljamain Sterling
Aljamain Sterling,556.96,29-05-2016,L,S-DEC,Bryan Caraway
Erik Koch,517.13,29-05-2016,W,SUB,Shane Campbell
Shane Campbell,468.61,29-05-2016,L,SUB,Erik Koch
Jake Collier,500.25,29-05-2016,W,KO/TKO,Alberto Uda
Alberto Uda,483.51,29-05-2016,L,KO/TKO,Jake Collier
Abel Trujillo,574.35,29-05-2016,W,U-DEC,Jordan Rinaldi
Jordan Rinaldi,485.7,29-05-2016,L,U-DEC,Abel Trujillo
Sara McMann,494.72,29-05-2016,W,U-DEC,Jessica Eye
Jessica Eye,465.24,29-05-2016,L,U-DEC,Sara McMann
Paul Felder,538.87,29-05-2016,W,U-DEC,Joshua Burkman
Joshua Burkman,480.71,29-05-2016,L,U-DEC,Paul Felder
Lorenz Larkin,500.13,29-05-2016,W,S-DEC,Jorge Masvidal
Jorge Masvidal,530.47,29-05-2016,L,S-DEC,Lorenz Larkin
Chris Camozzi,522.93,29-05-2016,W,U-DEC,Vitor Miranda
Vitor Miranda,517.48,29-05-2016,L,U-DEC,Chris Camozzi
Rick Story,593.89,29-05-2016,W,U-DEC,Tarec Saffiedine
Tarec Saffiedine,507.43,29-05-2016,L,U-DEC,Rick Story
Jeremy Stephens,531.94,29-05-2016,W,U-DEC,Renan Barao
Renan Barao,580.74,29-05-2016,L,U-DEC,Jeremy Stephens
Cody Garbrandt,567.85,29-05-2016,W,KO/TKO,Thomas Almeida
Thomas Almeida,543.45,29-05-2016,L,KO/TKO,Cody Garbrandt
Marco Polo Reyes,530.73,04-06-2016,W,KO/TKO,Dong Hyun Ma
Dong Hyun Ma,468.59,04-06-2016,L,KO/TKO,Marco Polo Reyes
Kevin Casey,489.37,04-06-2016,L,S-DEC,Elvis Mutapcic
Elvis Mutapcic,484.41,04-06-2016,W,S-DEC,Kevin Casey
Henrique da Silva,516.46,04-06-2016,W,KO/TKO,Jonathan Wilson
Jonathan Wilson,499.3,04-06-2016,L,KO/TKO,Henrique da Silva
Sean Strickland,568.36,04-06-2016,W,S-DEC,Tom Breese
Tom Breese,530.52,04-06-2016,L,S-DEC,Sean Strickland
Alex Caceres,512.79,04-06-2016,W,U-DEC,Cole Miller
Cole Miller,505.2,04-06-2016,L,U-DEC,Alex Caceres
Jessica Andrade,525.47,04-06-2016,W,KO/TKO,Jessica Penne
Jessica Penne,484.2,04-06-2016,L,KO/TKO,Jessica Andrade
Beneil Dariush,592.4,04-06-2016,W,KO/TKO,James Vick
James Vick,572.73,04-06-2016,L,KO/TKO,Beneil Dariush
Brian Ortega,569.57,04-06-2016,W,KO/TKO,Clay Guida
Clay Guida,517.11,04-06-2016,L,KO/TKO,Brian Ortega
Dustin Poirier,628.4,04-06-2016,W,KO/TKO,King Green
King Green,538.25,04-06-2016,L,KO/TKO,Dustin Poirier
Dan Henderson,527.96,04-06-2016,W,KO/TKO,Hector Lombard
Hector Lombard,485.24,04-06-2016,L,KO/TKO,Dan Henderson
Max Holloway,657.97,04-06-2016,W,U-DEC,Ricardo Lamas
Ricardo Lamas,567.55,04-06-2016,L,U-DEC,Max Holloway
Dominick Cruz,593.8,04-06-2016,W,U-DEC,Urijah Faber
Urijah Faber,574.59,04-06-2016,L,U-DEC,Dominick Cruz
Michael Bisping,643.88,04-06-2016,W,KO/TKO,Luke Rockhold
Luke Rockhold,587.84,04-06-2016,L,KO/TKO,Michael Bisping
Ali Bagautinov,533.92,18-06-2016,W,U-DEC,Geane Herrera
Geane Herrera,485.55,18-06-2016,L,U-DEC,Ali Bagautinov
Colby Covington,547.81,18-06-2016,W,SUB,Jonathan Meunier
Jonathan Meunier,482.91,18-06-2016,L,SUB,Colby Covington
Randa Markos,501.46,18-06-2016,W,U-DEC,Jocelyn Jones-Lybarger
Jocelyn Jones-Lybarger,468.66,18-06-2016,L,U-DEC,Randa Markos
Elias Theodorou,543.81,18-06-2016,W,U-DEC,Sam Alvey
Sam Alvey,505.11,18-06-2016,L,U-DEC,Elias Theodorou
Joe Soto,476.73,18-06-2016,W,SUB,Chris Beal
Chris Beal,475.99,18-06-2016,L,SUB,Joe Soto
Krzysztof Jotko,559.23,18-06-2016,W,KO/TKO,Tamdan McCrory
Tamdan McCrory,500.81,18-06-2016,L,KO/TKO,Krzysztof Jotko
Misha Cirkunov,553.29,18-06-2016,W,SUB,Ion Cutelaba
Ion Cutelaba,481.52,18-06-2016,L,SUB,Misha Cirkunov
Jason Saggo,531.07,18-06-2016,W,S-DEC,Leandro Silva
Leandro Silva,493.21,18-06-2016,L,S-DEC,Jason Saggo
Joanne Wood,528.82,18-06-2016,W,KO/TKO,Valerie Letourneau
Valerie Letourneau,512.32,18-06-2016,L,KO/TKO,Joanne Wood
Olivier Aubin-Mercier,538.75,18-06-2016,W,SUB,Thibault Gouti
Thibault Gouti,463.25,18-06-2016,L,SUB,Olivier Aubin-Mercier
Steve Bosse,515.81,18-06-2016,W,U-DEC,Sean O'Connell
Sean O'Connell,471.34,18-06-2016,L,U-DEC,Steve Bosse
Donald Cerrone,694.69,18-06-2016,W,KO/TKO,Patrick Cote
Patrick Cote,531.85,18-06-2016,L,KO/TKO,Donald Cerrone
Stephen Thompson,624.74,18-06-2016,W,U-DEC,Rory MacDonald
Rory MacDonald,579.68,18-06-2016,L,U-DEC,Stephen Thompson
Vicente Luque,524.11,07-07-2016,W,SUB,Alvaro Herrera Mendoza
Alvaro Herrera Mendoza,495.08,07-07-2016,L,SUB,Vicente Luque
Marco Beltran,552.9,07-07-2016,W,SUB,Reginaldo Vieira
Reginaldo Vieira,495.92,07-07-2016,L,SUB,Marco Beltran
Gilbert Burns,552.0,07-07-2016,W,SUB,Lukasz Sajewski
Lukasz Sajewski,467.66,07-07-2016,L,SUB,Gilbert Burns
Felipe Arantes,538.67,07-07-2016,W,SUB,Jerrod Sanders
Jerrod Sanders,496.13,07-07-2016,L,SUB,Felipe Arantes
Pedro Munhoz,491.41,07-07-2016,W,SUB,Russell Doane
Russell Doane,480.78,07-07-2016,L,SUB,Pedro Munhoz
Anthony Birchak,496.33,07-07-2016,W,S-DEC,Dileno Lopes
Dileno Lopes,468.33,07-07-2016,L,S-DEC,Anthony Birchak
John Makdessi,524.94,07-07-2016,W,S-DEC,Mehdi Baghdad
Mehdi Baghdad,466.72,07-07-2016,L,S-DEC,John Makdessi
Alberto Mina,548.88,07-07-2016,W,KO/TKO,Mike Pyle
Mike Pyle,536.16,07-07-2016,L,KO/TKO,Alberto Mina
Joe Duffy,538.22,07-07-2016,W,SUB,Mitch Clarke
Mitch Clarke,476.03,07-07-2016,L,SUB,Joe Duffy
Alan Jouban,544.25,07-07-2016,W,U-DEC,Belal Muhammad
Belal Muhammad,484.88,07-07-2016,L,U-DEC,Alan Jouban
Derrick Lewis,575.12,07-07-2016,W,S-DEC,Roy Nelson
Roy Nelson,495.77,07-07-2016,L,S-DEC,Derrick Lewis
Eddie Alvarez,547.64,07-07-2016,W,KO/TKO,Rafael Dos Anjos
Rafael Dos Anjos,641.17,07-07-2016,L,KO/TKO,Eddie Alvarez
Li Jingliang,507.77,08-07-2016,W,KO/TKO,Anton Zafir
Anton Zafir,468.17,08-07-2016,L,KO/TKO,Li Jingliang
Kevin Lee,565.38,08-07-2016,W,KO/TKO,Jake Matthews
Jake Matthews,535.31,08-07-2016,L,KO/TKO,Kevin Lee
Cezar Ferreira,545.09,08-07-2016,W,U-DEC,Anthony Smith
Anthony Smith,482.32,08-07-2016,L,U-DEC,Cezar Ferreira
Josh Stansbury,515.75,08-07-2016,W,M-DEC,Cory Hendricks
Cory Hendricks,484.25,08-07-2016,L,M-DEC,Josh Stansbury
Matheus Nicolau,536.16,08-07-2016,W,S-DEC,John Moraga
John Moraga,520.62,08-07-2016,L,S-DEC,Matheus Nicolau
Gray Maynard,561.97,08-07-2016,W,U-DEC,Fernando Bruno
Fernando Bruno,468.55,08-07-2016,L,U-DEC,Gray Maynard
Joaquim Silva,532.28,08-07-2016,W,KO/TKO,Andrew Holbrook
Andrew Holbrook,499.75,08-07-2016,L,KO/TKO,Joaquim Silva
Dooho Choi,550.7,08-07-2016,W,KO/TKO,Thiago Tavares
Thiago Tavares,552.09,08-07-2016,L,KO/TKO,Dooho Choi
Will Brooks,517.52,08-07-2016,W,U-DEC,Ross Pearson
Ross Pearson,521.61,08-07-2016,L,U-DEC,Will Brooks
Tatiana Suarez,519.37,08-07-2016,W,SUB,Amanda Cooper
Amanda Cooper,480.63,08-07-2016,L,SUB,Tatiana Suarez
Andrew Sanchez,515.75,08-07-2016,W,U-DEC,Khalil Rountree Jr.
Khalil Rountree Jr.,484.25,08-07-2016,L,U-DEC,Andrew Sanchez
Joanna Jedrzejczyk,598.66,08-07-2016,W,U-DEC,Claudia Gadelha
Claudia Gadelha,499.29,08-07-2016,L,U-DEC,Joanna Jedrzejczyk
Jim Miller,574.66,09-07-2016,W,KO/TKO,Takanori Gomi
Takanori Gomi,469.66,09-07-2016,L,KO/TKO,Jim Miller
Gegard Mousasi,560.92,09-07-2016,W,KO/TKO,Thiago Santos
Thiago Santos,534.82,09-07-2016,L,KO/TKO,Gegard Mousasi
Joe Lauzon,567.75,09-07-2016,W,KO/TKO,Diego Sanchez
Diego Sanchez,557.82,09-07-2016,L,KO/TKO,Joe Lauzon
Sage Northcutt,528.0,09-07-2016,W,U-DEC,Enrique Marin
Enrique Marin,469.83,09-07-2016,L,U-DEC,Sage Northcutt
TJ Dillashaw,600.7,09-07-2016,W,U-DEC,Raphael Assuncao
Raphael Assuncao,591.76,09-07-2016,L,U-DEC,TJ Dillashaw
Kelvin Gastelum,591.93,09-07-2016,W,U-DEC,Johny Hendricks
Johny Hendricks,601.6,09-07-2016,L,U-DEC,Kelvin Gastelum
Julianna Pena,563.89,09-07-2016,W,U-DEC,Cat Zingano
Cat Zingano,496.27,09-07-2016,L,U-DEC,Julianna Pena
Cain Velasquez,645.45,09-07-2016,W,KO/TKO,Travis Browne
Travis Browne,575.99,09-07-2016,L,KO/TKO,Cain Velasquez
Jose Aldo,628.41,09-07-2016,W,U-DEC,Frankie Edgar
Frankie Edgar,641.3,09-07-2016,L,U-DEC,Jose Aldo
Daniel Cormier,619.08,09-07-2016,W,U-DEC,Anderson Silva
Anderson Silva,644.26,09-07-2016,L,U-DEC,Daniel Cormier
Brock Lesnar,517.67,09-07-2016,L,Overturned,Mark Hunt
Mark Hunt,571.75,09-07-2016,W,Overturned,Brock Lesnar
Amanda Nunes,584.75,09-07-2016,W,SUB,Miesha Tate
Miesha Tate,537.33,09-07-2016,L,SUB,Amanda Nunes
Alex Nicholson,497.55,13-07-2016,W,KO/TKO,Devin Clark
Devin Clark,483.39,13-07-2016,L,KO/TKO,Alex Nicholson
Rani Yahya,565.1,13-07-2016,W,SUB,Matthew Lopez
Matthew Lopez,482.25,13-07-2016,L,SUB,Rani Yahya
Scott Holtzman,515.19,13-07-2016,W,U-DEC,Cody Pfister
Cody Pfister,462.51,13-07-2016,L,U-DEC,Scott Holtzman
Cortney Casey,484.79,13-07-2016,W,KO/TKO,Cristina Stanciu
Cristina Stanciu,467.93,13-07-2016,L,KO/TKO,Cortney Casey
Sam Alvey,524.2,13-07-2016,W,SUB,Eric Spicely
Eric Spicely,480.91,13-07-2016,L,SUB,Sam Alvey
Katlyn Cerminara,515.06,13-07-2016,W,U-DEC,Lauren Murphy
Lauren Murphy,469.77,13-07-2016,L,U-DEC,Katlyn Cerminara
Louis Smolka,570.43,13-07-2016,W,KO/TKO,Ben Nguyen
Ben Nguyen,517.41,13-07-2016,L,KO/TKO,Louis Smolka
Keita Nakamura,485.11,13-07-2016,W,SUB,Kyle Noke
Kyle Noke,502.25,13-07-2016,L,SUB,Keita Nakamura
Daniel Omielanczuk,534.06,13-07-2016,W,M-DEC,Aleksei Oleinik
Aleksei Oleinik,518.98,13-07-2016,L,M-DEC,Daniel Omielanczuk
Tim Boetsch,512.3,13-07-2016,W,KO/TKO,Josh Samman
Josh Samman,515.35,13-07-2016,L,KO/TKO,Tim Boetsch
Tony Ferguson,672.39,13-07-2016,W,SUB,Lando Vannata
Lando Vannata,485.4,13-07-2016,L,SUB,Tony Ferguson
John Lineker,608.17,13-07-2016,W,KO/TKO,Michael McDonald
Michael McDonald,538.53,13-07-2016,L,KO/TKO,John Lineker
Luis Henrique,504.17,23-07-2016,W,SUB,Dmitrii Smoliakov
Dmitrii Smoliakov,480.08,23-07-2016,L,SUB,Luis Henrique
Jason Knight,501.69,23-07-2016,W,S-DEC,Jim Alers
Jim Alers,498.32,23-07-2016,L,S-DEC,Jason Knight
Alex Oliveira,537.45,23-07-2016,W,U-DEC,James Moontasri
James Moontasri,485.61,23-07-2016,L,U-DEC,Alex Oliveira
Michel Prazeres,532.2,23-07-2016,W,U-DEC,JC Cottrell
JC Cottrell,484.28,23-07-2016,L,U-DEC,Michel Prazeres
Kamaru Usman,551.56,23-07-2016,W,U-DEC,Alexander Yakovlev
Alexander Yakovlev,495.76,23-07-2016,L,U-DEC,Kamaru Usman
Darren Elkins,594.03,23-07-2016,W,U-DEC,Godofredo Pepey
Godofredo Pepey,512.5,23-07-2016,L,U-DEC,Darren Elkins
Eddie Wineland,495.59,23-07-2016,W,KO/TKO,Frankie Saenz
Frankie Saenz,517.25,23-07-2016,L,KO/TKO,Eddie Wineland
Felice Herrig,520.83,23-07-2016,W,SUB,Kailin Curran
Kailin Curran,466.98,23-07-2016,L,SUB,Felice Herrig
Francis Ngannou,547.19,23-07-2016,W,KO/TKO,Bojan Mihajlovic
Bojan Mihajlovic,484.31,23-07-2016,L,KO/TKO,Francis Ngannou
Edson Barboza,597.52,23-07-2016,W,U-DEC,Gilbert Melendez
Gilbert Melendez,461.65,23-07-2016,L,U-DEC,Edson Barboza
Valentina Shevchenko,516.58,23-07-2016,W,U-DEC,Holly Holm
Holly Holm,514.56,23-07-2016,L,U-DEC,Valentina Shevchenko
Damien Brown,500.7,30-07-2016,W,KO/TKO,Cesar Arzamendia
Cesar Arzamendia,468.53,30-07-2016,L,KO/TKO,Damien Brown
Michael Graves,534.81,30-07-2016,L,M-DEC,Bojan Velickovic
Bojan Velickovic,516.61,30-07-2016,W,M-DEC,Michael Graves
Wilson Reis,550.94,30-07-2016,W,SUB,Hector Sandoval
Hector Sandoval,481.6,30-07-2016,L,SUB,Wilson Reis
Anthony Hamilton,497.11,30-07-2016,W,KO/TKO,Damian Grabowski
Damian Grabowski,468.9,30-07-2016,L,KO/TKO,Anthony Hamilton
Jorge Masvidal,545.82,30-07-2016,W,U-DEC,Ross Pearson
Ross Pearson,506.26,30-07-2016,L,U-DEC,Jorge Masvidal
Nikita Krylov,579.7,30-07-2016,W,KO/TKO,Ed Herman
Ed Herman,549.53,30-07-2016,L,KO/TKO,Nikita Krylov
Ryan Benoit,497.44,30-07-2016,W,S-DEC,Fredy Serrano
Fredy Serrano,513.4,30-07-2016,L,S-DEC,Ryan Benoit
Erik Perez,555.35,30-07-2016,W,U-DEC,Francisco Rivera
Francisco Rivera,474.36,30-07-2016,L,U-DEC,Erik Perez
Jake Ellenberger,544.7,30-07-2016,W,KO/TKO,Matt Brown
Matt Brown,556.07,30-07-2016,L,KO/TKO,Jake Ellenberger
Karolina Kowalkiewicz,550.06,30-07-2016,W,S-DEC,Rose Namajunas
Rose Namajunas,524.37,30-07-2016,L,S-DEC,Karolina Kowalkiewicz
Tyron Woodley,582.1,30-07-2016,W,KO/TKO,Robbie Lawler
Robbie Lawler,616.28,30-07-2016,L,KO/TKO,Tyron Woodley
Justin Ledet,515.75,06-08-2016,W,U-DEC,Chase Sherman
Chase Sherman,484.25,06-08-2016,L,U-DEC,Justin Ledet
Cub Swanson,579.08,06-08-2016,W,U-DEC,Tatsuya Kawajiri
Tatsuya Kawajiri,508.42,06-08-2016,L,U-DEC,Cub Swanson
Teruto Ishihara,530.23,06-08-2016,W,KO/TKO,Horacio Gutierrez
Horacio Gutierrez,469.22,06-08-2016,L,KO/TKO,Teruto Ishihara
David Teymur,531.5,06-08-2016,W,KO/TKO,Jason Novelli
Jason Novelli,484.25,06-08-2016,L,KO/TKO,David Teymur
Marcin Tybura,500.08,06-08-2016,W,KO/TKO,Viktor Pesta
Viktor Pesta,469.69,06-08-2016,L,KO/TKO,Marcin Tybura
Court McGee,538.16,06-08-2016,W,U-DEC,Dominique Steele
Dominique Steele,471.7,06-08-2016,L,U-DEC,Court McGee
Maryna Moroz,534.7,06-08-2016,W,S-DEC,Danielle Taylor
Danielle Taylor,484.41,06-08-2016,L,S-DEC,Maryna Moroz
Trevor Smith,520.2,06-08-2016,W,U-DEC,Joseph Gigliotti
Joseph Gigliotti,483.68,06-08-2016,L,U-DEC,Trevor Smith
Santiago Ponzinibbio,551.21,06-08-2016,W,U-DEC,Zak Cummings
Zak Cummings,527.92,06-08-2016,L,U-DEC,Santiago Ponzinibbio
Thales Leites,599.88,06-08-2016,W,SUB,Chris Camozzi
Chris Camozzi,507.47,06-08-2016,L,SUB,Thales Leites
Dennis Bermudez,594.85,06-08-2016,W,U-DEC,Rony Jason
Rony Jason,502.21,06-08-2016,L,U-DEC,Dennis Bermudez
Yair Rodriguez,579.93,06-08-2016,W,S-DEC,Alex Caceres
Alex Caceres,496.78,06-08-2016,L,S-DEC,Yair Rodriguez
Marvin Vettori,518.45,20-08-2016,W,SUB,Alberto Uda
Alberto Uda,465.06,20-08-2016,L,SUB,Marvin Vettori
Colby Covington,562.05,20-08-2016,W,KO/TKO,Max Griffin
Max Griffin,485.76,20-08-2016,L,KO/TKO,Colby Covington
Lorenz Larkin,522.37,20-08-2016,W,KO/TKO,Neil Magny
Neil Magny,604.05,20-08-2016,L,KO/TKO,Lorenz Larkin
Cortney Casey,506.06,20-08-2016,W,SUB,Randa Markos
Randa Markos,480.19,20-08-2016,L,SUB,Cortney Casey
Artem Lobov,485.54,20-08-2016,W,U-DEC,Chris Avila
Chris Avila,482.82,20-08-2016,L,U-DEC,Artem Lobov
Raquel Pennington,553.54,20-08-2016,W,U-DEC,Elizabeth Phillips
Elizabeth Phillips,470.95,20-08-2016,L,U-DEC,Raquel Pennington
Cody Garbrandt,585.77,20-08-2016,W,KO/TKO,Takeya Mizugaki
Takeya Mizugaki,534.63,20-08-2016,L,KO/TKO,Cody Garbrandt
Tim Means,563.46,20-08-2016,W,KO/TKO,Sabah Homasi
Sabah Homasi,485.82,20-08-2016,L,KO/TKO,Tim Means
Mike Perry,516.34,20-08-2016,W,KO/TKO,Hyun Gyu Lim
Hyun Gyu Lim,496.71,20-08-2016,L,KO/TKO,Mike Perry
Donald Cerrone,707.07,20-08-2016,W,KO/TKO,Rick Story
Rick Story,581.51,20-08-2016,L,KO/TKO,Donald Cerrone
Anthony Johnson,623.51,20-08-2016,W,KO/TKO,Glover Teixeira
Glover Teixeira,599.81,20-08-2016,L,KO/TKO,Anthony Johnson
Conor McGregor,624.06,20-08-2016,W,M-DEC,Nate Diaz
Nate Diaz,590.18,20-08-2016,L,M-DEC,Conor McGregor
Jeremy Kennedy,515.75,27-08-2016,W,U-DEC,Alex Ricci
Alex Ricci,484.25,27-08-2016,L,U-DEC,Jeremy Kennedy
Chad Laprise,528.17,27-08-2016,W,KO/TKO,Thibault Gouti
Thibault Gouti,449.82,27-08-2016,L,KO/TKO,Chad Laprise
Felipe Silva,514.33,27-08-2016,W,KO/TKO,Shane Campbell
Shane Campbell,454.28,27-08-2016,L,KO/TKO,Felipe Silva
Alessio Di Chirico,500.04,27-08-2016,W,S-DEC,Garreth McLellan
Garreth McLellan,469.4,27-08-2016,L,S-DEC,Alessio Di Chirico
Kyle Bochniak,500.91,27-08-2016,W,S-DEC,Enrique Barzola
Enrique Barzola,498.55,27-08-2016,L,S-DEC,Kyle Bochniak
Sam Alvey,539.05,27-08-2016,W,KO/TKO,Kevin Casey
Kevin Casey,474.52,27-08-2016,L,KO/TKO,Sam Alvey
Jim Miller,590.83,27-08-2016,W,S-DEC,Joe Lauzon
Joe Lauzon,551.58,27-08-2016,L,S-DEC,Jim Miller
Paige VanZant,544.3,27-08-2016,W,KO/TKO,Bec Rawlings
Bec Rawlings,504.45,27-08-2016,L,KO/TKO,Paige VanZant
Anthony Pettis,561.26,27-08-2016,W,SUB,Charles Oliveira
Charles Oliveira,574.14,27-08-2016,L,SUB,Anthony Pettis
Demian Maia,686.17,27-08-2016,W,SUB,Carlos Condit
Carlos Condit,535.43,27-08-2016,L,SUB,Demian Maia
Rustam Khabilov,566.23,03-09-2016,W,U-DEC,Leandro Silva
Leandro Silva,478.85,03-09-2016,L,U-DEC,Rustam Khabilov
Jack Hermansson,515.72,03-09-2016,W,U-DEC,Scott Askham
Scott Askham,483.56,03-09-2016,L,U-DEC,Jack Hermansson
Jarjis Danho,484.17,03-09-2016,L,M-DEC,Christian Colombo
Christian Colombo,499.29,03-09-2016,W,M-DEC,Jarjis Danho
Taylor Lapilus,530.7,03-09-2016,W,U-DEC,Leandro Issa
Leandro Issa,490.26,03-09-2016,L,U-DEC,Taylor Lapilus
Ashlee Evans-Smith,514.62,03-09-2016,W,KO/TKO,Veronica Hardy
Veronica Hardy,483.41,03-09-2016,L,KO/TKO,Ashlee Evans-Smith
Peter Sobotta,496.36,03-09-2016,W,U-DEC,Nicolas Dalby
Nicolas Dalby,483.24,03-09-2016,L,U-DEC,Peter Sobotta
Jessin Ayari,515.75,03-09-2016,W,S-DEC,Jim Wallhead
Jim Wallhead,484.25,03-09-2016,L,S-DEC,Jessin Ayari
Nick Hein,545.99,03-09-2016,W,U-DEC,Tae Hyun Bang
Tae Hyun Bang,481.29,03-09-2016,L,U-DEC,Nick Hein
Ryan Bader,633.1,03-09-2016,W,KO/TKO,Ilir Latifi
Ilir Latifi,539.32,03-09-2016,L,KO/TKO,Ryan Bader
Alexander Gustafsson,583.0,03-09-2016,W,U-DEC,Jan Blachowicz
Jan Blachowicz,487.81,03-09-2016,L,U-DEC,Alexander Gustafsson
Josh Barnett,572.05,03-09-2016,W,SUB,Andrei Arlovski
Andrei Arlovski,596.7,03-09-2016,L,SUB,Josh Barnett
Yancy Medeiros,531.84,10-09-2016,W,SUB,Sean Spencer
Sean Spencer,465.43,10-09-2016,L,SUB,Yancy Medeiros
Drew Dober,515.4,10-09-2016,W,KO/TKO,Jason Gonzalez
Jason Gonzalez,483.44,10-09-2016,L,KO/TKO,Drew Dober
Nik Lentz,578.51,10-09-2016,W,KO/TKO,Michael McBride
Michael McBride,486.55,10-09-2016,L,KO/TKO,Nik Lentz
Brad Tavares,563.75,10-09-2016,W,S-DEC,Caio Magalhaes
Caio Magalhaes,515.46,10-09-2016,L,S-DEC,Brad Tavares
Bethe Correia,526.92,10-09-2016,W,S-DEC,Jessica Eye
Jessica Eye,451.66,10-09-2016,L,S-DEC,Bethe Correia
Jessica Andrade,545.96,10-09-2016,W,SUB,Joanne Wood
Joanne Wood,508.33,10-09-2016,L,SUB,Jessica Andrade
Jimmie Rivera,568.48,10-09-2016,W,U-DEC,Urijah Faber
Urijah Faber,555.27,10-09-2016,L,U-DEC,Jimmie Rivera
Mickey Gall,538.53,10-09-2016,W,SUB,CM Punk
CM Punk,480.84,10-09-2016,L,SUB,Mickey Gall
Fabricio Werdum,623.18,10-09-2016,W,U-DEC,Travis Browne
Travis Browne,561.73,10-09-2016,L,U-DEC,Fabricio Werdum
Stipe Miocic,636.81,10-09-2016,W,KO/TKO,Alistair Overeem
Alistair Overeem,557.11,10-09-2016,L,KO/TKO,Stipe Miocic
Alejandro Perez,523.45,17-09-2016,L,M-DEC,Albert Morales
Albert Morales,501.06,17-09-2016,W,M-DEC,Alejandro Perez
Randy Brown,514.94,17-09-2016,W,SUB,Erick Montano
Erick Montano,495.89,17-09-2016,L,SUB,Randy Brown
Jose Quinonez,519.2,17-09-2016,W,U-DEC,Joey Gomez
Joey Gomez,468.65,17-09-2016,L,U-DEC,Jose Quinonez
Antonio Carlos Junior,503.9,17-09-2016,W,SUB,Leonardo Guimaraes
Leonardo Guimaraes,464.73,17-09-2016,L,SUB,Antonio Carlos Junior
Belal Muhammad,501.26,17-09-2016,W,KO/TKO,Augusto Montano
Augusto Montano,482.4,17-09-2016,L,KO/TKO,Belal Muhammad
Gabriel Benitez,534.61,17-09-2016,W,SUB,Sam Sicilia
Sam Sicilia,479.23,17-09-2016,L,SUB,Gabriel Benitez
Chas Skelly,560.01,17-09-2016,W,SUB,Maximo Blanco
Maximo Blanco,482.67,17-09-2016,L,SUB,Chas Skelly
Islam Makhachev,520.82,17-09-2016,W,U-DEC,Chris Wade
Chris Wade,534.51,17-09-2016,L,U-DEC,Islam Makhachev
Roan Carneiro,503.0,17-09-2016,W,S-DEC,Kenny Robertson
Kenny Robertson,498.36,17-09-2016,L,S-DEC,Roan Carneiro
Evan Dunham,580.36,17-09-2016,W,U-DEC,Ricky Glenn
Ricky Glenn,485.36,17-09-2016,L,U-DEC,Evan Dunham
Derek Brunson,598.34,17-09-2016,W,KO/TKO,Uriah Hall
Uriah Hall,505.86,17-09-2016,L,KO/TKO,Derek Brunson
Michael Johnson,561.08,17-09-2016,W,KO/TKO,Dustin Poirier
Dustin Poirier,608.79,17-09-2016,L,KO/TKO,Michael Johnson
Gregor Gillespie,515.88,24-09-2016,W,U-DEC,Glaico Franca Moreira
Glaico Franca Moreira,487.03,24-09-2016,L,U-DEC,Gregor Gillespie
Vicente Luque,540.21,24-09-2016,W,KO/TKO,Hector Urbina
Hector Urbina,484.73,24-09-2016,L,KO/TKO,Vicente Luque
Alan Patrick,548.34,24-09-2016,W,U-DEC,Stevie Ray
Stevie Ray,528.68,24-09-2016,L,U-DEC,Alan Patrick
Erick Silva,538.96,24-09-2016,W,SUB,Luan Chagas
Luan Chagas,484.76,24-09-2016,L,SUB,Erick Silva
Jussier Formiga,539.58,24-09-2016,W,U-DEC,Dustin Ortiz
Dustin Ortiz,500.66,24-09-2016,L,U-DEC,Jussier Formiga
Rani Yahya,580.5,24-09-2016,W,U-DEC,Michinori Tanaka
Michinori Tanaka,499.1,24-09-2016,L,U-DEC,Rani Yahya
Michel Prazeres,550.43,24-09-2016,W,U-DEC,Gilbert Burns
Gilbert Burns,533.77,24-09-2016,L,U-DEC,Michel Prazeres
Godofredo Pepey,530.6,24-09-2016,W,SUB,Mike de la Torre
Mike de la Torre,471.53,24-09-2016,L,SUB,Godofredo Pepey
Eric Spicely,503.26,24-09-2016,W,SUB,Thiago Santos
Thiago Santos,512.47,24-09-2016,L,SUB,Eric Spicely
Francisco Trinaldo,628.98,24-09-2016,W,KO/TKO,Paul Felder
Paul Felder,522.88,24-09-2016,L,KO/TKO,Francisco Trinaldo
Roy Nelson,510.67,24-09-2016,W,KO/TKO,Antonio Silva
Antonio Silva,462.07,24-09-2016,L,KO/TKO,Roy Nelson
Renan Barao,591.14,24-09-2016,W,U-DEC,Phillipe Nover
Phillipe Nover,447.55,24-09-2016,L,U-DEC,Renan Barao
Cristiane Justino,531.5,24-09-2016,W,KO/TKO,Lina Lansberg
Lina Lansberg,484.25,24-09-2016,L,KO/TKO,Cristiane Justino
Ketlen Vieira,514.97,01-10-2016,W,S-DEC,Kelly Faszholz
Kelly Faszholz,467.82,01-10-2016,L,S-DEC,Ketlen Vieira
Curtis Blaydes,499.91,01-10-2016,W,KO/TKO,Cody East
Cody East,466.55,01-10-2016,L,KO/TKO,Curtis Blaydes
Ion Cutelaba,498.08,01-10-2016,W,U-DEC,Jonathan Wilson
Jonathan Wilson,482.74,01-10-2016,L,U-DEC,Ion Cutelaba
Nate Marquardt,550.93,01-10-2016,W,KO/TKO,Tamdan McCrory
Tamdan McCrory,486.69,01-10-2016,L,KO/TKO,Nate Marquardt
Elizeu Zaleski dos Santos,517.0,01-10-2016,W,U-DEC,Keita Nakamura
Keita Nakamura,469.38,01-10-2016,L,U-DEC,Elizeu Zaleski dos Santos
Shamil Abdurakhimov,515.77,01-10-2016,W,S-DEC,Walt Harris
Walt Harris,457.45,01-10-2016,L,S-DEC,Shamil Abdurakhimov
Andre Fili,508.08,01-10-2016,W,U-DEC,Hacran Dias
Hacran Dias,493.45,01-10-2016,L,U-DEC,Andre Fili
Henrique da Silva,535.48,01-10-2016,W,SUB,Joachim Christensen
Joachim Christensen,480.98,01-10-2016,L,SUB,Henrique da Silva
Brandon Moreno,523.25,01-10-2016,W,SUB,Louis Smolka
Louis Smolka,547.18,01-10-2016,L,SUB,Brandon Moreno
Zak Ottow,514.88,01-10-2016,W,S-DEC,Joshua Burkman
Joshua Burkman,465.83,01-10-2016,L,S-DEC,Zak Ottow
Alex Oliveira,553.0,01-10-2016,W,KO/TKO,Will Brooks
Will Brooks,501.97,01-10-2016,L,KO/TKO,Alex Oliveira
John Lineker,625.75,01-10-2016,W,S-DEC,John Dodson
John Dodson,556.18,01-10-2016,L,S-DEC,John Lineker
Leonardo Santos,588.61,08-10-2016,W,S-DEC,Adriano Martins
Adriano Martins,537.83,08-10-2016,L,S-DEC,Leonardo Santos
Mike Perry,533.73,08-10-2016,W,KO/TKO,Danny Roberts
Danny Roberts,517.62,08-10-2016,L,KO/TKO,Mike Perry
Marc Diakiese,514.29,08-10-2016,W,KO/TKO,Lukasz Sajewski
Lukasz Sajewski,453.37,08-10-2016,L,KO/TKO,Marc Diakiese
Leon Edwards,537.09,08-10-2016,W,SUB,Albert Tumenov
Albert Tumenov,527.6,08-10-2016,L,SUB,Leon Edwards
Damian Stasiak,523.79,08-10-2016,W,SUB,Davey Grant
Davey Grant,478.4,08-10-2016,L,SUB,Damian Stasiak
Iuri Alcantara,543.41,08-10-2016,W,SUB,Brad Pickett
Brad Pickett,466.6,08-10-2016,L,SUB,Iuri Alcantara
Mirsad Bektic,566.27,08-10-2016,W,SUB,Russell Doane
Russell Doane,462.89,08-10-2016,L,SUB,Mirsad Bektic
Stefan Struve,587.04,08-10-2016,W,SUB,Daniel Omielanczuk
Daniel Omielanczuk,516.1,08-10-2016,L,SUB,Stefan Struve
Jimi Manuwa,552.64,08-10-2016,W,KO/TKO,Ovince Saint Preux
Ovince Saint Preux,543.21,08-10-2016,L,KO/TKO,Jimi Manuwa
Gegard Mousasi,579.64,08-10-2016,W,KO/TKO,Vitor Belfort
Vitor Belfort,571.88,08-10-2016,L,KO/TKO,Gegard Mousasi
Michael Bisping,656.6,08-10-2016,W,U-DEC,Dan Henderson
Dan Henderson,515.24,08-10-2016,L,U-DEC,Michael Bisping
Enrique Barzola,513.59,05-11-2016,W,U-DEC,Chris Avila
Chris Avila,467.78,05-11-2016,L,U-DEC,Enrique Barzola
Marco Polo Reyes,545.69,05-11-2016,W,S-DEC,Jason Novelli
Jason Novelli,469.29,05-11-2016,L,S-DEC,Marco Polo Reyes
Sam Alvey,554.25,05-11-2016,W,U-DEC,Alex Nicholson
Alex Nicholson,482.35,05-11-2016,L,U-DEC,Sam Alvey
Douglas Silva de Andrade,516.55,05-11-2016,W,KO/TKO,Henry Briones
Henry Briones,485.84,05-11-2016,L,KO/TKO,Douglas Silva de Andrade
Max Griffin,501.97,05-11-2016,W,KO/TKO,Erick Montano
Erick Montano,479.68,05-11-2016,L,KO/TKO,Max Griffin
Joe Soto,501.4,05-11-2016,W,SUB,Marco Beltran
Marco Beltran,528.23,05-11-2016,L,SUB,Joe Soto
Erik Perez,571.77,05-11-2016,W,S-DEC,Felipe Arantes
Felipe Arantes,522.25,05-11-2016,L,S-DEC,Erik Perez
Alexa Grasso,515.72,05-11-2016,W,U-DEC,Heather Clark
Heather Clark,483.53,05-11-2016,L,U-DEC,Alexa Grasso
Beneil Dariush,607.81,05-11-2016,W,U-DEC,Rashid Magomedov
Rashid Magomedov,553.94,05-11-2016,L,U-DEC,Beneil Dariush
Martin Bravo,515.75,05-11-2016,W,KO/TKO,Claudio Puelles
Claudio Puelles,484.25,05-11-2016,L,KO/TKO,Martin Bravo
Ricardo Lamas,586.97,05-11-2016,W,SUB,Charles Oliveira
Charles Oliveira,554.72,05-11-2016,L,SUB,Ricardo Lamas
Diego Sanchez,570.97,05-11-2016,W,U-DEC,Marcin Held
Marcin Held,486.85,05-11-2016,L,U-DEC,Diego Sanchez
Tony Ferguson,692.19,05-11-2016,W,U-DEC,Rafael Dos Anjos
Rafael Dos Anjos,621.37,05-11-2016,L,U-DEC,Tony Ferguson
Liz Carmouche,499.89,12-11-2016,W,S-DEC,Katlyn Cerminara
Katlyn Cerminara,496.99,12-11-2016,L,S-DEC,Liz Carmouche
Jim Miller,607.91,12-11-2016,W,U-DEC,Thiago Alves
Thiago Alves,570.38,12-11-2016,L,U-DEC,Jim Miller
Vicente Luque,556.2,12-11-2016,W,KO/TKO,Belal Muhammad
Belal Muhammad,485.27,12-11-2016,L,KO/TKO,Vicente Luque
Tim Boetsch,531.06,12-11-2016,W,KO/TKO,Rafael Natal
Rafael Natal,541.35,12-11-2016,L,KO/TKO,Tim Boetsch
Khabib Nurmagomedov,641.56,12-11-2016,W,SUB,Michael Johnson
Michael Johnson,540.35,12-11-2016,L,SUB,Khabib Nurmagomedov
Frankie Edgar,652.25,12-11-2016,W,U-DEC,Jeremy Stephens
Jeremy Stephens,520.99,12-11-2016,L,U-DEC,Frankie Edgar
Raquel Pennington,570.7,12-11-2016,W,U-DEC,Miesha Tate
Miesha Tate,520.17,12-11-2016,L,U-DEC,Raquel Pennington
Yoel Romero,652.03,12-11-2016,W,KO/TKO,Chris Weidman
Chris Weidman,640.92,12-11-2016,L,KO/TKO,Yoel Romero
Joanna Jedrzejczyk,616.1,12-11-2016,W,U-DEC,Karolina Kowalkiewicz
Karolina Kowalkiewicz,532.62,12-11-2016,L,U-DEC,Joanna Jedrzejczyk
Tyron Woodley,583.93,12-11-2016,L,M-DEC,Stephen Thompson
Stephen Thompson,622.91,12-11-2016,W,M-DEC,Tyron Woodley
Conor McGregor,636.99,12-11-2016,W,KO/TKO,Eddie Alvarez
Eddie Alvarez,534.71,12-11-2016,L,KO/TKO,Conor McGregor
Abdul Razak Alhassan,515.75,19-11-2016,W,KO/TKO,Charlie Ward
Charlie Ward,484.25,19-11-2016,L,KO/TKO,Abdul Razak Alhassan
Brett Johns,515.75,19-11-2016,W,U-DEC,Kwan Ho Kwak
Kwan Ho Kwak,484.25,19-11-2016,L,U-DEC,Brett Johns
Marion Reneau,517.27,19-11-2016,W,KO/TKO,Milana Dudieva
Milana Dudieva,482.96,19-11-2016,L,KO/TKO,Marion Reneau
Zak Cummings,545.22,19-11-2016,W,SUB,Alexander Yakovlev
Alexander Yakovlev,478.46,19-11-2016,L,SUB,Zak Cummings
Justin Ledet,535.13,19-11-2016,W,SUB,Mark Godbeer
Mark Godbeer,480.62,19-11-2016,L,SUB,Justin Ledet
Amanda Cooper,496.54,19-11-2016,W,U-DEC,Anna Elmose
Anna Elmose,468.26,19-11-2016,L,U-DEC,Amanda Cooper
Kevin Lee,584.32,19-11-2016,W,SUB,Magomed Mustafaev
Magomed Mustafaev,514.12,19-11-2016,L,SUB,Kevin Lee
Kyoji Horiguchi,584.13,19-11-2016,W,U-DEC,Ali Bagautinov
Ali Bagautinov,518.39,19-11-2016,L,U-DEC,Kyoji Horiguchi
Jack Marshman,518.13,19-11-2016,W,KO/TKO,Magnus Cedenblad
Magnus Cedenblad,534.84,19-11-2016,L,KO/TKO,Jack Marshman
Artem Lobov,504.15,19-11-2016,W,U-DEC,Teruto Ishihara
Teruto Ishihara,511.62,19-11-2016,L,U-DEC,Artem Lobov
Alexander Volkov,516.49,19-11-2016,W,S-DEC,Timothy Johnson
Timothy Johnson,499.88,19-11-2016,L,S-DEC,Alexander Volkov
Stevie Ray,543.42,19-11-2016,W,S-DEC,Ross Pearson
Ross Pearson,491.52,19-11-2016,L,S-DEC,Stevie Ray
Gegard Mousasi,593.87,19-11-2016,W,KO/TKO,Uriah Hall
Uriah Hall,491.63,19-11-2016,L,KO/TKO,Gegard Mousasi
Francimar Barroso,493.48,19-11-2016,L,Overturned,Darren Stewart
Darren Stewart,515.38,19-11-2016,W,Overturned,Francimar Barroso
Pedro Munhoz,513.39,19-11-2016,W,SUB,Justin Scoggins
Justin Scoggins,504.65,19-11-2016,L,SUB,Pedro Munhoz
Luis Henrique,523.53,19-11-2016,W,SUB,Christian Colombo
Christian Colombo,479.93,19-11-2016,L,SUB,Luis Henrique
Johnny Eduardo,512.94,19-11-2016,W,KO/TKO,Manvel Gamburyan
Manvel Gamburyan,500.56,19-11-2016,L,KO/TKO,Johnny Eduardo
Gadzhimurad Antigulov,520.93,19-11-2016,W,SUB,Marcos Rogerio de Lima
Marcos Rogerio de Lima,507.12,19-11-2016,L,SUB,Gadzhimurad Antigulov
Cezar Ferreira,564.2,19-11-2016,W,SUB,Jack Hermansson
Jack Hermansson,496.61,19-11-2016,L,SUB,Cezar Ferreira
Sergio Moraes,572.33,19-11-2016,W,S-DEC,Zak Ottow
Zak Ottow,498.33,19-11-2016,L,S-DEC,Sergio Moraes
Kamaru Usman,569.97,19-11-2016,W,U-DEC,Warlley Alves
Warlley Alves,541.03,19-11-2016,L,U-DEC,Kamaru Usman
Krzysztof Jotko,580.16,19-11-2016,W,U-DEC,Thales Leites
Thales Leites,578.95,19-11-2016,L,U-DEC,Krzysztof Jotko
Claudia Gadelha,515.35,19-11-2016,W,U-DEC,Cortney Casey
Cortney Casey,490.0,19-11-2016,L,U-DEC,Claudia Gadelha
Thomas Almeida,557.29,19-11-2016,W,KO/TKO,Albert Morales
Albert Morales,487.22,19-11-2016,L,KO/TKO,Thomas Almeida
Ryan Bader,644.67,19-11-2016,W,KO/TKO,Rogerio Nogueira
Rogerio Nogueira,514.4,19-11-2016,L,KO/TKO,Ryan Bader
Jenel Lausa,515.04,26-11-2016,W,U-DEC,Yao Zhikui
Yao Zhikui,469.21,26-11-2016,L,U-DEC,Jenel Lausa
Marlon Vera,502.61,26-11-2016,W,U-DEC,Guangyou Ning
Guangyou Ning,498.56,26-11-2016,L,U-DEC,Marlon Vera
Jason Knight,518.84,26-11-2016,W,U-DEC,Dan Hooker
Dan Hooker,498.19,26-11-2016,L,U-DEC,Jason Knight
Ben Nguyen,531.72,26-11-2016,W,U-DEC,Geane Herrera
Geane Herrera,471.24,26-11-2016,L,U-DEC,Ben Nguyen
Jonathan Meunier,498.68,26-11-2016,W,U-DEC,Richard Walsh
Richard Walsh,467.65,26-11-2016,L,U-DEC,Jonathan Meunier
Damien Brown,517.18,26-11-2016,W,S-DEC,Jon Tuck
Jon Tuck,483.83,26-11-2016,L,S-DEC,Damien Brown
Daniel Kelly,562.18,26-11-2016,W,U-DEC,Chris Camozzi
Chris Camozzi,492.17,26-11-2016,L,U-DEC,Daniel Kelly
Danielle Taylor,500.13,26-11-2016,W,S-DEC,Seo Hee Ham
Seo Hee Ham,467.93,26-11-2016,L,S-DEC,Danielle Taylor
Tyson Pedro,518.49,26-11-2016,W,SUB,Khalil Rountree Jr.
Khalil Rountree Jr.,465.76,26-11-2016,L,SUB,Tyson Pedro
Alexander Volkanovski,515.03,26-11-2016,W,KO/TKO,Yusuke Kasuya
Yusuke Kasuya,469.16,26-11-2016,L,KO/TKO,Alexander Volkanovski
Omari Akhmedov,511.35,26-11-2016,W,U-DEC,Kyle Noke
Kyle Noke,486.18,26-11-2016,L,U-DEC,Omari Akhmedov
Andrew Holbrook,517.11,26-11-2016,W,S-DEC,Jake Matthews
Jake Matthews,517.95,26-11-2016,L,S-DEC,Andrew Holbrook
Robert Whittaker,608.73,26-11-2016,W,KO/TKO,Derek Brunson
Derek Brunson,578.3,26-11-2016,L,KO/TKO,Robert Whittaker
Devin Clark,500.6,03-12-2016,W,U-DEC,Josh Stansbury
Josh Stansbury,498.54,03-12-2016,L,U-DEC,Devin Clark
Anthony Smith,498.16,03-12-2016,W,KO/TKO,Elvis Mutapcic
Elvis Mutapcic,468.57,03-12-2016,L,KO/TKO,Anthony Smith
Jamie Moyle,514.26,03-12-2016,W,U-DEC,Kailin Curran
Kailin Curran,452.72,03-12-2016,L,U-DEC,Jamie Moyle
Dong Hyun Ma,485.08,03-12-2016,W,U-DEC,Brendan O'Reilly
Brendan O'Reilly,468.37,03-12-2016,L,U-DEC,Dong Hyun Ma
Rob Font,530.47,03-12-2016,W,KO/TKO,Matt Schnell
Matt Schnell,484.95,03-12-2016,L,KO/TKO,Rob Font
Ryan Hall,534.43,03-12-2016,W,U-DEC,Gray Maynard
Gray Maynard,543.29,03-12-2016,L,U-DEC,Ryan Hall
Brandon Moreno,538.53,03-12-2016,W,S-DEC,Ryan Benoit
Ryan Benoit,482.16,03-12-2016,L,S-DEC,Brandon Moreno
Sara McMann,517.7,03-12-2016,W,SUB,Alexis Davis
Alexis Davis,524.6,03-12-2016,L,SUB,Sara McMann
Jared Cannonier,517.24,03-12-2016,W,U-DEC,Ion Cutelaba
Ion Cutelaba,481.71,03-12-2016,L,U-DEC,Jared Cannonier
Jorge Masvidal,562.27,03-12-2016,W,KO/TKO,Jake Ellenberger
Jake Ellenberger,528.25,03-12-2016,L,KO/TKO,Jorge Masvidal
Joseph Benavidez,645.16,03-12-2016,W,S-DEC,Henry Cejudo
Henry Cejudo,535.37,03-12-2016,L,S-DEC,Joseph Benavidez
Demetrious Johnson,699.71,03-12-2016,W,U-DEC,Tim Elliott
Tim Elliott,458.92,03-12-2016,L,U-DEC,Demetrious Johnson
Juliana Lima,516.47,09-12-2016,W,U-DEC,JJ Aldrich
JJ Aldrich,484.28,09-12-2016,L,U-DEC,Juliana Lima
Ryan Janes,516.43,09-12-2016,W,U-DEC,Keith Berish
Keith Berish,498.57,09-12-2016,L,U-DEC,Ryan Janes
Marc Diakiese,530.12,09-12-2016,W,U-DEC,Frankie Perez
Frankie Perez,484.36,09-12-2016,L,U-DEC,Marc Diakiese
Shane Burgos,516.35,09-12-2016,W,U-DEC,Tiago dos Santos e Silva
Tiago dos Santos e Silva,496.82,09-12-2016,L,U-DEC,Shane Burgos
Andrew Sanchez,532.46,09-12-2016,W,U-DEC,Trevor Smith
Trevor Smith,503.49,09-12-2016,L,U-DEC,Andrew Sanchez
Gerald Meerschaert,518.46,09-12-2016,W,SUB,Joseph Gigliotti
Joseph Gigliotti,465.22,09-12-2016,L,SUB,Gerald Meerschaert
Randy Brown,530.73,09-12-2016,W,KO/TKO,Brian Camozzi
Brian Camozzi,484.21,09-12-2016,L,KO/TKO,Randy Brown
Justine Kish,530.79,09-12-2016,W,U-DEC,Ashley Yoder
Ashley Yoder,484.21,09-12-2016,L,U-DEC,Justine Kish
Gian Villante,515.61,09-12-2016,W,KO/TKO,Saparbeg Safarov
Saparbeg Safarov,484.24,09-12-2016,L,KO/TKO,Gian Villante
Corey Anderson,554.02,09-12-2016,W,KO/TKO,Sean O'Connell
Sean O'Connell,458.72,09-12-2016,L,KO/TKO,Corey Anderson
Francis Ngannou,566.16,09-12-2016,W,SUB,Anthony Hamilton
Anthony Hamilton,478.14,09-12-2016,L,SUB,Francis Ngannou
Derrick Lewis,590.7,09-12-2016,W,KO/TKO,Shamil Abdurakhimov
Shamil Abdurakhimov,500.19,09-12-2016,L,KO/TKO,Derrick Lewis
Dustin Ortiz,516.37,10-12-2016,W,S-DEC,Zach Makovsky
Zach Makovsky,484.11,10-12-2016,L,S-DEC,Dustin Ortiz
Rustam Khabilov,582.41,10-12-2016,W,U-DEC,Jason Saggo
Jason Saggo,514.89,10-12-2016,L,U-DEC,Rustam Khabilov
Lando Vannata,502.93,10-12-2016,W,KO/TKO,John Makdessi
John Makdessi,507.41,10-12-2016,L,KO/TKO,Lando Vannata
Matthew Lopez,500.67,10-12-2016,W,U-DEC,Mitch Gagnon
Mitch Gagnon,523.38,10-12-2016,L,U-DEC,Matthew Lopez
Viviane Pereira,516.31,10-12-2016,W,S-DEC,Valerie Letourneau
Valerie Letourneau,496.01,10-12-2016,L,S-DEC,Viviane Pereira
Olivier Aubin-Mercier,557.38,10-12-2016,W,SUB,Drew Dober
Drew Dober,496.77,10-12-2016,L,SUB,Olivier Aubin-Mercier
Misha Cirkunov,577.11,10-12-2016,W,SUB,Nikita Krylov
Nikita Krylov,555.88,10-12-2016,L,SUB,Misha Cirkunov
Emil Meek,516.72,10-12-2016,W,U-DEC,Jordan Mein
Jordan Mein,504.76,10-12-2016,L,U-DEC,Emil Meek
Kelvin Gastelum,605.84,10-12-2016,W,KO/TKO,Tim Kennedy
Tim Kennedy,522.96,10-12-2016,L,KO/TKO,Kelvin Gastelum
Cub Swanson,594.92,10-12-2016,W,U-DEC,Dooho Choi
Dooho Choi,534.86,10-12-2016,L,U-DEC,Cub Swanson
Donald Cerrone,717.7,10-12-2016,W,KO/TKO,Matt Brown
Matt Brown,545.44,10-12-2016,L,KO/TKO,Donald Cerrone
Max Holloway,674.36,10-12-2016,W,KO/TKO,Anthony Pettis
Anthony Pettis,544.87,10-12-2016,L,KO/TKO,Max Holloway
Sultan Aliev,500.74,17-12-2016,W,S-DEC,Bojan Velickovic
Bojan Velickovic,499.36,17-12-2016,L,S-DEC,Sultan Aliev
Hector Sandoval,498.79,17-12-2016,W,U-DEC,Fredy Serrano
Fredy Serrano,496.21,17-12-2016,L,U-DEC,Hector Sandoval
Eddie Wineland,513.94,17-12-2016,W,KO/TKO,Takeya Mizugaki
Takeya Mizugaki,516.28,17-12-2016,L,KO/TKO,Eddie Wineland
Leslie Smith,500.61,17-12-2016,W,U-DEC,Irene Aldana
Irene Aldana,483.53,17-12-2016,L,U-DEC,Leslie Smith
Josh Emmett,532.95,17-12-2016,W,U-DEC,Scott Holtzman
Scott Holtzman,498.75,17-12-2016,L,U-DEC,Josh Emmett
Alex Morono,532.64,17-12-2016,W,U-DEC,James Moontasri
James Moontasri,470.63,17-12-2016,L,U-DEC,Alex Morono
Colby Covington,578.21,17-12-2016,W,U-DEC,Bryan Barberena
Bryan Barberena,523.97,17-12-2016,L,U-DEC,Colby Covington
Mizuto Hirota,487.91,17-12-2016,W,U-DEC,Cole Miller
Cole Miller,487.89,17-12-2016,L,U-DEC,Mizuto Hirota
Paul Craig,521.0,17-12-2016,W,SUB,Henrique da Silva
Henrique da Silva,514.48,17-12-2016,L,SUB,Paul Craig
Alan Jouban,560.98,17-12-2016,W,U-DEC,Mike Perry
Mike Perry,517.0,17-12-2016,L,U-DEC,Alan Jouban
Urijah Faber,567.09,17-12-2016,W,U-DEC,Brad Pickett
Brad Pickett,454.78,17-12-2016,L,U-DEC,Urijah Faber
Mickey Gall,558.77,17-12-2016,W,SUB,Sage Northcutt
Sage Northcutt,507.76,17-12-2016,L,SUB,Mickey Gall
Michelle Waterson-Gomez,539.72,17-12-2016,W,SUB,Paige VanZant
Paige VanZant,522.47,17-12-2016,L,SUB,Michelle Waterson-Gomez
Alex Oliveira,538.45,30-12-2016,L,CNC,Tim Means
Tim Means,578.01,30-12-2016,W,CNC,Alex Oliveira
Niko Price,518.32,30-12-2016,W,SUB,Brandon Thatch
Brandon Thatch,462.76,30-12-2016,L,SUB,Niko Price
Alex Garcia,532.67,30-12-2016,W,KO/TKO,Mike Pyle
Mike Pyle,519.5,30-12-2016,L,KO/TKO,Alex Garcia
Antonio Carlos Junior,521.09,30-12-2016,W,U-DEC,Marvin Vettori
Marvin Vettori,501.26,30-12-2016,L,U-DEC,Antonio Carlos Junior
Neil Magny,619.69,30-12-2016,W,U-DEC,Johny Hendricks
Johny Hendricks,585.96,30-12-2016,L,U-DEC,Neil Magny
Ray Borg,539.63,30-12-2016,W,U-DEC,Louis Smolka
Louis Smolka,530.33,30-12-2016,L,U-DEC,Ray Borg
Dong Hyun Kim,645.39,30-12-2016,W,S-DEC,Tarec Saffiedine
Tarec Saffiedine,496.21,30-12-2016,L,S-DEC,Dong Hyun Kim
TJ Dillashaw,618.39,30-12-2016,W,U-DEC,John Lineker
John Lineker,608.06,30-12-2016,L,U-DEC,TJ Dillashaw
Cody Garbrandt,605.72,30-12-2016,W,U-DEC,Dominick Cruz
Dominick Cruz,573.85,30-12-2016,L,U-DEC,Cody Garbrandt
Amanda Nunes,603.66,30-12-2016,W,KO/TKO,Ronda Rousey
Ronda Rousey,568.72,30-12-2016,L,KO/TKO,Amanda Nunes
Cyril Asker,499.13,15-01-2017,W,KO/TKO,Dmitrii Smoliakov
Dmitrii Smoliakov,464.49,15-01-2017,L,KO/TKO,Cyril Asker
Joachim Christensen,496.88,15-01-2017,W,KO/TKO,Bojan Mihajlovic
Bojan Mihajlovic,468.41,15-01-2017,L,KO/TKO,Joachim Christensen
Walt Harris,474.41,15-01-2017,W,KO/TKO,Chase Sherman
Chase Sherman,467.29,15-01-2017,L,KO/TKO,Walt Harris
Nina Nunes,487.29,15-01-2017,W,SUB,Jocelyn Jones-Lybarger
Jocelyn Jones-Lybarger,449.91,15-01-2017,L,SUB,Nina Nunes
Anthony Rocco Martin,505.38,15-01-2017,W,U-DEC,Alex White
Alex White,480.16,15-01-2017,L,U-DEC,Anthony Rocco Martin
Aleksei Oleinik,535.62,15-01-2017,W,SUB,Viktor Pesta
Viktor Pesta,453.05,15-01-2017,L,SUB,Aleksei Oleinik
Augusto Mendes,501.64,15-01-2017,W,S-DEC,Frankie Saenz
Frankie Saenz,500.02,15-01-2017,L,S-DEC,Augusto Mendes
Drakkar Klose,515.75,15-01-2017,W,U-DEC,Devin Powell
Devin Powell,484.25,15-01-2017,L,U-DEC,Drakkar Klose
Sergio Pettis,555.81,15-01-2017,W,U-DEC,John Moraga
John Moraga,504.31,15-01-2017,L,U-DEC,Sergio Pettis
Ben Saunders,568.47,15-01-2017,W,U-DEC,Court McGee
Court McGee,523.1,15-01-2017,L,U-DEC,Ben Saunders
Joe Lauzon,564.43,15-01-2017,W,S-DEC,Marcin Held
Marcin Held,474.0,15-01-2017,L,S-DEC,Joe Lauzon
Yair Rodriguez,597.97,15-01-2017,W,KO/TKO,BJ Penn
BJ Penn,535.91,15-01-2017,L,KO/TKO,Yair Rodriguez
Jason Gonzalez,502.86,28-01-2017,W,SUB,JC Cottrell
JC Cottrell,464.86,28-01-2017,L,SUB,Jason Gonzalez
Alexandre Pantoja,515.75,28-01-2017,W,S-DEC,Eric Shelton
Eric Shelton,484.25,28-01-2017,L,S-DEC,Alexandre Pantoja
Marcos Rogerio de Lima,522.55,28-01-2017,W,KO/TKO,Jeremy Kimball
Jeremy Kimball,484.57,28-01-2017,L,KO/TKO,Marcos Rogerio de Lima
Eric Spicely,523.37,28-01-2017,W,SUB,Alessio Di Chirico
Alessio Di Chirico,479.93,28-01-2017,L,SUB,Eric Spicely
Jordan Johnson,516.41,28-01-2017,W,U-DEC,Henrique da Silva
Henrique da Silva,498.07,28-01-2017,L,U-DEC,Jordan Johnson
Li Jingliang,523.9,28-01-2017,W,KO/TKO,Bobby Nash
Bobby Nash,483.87,28-01-2017,L,KO/TKO,Li Jingliang
Raphael Assuncao,605.94,28-01-2017,W,S-DEC,Aljamain Sterling
Aljamain Sterling,542.78,28-01-2017,L,S-DEC,Raphael Assuncao
Sam Alvey,572.08,28-01-2017,W,U-DEC,Nate Marquardt
Nate Marquardt,533.1,28-01-2017,L,U-DEC,Sam Alvey
Jason Knight,538.39,28-01-2017,W,SUB,Alex Caceres
Alex Caceres,477.23,28-01-2017,L,SUB,Jason Knight
Francis Ngannou,586.55,28-01-2017,W,KO/TKO,Andrei Arlovski
Andrei Arlovski,576.31,28-01-2017,L,KO/TKO,Francis Ngannou
Jorge Masvidal,586.76,28-01-2017,W,KO/TKO,Donald Cerrone
Donald Cerrone,693.21,28-01-2017,L,KO/TKO,Jorge Masvidal
Valentina Shevchenko,539.25,28-01-2017,W,SUB,Julianna Pena
Julianna Pena,541.22,28-01-2017,L,SUB,Valentina Shevchenko
Khalil Rountree Jr.,482.35,04-02-2017,W,KO/TKO,Daniel Jolly
Daniel Jolly,467.66,04-02-2017,L,KO/TKO,Khalil Rountree Jr.
Alex Morono,517.02,04-02-2017,L,Overturned,Niko Price
Niko Price,533.94,04-02-2017,W,Overturned,Alex Morono
Tecia Pennington,544.07,04-02-2017,W,U-DEC,Bec Rawlings
Bec Rawlings,489.83,04-02-2017,L,U-DEC,Tecia Pennington
Ricardo Ramos,515.71,04-02-2017,W,U-DEC,Michinori Tanaka
Michinori Tanaka,483.39,04-02-2017,L,U-DEC,Ricardo Ramos
Chas Skelly,577.45,04-02-2017,W,SUB,Chris Gruetzemacher
Chris Gruetzemacher,498.31,04-02-2017,L,SUB,Chas Skelly
Adam Milstead,499.35,04-02-2017,L,Overturned,Curtis Blaydes
Curtis Blaydes,515.56,04-02-2017,W,Overturned,Adam Milstead
Jessica Andrade,559.92,04-02-2017,W,U-DEC,Angela Hill
Angela Hill,464.92,04-02-2017,L,U-DEC,Jessica Andrade
Marcel Fortuna,514.76,04-02-2017,W,KO/TKO,Anthony Hamilton
Anthony Hamilton,463.38,04-02-2017,L,KO/TKO,Marcel Fortuna
Volkan Oezdemir,517.7,04-02-2017,W,S-DEC,Ovince Saint Preux
Ovince Saint Preux,525.51,04-02-2017,L,S-DEC,Volkan Oezdemir
James Vick,591.56,04-02-2017,W,SUB,Abel Trujillo
Abel Trujillo,555.52,04-02-2017,L,SUB,James Vick
Felice Herrig,537.09,04-02-2017,W,U-DEC,Alexa Grasso
Alexa Grasso,499.46,04-02-2017,L,U-DEC,Felice Herrig
Chan Sung Jung,559.15,04-02-2017,W,KO/TKO,Dennis Bermudez
Dennis Bermudez,576.68,04-02-2017,L,KO/TKO,Chan Sung Jung
Ryan LaFlare,583.05,11-02-2017,W,U-DEC,Roan Carneiro
Roan Carneiro,489.63,11-02-2017,L,U-DEC,Ryan LaFlare
Ricky Glenn,499.4,11-02-2017,W,S-DEC,Phillipe Nover
Phillipe Nover,433.51,11-02-2017,L,S-DEC,Ricky Glenn
Islam Makhachev,540.03,11-02-2017,W,U-DEC,Nik Lentz
Nik Lentz,559.3,11-02-2017,L,U-DEC,Islam Makhachev
Wilson Reis,565.76,11-02-2017,W,U-DEC,Yuta Sasaki
Yuta Sasaki,486.93,11-02-2017,L,U-DEC,Wilson Reis
Belal Muhammad,503.07,11-02-2017,W,U-DEC,Randy Brown
Randy Brown,512.93,11-02-2017,L,U-DEC,Belal Muhammad
Dustin Poirier,624.5,11-02-2017,W,M-DEC,Jim Miller
Jim Miller,592.2,11-02-2017,L,M-DEC,Dustin Poirier
Glover Teixeira,611.89,11-02-2017,W,U-DEC,Jared Cannonier
Jared Cannonier,505.16,11-02-2017,L,U-DEC,Glover Teixeira
Jacare Souza,614.06,11-02-2017,W,SUB,Tim Boetsch
Tim Boetsch,514.61,11-02-2017,L,SUB,Jacare Souza
Anderson Silva,657.06,11-02-2017,W,U-DEC,Derek Brunson
Derek Brunson,565.5,11-02-2017,L,U-DEC,Anderson Silva
Germaine de Randamie,546.41,11-02-2017,W,U-DEC,Holly Holm
Holly Holm,498.07,11-02-2017,L,U-DEC,Germaine de Randamie
Gerald Meerschaert,538.64,19-02-2017,W,SUB,Ryan Janes
Ryan Janes,496.25,19-02-2017,L,SUB,Gerald Meerschaert
Thiago Santos,528.48,19-02-2017,W,KO/TKO,Jack Marshman
Jack Marshman,502.12,19-02-2017,L,KO/TKO,Thiago Santos
Aiemann Zahabi,515.57,19-02-2017,W,U-DEC,Reginaldo Vieira
Reginaldo Vieira,480.35,19-02-2017,L,U-DEC,Aiemann Zahabi
Randa Markos,497.67,19-02-2017,W,S-DEC,Carla Esparza
Carla Esparza,501.11,19-02-2017,L,S-DEC,Randa Markos
Santiago Ponzinibbio,568.76,19-02-2017,W,U-DEC,Nordine Taleb
Nordine Taleb,525.02,19-02-2017,L,U-DEC,Santiago Ponzinibbio
Paul Felder,536.89,19-02-2017,W,KO/TKO,Alex Ricci
Alex Ricci,470.24,19-02-2017,L,KO/TKO,Paul Felder
Sara McMann,537.84,19-02-2017,W,SUB,Gina Mazany
Gina Mazany,479.86,19-02-2017,L,SUB,Sara McMann
Elias Theodorou,561.28,19-02-2017,W,U-DEC,Cezar Ferreira
Cezar Ferreira,546.73,19-02-2017,L,U-DEC,Elias Theodorou
Gavin Tucker,514.81,19-02-2017,W,U-DEC,Sam Sicilia
Sam Sicilia,464.42,19-02-2017,L,U-DEC,Gavin Tucker
Johny Hendricks,597.27,19-02-2017,W,U-DEC,Hector Lombard
Hector Lombard,473.93,19-02-2017,L,U-DEC,Johny Hendricks
Derrick Lewis,608.58,19-02-2017,W,KO/TKO,Travis Browne
Travis Browne,543.85,19-02-2017,L,KO/TKO,Derrick Lewis
Albert Morales,503.55,04-03-2017,W,S-DEC,Andre Soukhamthath
Andre Soukhamthath,483.67,04-03-2017,L,S-DEC,Albert Morales
Tyson Pedro,535.11,04-03-2017,W,KO/TKO,Paul Craig
Paul Craig,504.38,04-03-2017,L,KO/TKO,Tyson Pedro
Mark Godbeer,497.25,04-03-2017,W,U-DEC,Daniel Spitz
Daniel Spitz,483.37,04-03-2017,L,U-DEC,Mark Godbeer
Iuri Alcantara,562.06,04-03-2017,W,SUB,Luke Sanders
Luke Sanders,501.84,04-03-2017,L,SUB,Iuri Alcantara
Darren Elkins,610.59,04-03-2017,W,KO/TKO,Mirsad Bektic
Mirsad Bektic,549.71,04-03-2017,L,KO/TKO,Darren Elkins
Marcin Tybura,517.69,04-03-2017,W,KO/TKO,Luis Henrique
Luis Henrique,505.92,04-03-2017,L,KO/TKO,Marcin Tybura
Alistair Overeem,573.52,04-03-2017,W,KO/TKO,Mark Hunt
Mark Hunt,555.34,04-03-2017,L,KO/TKO,Alistair Overeem
Cynthia Calvillo,519.18,04-03-2017,W,SUB,Amanda Cooper
Amanda Cooper,477.36,04-03-2017,L,SUB,Cynthia Calvillo
Daniel Kelly,583.03,04-03-2017,W,S-DEC,Rashad Evans
Rashad Evans,596.84,04-03-2017,L,S-DEC,Daniel Kelly
David Teymur,547.33,04-03-2017,W,U-DEC,Lando Vannata
Lando Vannata,487.1,04-03-2017,L,U-DEC,David Teymur
Tyron Woodley,603.94,04-03-2017,W,M-DEC,Stephen Thompson
Stephen Thompson,602.9,04-03-2017,L,M-DEC,Tyron Woodley
Paulo Costa,514.37,11-03-2017,W,KO/TKO,Garreth McLellan
Garreth McLellan,455.03,11-03-2017,L,KO/TKO,Paulo Costa
Jeremy Kennedy,531.61,11-03-2017,W,U-DEC,Rony Jason
Rony Jason,486.35,11-03-2017,L,U-DEC,Jeremy Kennedy
Michel Prazeres,567.28,11-03-2017,W,SUB,Joshua Burkman
Joshua Burkman,448.98,11-03-2017,L,SUB,Michel Prazeres
Joe Soto,522.51,11-03-2017,W,U-DEC,Rani Yahya
Rani Yahya,559.39,11-03-2017,L,U-DEC,Joe Soto
Sergio Moraes,587.83,11-03-2017,W,U-DEC,Davi Ramos
Davi Ramos,484.5,11-03-2017,L,U-DEC,Sergio Moraes
Kevin Lee,608.88,11-03-2017,W,SUB,Francisco Trinaldo
Francisco Trinaldo,604.42,11-03-2017,L,SUB,Kevin Lee
Alex Oliveira,561.69,11-03-2017,W,SUB,Tim Means
Tim Means,554.77,11-03-2017,L,SUB,Alex Oliveira
Bethe Correia,526.5,11-03-2017,L,M-DEC,Marion Reneau
Marion Reneau,517.69,11-03-2017,W,M-DEC,Bethe Correia
Ray Borg,556.13,11-03-2017,W,U-DEC,Jussier Formiga
Jussier Formiga,523.08,11-03-2017,L,U-DEC,Ray Borg
Edson Barboza,615.28,11-03-2017,W,KO/TKO,Beneil Dariush
Beneil Dariush,590.05,11-03-2017,L,KO/TKO,Edson Barboza
Mauricio Rua,541.82,11-03-2017,W,KO/TKO,Gian Villante
Gian Villante,498.83,11-03-2017,L,KO/TKO,Mauricio Rua
Vitor Belfort,558.34,11-03-2017,L,Overturned,Kelvin Gastelum
Kelvin Gastelum,619.38,11-03-2017,W,Overturned,Vitor Belfort
Lina Lansberg,500.71,18-03-2017,W,U-DEC,Lucie Pudilova
Lucie Pudilova,483.54,18-03-2017,L,U-DEC,Lina Lansberg
Brad Scott,506.15,18-03-2017,W,S-DEC,Scott Askham
Scott Askham,468.13,18-03-2017,L,S-DEC,Brad Scott
Marc Diakiese,546.07,18-03-2017,W,KO/TKO,Teemu Packalen
Teemu Packalen,487.86,18-03-2017,L,KO/TKO,Marc Diakiese
Leon Edwards,555.29,18-03-2017,W,U-DEC,Vicente Luque
Vicente Luque,538.0,18-03-2017,L,U-DEC,Leon Edwards
Timothy Johnson,516.36,18-03-2017,W,S-DEC,Daniel Omielanczuk
Daniel Omielanczuk,499.62,18-03-2017,L,S-DEC,Timothy Johnson
Francimar Barroso,510.22,18-03-2017,W,U-DEC,Darren Stewart
Darren Stewart,498.64,18-03-2017,L,U-DEC,Francimar Barroso
Joe Duffy,553.92,18-03-2017,W,U-DEC,Reza Madadi
Reza Madadi,505.65,18-03-2017,L,U-DEC,Joe Duffy
Arnold Allen,551.58,18-03-2017,W,S-DEC,Makwan Amirkhani
Makwan Amirkhani,532.1,18-03-2017,L,S-DEC,Arnold Allen
Marlon Vera,516.85,18-03-2017,W,KO/TKO,Brad Pickett
Brad Pickett,440.54,18-03-2017,L,KO/TKO,Marlon Vera
Gunnar Nelson,597.36,18-03-2017,W,SUB,Alan Jouban
Alan Jouban,542.02,18-03-2017,L,SUB,Gunnar Nelson
Jimi Manuwa,569.21,18-03-2017,W,KO/TKO,Corey Anderson
Corey Anderson,537.45,18-03-2017,L,KO/TKO,Jimi Manuwa
Bibulatov Magomed,516.43,08-04-2017,W,U-DEC,Jenel Lausa
Jenel Lausa,498.61,08-04-2017,L,U-DEC,Bibulatov Magomed
Katlyn Cerminara,512.13,08-04-2017,W,S-DEC,Irene Aldana
Irene Aldana,468.39,08-04-2017,L,S-DEC,Katlyn Cerminara
Desmond Green,517.24,08-04-2017,W,S-DEC,Josh Emmett
Josh Emmett,515.71,08-04-2017,L,S-DEC,Desmond Green
Gregor Gillespie,532.44,08-04-2017,W,KO/TKO,Andrew Holbrook
Andrew Holbrook,500.55,08-04-2017,L,KO/TKO,Gregor Gillespie
Patrick Cummins,518.43,08-04-2017,W,U-DEC,Jan Blachowicz
Jan Blachowicz,472.77,08-04-2017,L,U-DEC,Patrick Cummins
Shane Burgos,532.28,08-04-2017,W,KO/TKO,Charles Rosa
Charles Rosa,488.35,08-04-2017,L,KO/TKO,Shane Burgos
Kamaru Usman,588.63,08-04-2017,W,U-DEC,Sean Strickland
Sean Strickland,549.7,08-04-2017,L,U-DEC,Kamaru Usman
Myles Jury,577.9,08-04-2017,W,KO/TKO,Mike de la Torre
Mike de la Torre,459.97,08-04-2017,L,KO/TKO,Myles Jury
Charles Oliveira,571.17,08-04-2017,W,SUB,Will Brooks
Will Brooks,485.52,08-04-2017,L,SUB,Charles Oliveira
Thiago Alves,584.39,08-04-2017,W,U-DEC,Patrick Cote
Patrick Cote,517.84,08-04-2017,L,U-DEC,Thiago Alves
Cynthia Calvillo,537.73,08-04-2017,W,SUB,Pearl Gonzalez
Pearl Gonzalez,481.45,08-04-2017,L,SUB,Cynthia Calvillo
Gegard Mousasi,615.14,08-04-2017,W,KO/TKO,Chris Weidman
Chris Weidman,619.65,08-04-2017,L,KO/TKO,Gegard Mousasi
Daniel Cormier,641.14,08-04-2017,W,SUB,Anthony Johnson
Anthony Johnson,601.45,08-04-2017,L,SUB,Daniel Cormier
Ketlen Vieira,531.45,15-04-2017,W,U-DEC,Ashlee Evans-Smith
Ashlee Evans-Smith,498.14,15-04-2017,L,U-DEC,Ketlen Vieira
Zak Cummings,562.69,15-04-2017,W,SUB,Nathan Coy
Nathan Coy,479.1,15-04-2017,L,SUB,Zak Cummings
Anthony Smith,516.28,15-04-2017,W,KO/TKO,Andrew Sanchez
Andrew Sanchez,514.34,15-04-2017,L,KO/TKO,Anthony Smith
Devin Clark,517.08,15-04-2017,W,U-DEC,Jake Collier
Jake Collier,483.77,15-04-2017,L,U-DEC,Devin Clark
Aljamain Sterling,556.67,15-04-2017,W,U-DEC,Augusto Mendes
Augusto Mendes,487.75,15-04-2017,L,U-DEC,Aljamain Sterling
Tim Elliott,477.86,15-04-2017,W,U-DEC,Louis Smolka
Louis Smolka,511.39,15-04-2017,L,U-DEC,Tim Elliott
Rashid Magomedov,568.98,15-04-2017,W,S-DEC,King Green
King Green,523.21,15-04-2017,L,S-DEC,Rashid Magomedov
Tom Duquesnoy,515.99,15-04-2017,W,KO/TKO,Patrick Williams
Patrick Williams,489.38,15-04-2017,L,KO/TKO,Tom Duquesnoy
Alexander Volkov,532.71,15-04-2017,W,U-DEC,Roy Nelson
Roy Nelson,494.45,15-04-2017,L,U-DEC,Alexander Volkov
Renato Moicano,552.16,15-04-2017,W,S-DEC,Jeremy Stephens
Jeremy Stephens,504.47,15-04-2017,L,S-DEC,Renato Moicano
Robert Whittaker,629.29,15-04-2017,W,KO/TKO,Jacare Souza
Jacare Souza,593.5,15-04-2017,L,KO/TKO,Robert Whittaker
Rose Namajunas,544.27,15-04-2017,W,SUB,Michelle Waterson-Gomez
Michelle Waterson-Gomez,519.82,15-04-2017,L,SUB,Rose Namajunas
Demetrious Johnson,716.64,15-04-2017,W,SUB,Wilson Reis
Wilson Reis,548.83,15-04-2017,L,SUB,Demetrious Johnson
Hector Sandoval,514.63,22-04-2017,W,KO/TKO,Matt Schnell
Matt Schnell,469.11,22-04-2017,L,KO/TKO,Hector Sandoval
Bryan Barberena,539.01,22-04-2017,W,KO/TKO,Joe Proctor
Joe Proctor,493.28,22-04-2017,L,KO/TKO,Bryan Barberena
Alexis Davis,539.24,22-04-2017,W,U-DEC,Cindy Dandois
Cindy Dandois,485.36,22-04-2017,L,U-DEC,Alexis Davis
Danielle Taylor,515.87,22-04-2017,W,U-DEC,Jessica Penne
Jessica Penne,468.46,22-04-2017,L,U-DEC,Danielle Taylor
Scott Holtzman,513.95,22-04-2017,W,U-DEC,Michael McBride
Michael McBride,471.35,22-04-2017,L,U-DEC,Scott Holtzman
Brandon Moreno,558.07,22-04-2017,W,SUB,Dustin Ortiz
Dustin Ortiz,496.83,22-04-2017,L,SUB,Brandon Moreno
Thales Leites,594.39,22-04-2017,W,U-DEC,Sam Alvey
Sam Alvey,556.64,22-04-2017,L,U-DEC,Thales Leites
Mike Perry,533.26,22-04-2017,W,KO/TKO,Jake Ellenberger
Jake Ellenberger,511.99,22-04-2017,L,KO/TKO,Mike Perry
Stevie Ray,560.92,22-04-2017,W,M-DEC,Joe Lauzon
Joe Lauzon,546.93,22-04-2017,L,M-DEC,Stevie Ray
John Dodson,570.02,22-04-2017,W,U-DEC,Eddie Wineland
Eddie Wineland,500.1,22-04-2017,L,U-DEC,John Dodson
Ovince Saint Preux,544.41,22-04-2017,W,SUB,Marcos Rogerio de Lima
Marcos Rogerio de Lima,503.65,22-04-2017,L,SUB,Ovince Saint Preux
Al Iaquinta,597.33,22-04-2017,W,KO/TKO,Diego Sanchez
Diego Sanchez,552.65,22-04-2017,L,KO/TKO,Al Iaquinta
Cub Swanson,608.32,22-04-2017,W,U-DEC,Artem Lobov
Artem Lobov,490.75,22-04-2017,L,U-DEC,Cub Swanson
Gadzhimurad Antigulov,539.82,13-05-2017,W,SUB,Joachim Christensen
Joachim Christensen,477.99,13-05-2017,L,SUB,Gadzhimurad Antigulov
Enrique Barzola,531.09,13-05-2017,W,U-DEC,Gabriel Benitez
Gabriel Benitez,517.11,13-05-2017,L,U-DEC,Enrique Barzola
Cortney Casey,505.49,13-05-2017,W,U-DEC,Jessica Aguilar
Jessica Aguilar,468.73,13-05-2017,L,U-DEC,Cortney Casey
James Vick,605.89,13-05-2017,W,KO/TKO,Marco Polo Reyes
Marco Polo Reyes,531.36,13-05-2017,L,KO/TKO,James Vick
Chase Sherman,484.52,13-05-2017,W,KO/TKO,Rashad Coulter
Rashad Coulter,482.77,13-05-2017,L,KO/TKO,Chase Sherman
Jason Knight,558.41,13-05-2017,W,KO/TKO,Chas Skelly
Chas Skelly,557.43,13-05-2017,L,KO/TKO,Jason Knight
Eddie Alvarez,523.5,13-05-2017,L,CNC,Dustin Poirier
Dustin Poirier,635.71,13-05-2017,W,CNC,Eddie Alvarez
David Branch,520.94,13-05-2017,W,S-DEC,Krzysztof Jotko
Krzysztof Jotko,560.91,13-05-2017,L,S-DEC,David Branch
Frankie Edgar,666.19,13-05-2017,W,KO/TKO,Yair Rodriguez
Yair Rodriguez,584.03,13-05-2017,L,KO/TKO,Frankie Edgar
Demian Maia,700.78,13-05-2017,W,S-DEC,Jorge Masvidal
Jorge Masvidal,572.15,13-05-2017,L,S-DEC,Demian Maia
Joanna Jedrzejczyk,633.73,13-05-2017,W,U-DEC,Jessica Andrade
Jessica Andrade,542.29,13-05-2017,L,U-DEC,Joanna Jedrzejczyk
Stipe Miocic,655.56,13-05-2017,W,KO/TKO,Junior Dos Santos
Junior Dos Santos,618.09,13-05-2017,L,KO/TKO,Stipe Miocic
Damir Hadzovic,499.73,28-05-2017,W,KO/TKO,Marcin Held
Marcin Held,458.72,28-05-2017,L,KO/TKO,Damir Hadzovic
Darren Till,531.56,28-05-2017,W,U-DEC,Jessin Ayari
Jessin Ayari,499.22,28-05-2017,L,U-DEC,Darren Till
Bojan Velickovic,515.77,28-05-2017,W,KO/TKO,Nicholas Musoke
Nicholas Musoke,497.47,28-05-2017,L,KO/TKO,Bojan Velickovic
Joaquim Silva,548.21,28-05-2017,W,S-DEC,Reza Madadi
Reza Madadi,489.72,28-05-2017,L,S-DEC,Joaquim Silva
Trevor Smith,518.73,28-05-2017,W,U-DEC,Chris Camozzi
Chris Camozzi,476.93,28-05-2017,L,U-DEC,Trevor Smith
Pedro Munhoz,531.16,28-05-2017,W,U-DEC,Damian Stasiak
Damian Stasiak,506.02,28-05-2017,L,U-DEC,Pedro Munhoz
Jack Hermansson,511.71,28-05-2017,W,KO/TKO,Alex Nicholson
Alex Nicholson,467.25,28-05-2017,L,KO/TKO,Jack Hermansson
Nordine Taleb,539.64,28-05-2017,W,U-DEC,Oliver Enkamp
Oliver Enkamp,485.38,28-05-2017,L,U-DEC,Nordine Taleb
Omari Akhmedov,528.06,28-05-2017,W,S-DEC,Abdul Razak Alhassan
Abdul Razak Alhassan,499.04,28-05-2017,L,S-DEC,Omari Akhmedov
Peter Sobotta,516.24,28-05-2017,W,KO/TKO,Ben Saunders
Ben Saunders,548.59,28-05-2017,L,KO/TKO,Peter Sobotta
Volkan Oezdemir,536.99,28-05-2017,W,KO/TKO,Misha Cirkunov
Misha Cirkunov,557.82,28-05-2017,L,KO/TKO,Volkan Oezdemir
Alexander Gustafsson,600.87,28-05-2017,W,KO/TKO,Glover Teixeira
Glover Teixeira,594.02,28-05-2017,L,KO/TKO,Alexander Gustafsson
Deiveson Figueiredo,517.03,03-06-2017,W,KO/TKO,Marco Beltran
Marco Beltran,511.2,03-06-2017,L,KO/TKO,Deiveson Figueiredo
Luan Chagas,503.79,03-06-2017,W,SUB,Jim Wallhead
Jim Wallhead,465.22,03-06-2017,L,SUB,Luan Chagas
Viviane Pereira,532.71,03-06-2017,W,U-DEC,Jamie Moyle
Jamie Moyle,497.86,03-06-2017,L,U-DEC,Viviane Pereira
Brian Kelleher,522.8,03-06-2017,W,SUB,Iuri Alcantara
Iuri Alcantara,539.26,03-06-2017,L,SUB,Brian Kelleher
Matthew Lopez,517.75,03-06-2017,W,KO/TKO,Johnny Eduardo
Johnny Eduardo,495.86,03-06-2017,L,KO/TKO,Matthew Lopez
Antonio Carlos Junior,542.1,03-06-2017,W,SUB,Eric Spicely
Eric Spicely,502.36,03-06-2017,L,SUB,Antonio Carlos Junior
Raphael Assuncao,617.56,03-06-2017,W,S-DEC,Marlon Moraes
Marlon Moraes,488.38,03-06-2017,L,S-DEC,Raphael Assuncao
Yancy Medeiros,548.68,03-06-2017,W,KO/TKO,Erick Silva
Erick Silva,522.12,03-06-2017,L,KO/TKO,Yancy Medeiros
Paulo Costa,529.49,03-06-2017,W,KO/TKO,Oluwale Bamgbose
Oluwale Bamgbose,470.19,03-06-2017,L,KO/TKO,Paulo Costa
Vitor Belfort,572.95,03-06-2017,W,U-DEC,Nate Marquardt
Nate Marquardt,518.49,03-06-2017,L,U-DEC,Vitor Belfort
Claudia Gadelha,536.65,03-06-2017,W,SUB,Karolina Kowalkiewicz
Karolina Kowalkiewicz,511.32,03-06-2017,L,SUB,Claudia Gadelha
Max Holloway,693.9,03-06-2017,W,KO/TKO,Jose Aldo
Jose Aldo,608.87,03-06-2017,L,KO/TKO,Max Holloway
JJ Aldrich,500.74,10-06-2017,W,U-DEC,Chan-Mi Jeon
Chan-Mi Jeon,483.54,10-06-2017,L,U-DEC,JJ Aldrich
Zak Ottow,515.44,10-06-2017,W,S-DEC,Kiichi Kunimoto
Kiichi Kunimoto,511.4,10-06-2017,L,S-DEC,Zak Ottow
John Moraga,519.86,10-06-2017,W,U-DEC,Ashkan Mokhtarian
Ashkan Mokhtarian,484.45,10-06-2017,L,U-DEC,John Moraga
Luke Jumeau,514.47,10-06-2017,W,U-DEC,Dominique Steele
Dominique Steele,457.23,10-06-2017,L,U-DEC,Luke Jumeau
Vinc Pichel,533.89,10-06-2017,W,KO/TKO,Damien Brown
Damien Brown,499.9,10-06-2017,L,KO/TKO,Vinc Pichel
Alexander Volkanovski,530.24,10-06-2017,W,U-DEC,Mizuto Hirota
Mizuto Hirota,472.7,10-06-2017,L,U-DEC,Alexander Volkanovski
Ben Nguyen,548.89,10-06-2017,W,SUB,Tim Elliott
Tim Elliott,460.69,10-06-2017,L,SUB,Ben Nguyen
Ion Cutelaba,498.2,10-06-2017,W,KO/TKO,Henrique da Silva
Henrique da Silva,481.58,10-06-2017,L,KO/TKO,Ion Cutelaba
Dan Hooker,513.64,10-06-2017,W,KO/TKO,Ross Pearson
Ross Pearson,476.07,10-06-2017,L,KO/TKO,Dan Hooker
Derek Brunson,582.04,10-06-2017,W,KO/TKO,Daniel Kelly
Daniel Kelly,566.49,10-06-2017,L,KO/TKO,Derek Brunson
Mark Hunt,573.48,10-06-2017,W,KO/TKO,Derrick Lewis
Derrick Lewis,590.44,10-06-2017,L,KO/TKO,Mark Hunt
Lucie Pudilova,500.04,17-06-2017,W,U-DEC,Ji Yeon Kim
Ji Yeon Kim,483.5,17-06-2017,L,U-DEC,Lucie Pudilova
Naoki Inoue,515.75,17-06-2017,W,U-DEC,Carls John De Tomas
Carls John De Tomas,484.25,17-06-2017,L,U-DEC,Naoki Inoue
Russell Doane,479.61,17-06-2017,W,KO/TKO,Kwan Ho Kwak
Kwan Ho Kwak,467.53,17-06-2017,L,KO/TKO,Russell Doane
Li Jingliang,539.97,17-06-2017,W,U-DEC,Frank Camacho
Frank Camacho,483.93,17-06-2017,L,U-DEC,Li Jingliang
Yuta Sasaki,506.96,17-06-2017,W,SUB,Justin Scoggins
Justin Scoggins,484.62,17-06-2017,L,SUB,Yuta Sasaki
Alex Caceres,494.01,17-06-2017,W,KO/TKO,Rolando Dy
Rolando Dy,483.22,17-06-2017,L,KO/TKO,Alex Caceres
Walt Harris,492.08,17-06-2017,W,KO/TKO,Cyril Asker
Cyril Asker,481.46,17-06-2017,L,KO/TKO,Walt Harris
Jon Tuck,502.41,17-06-2017,W,SUB,Takanori Gomi
Takanori Gomi,451.08,17-06-2017,L,SUB,Jon Tuck
Rafael Dos Anjos,631.68,17-06-2017,W,U-DEC,Tarec Saffiedine
Tarec Saffiedine,485.9,17-06-2017,L,U-DEC,Rafael Dos Anjos
Colby Covington,599.65,17-06-2017,W,U-DEC,Dong Hyun Kim
Dong Hyun Kim,623.95,17-06-2017,L,U-DEC,Colby Covington
Marcin Tybura,537.82,17-06-2017,W,U-DEC,Andrei Arlovski
Andrei Arlovski,556.18,17-06-2017,L,U-DEC,Marcin Tybura
Holly Holm,515.11,17-06-2017,W,KO/TKO,Bethe Correia
Bethe Correia,509.46,17-06-2017,L,KO/TKO,Holly Holm
Jeremy Kimball,500.95,25-06-2017,W,KO/TKO,Josh Stansbury
Josh Stansbury,482.16,25-06-2017,L,KO/TKO,Jeremy Kimball
Anthony Rocco Martin,524.57,25-06-2017,W,U-DEC,Johnny Case
Johnny Case,525.46,25-06-2017,L,U-DEC,Anthony Rocco Martin
Jared Gordon,515.75,25-06-2017,W,KO/TKO,Michel Quinones
Michel Quinones,484.25,25-06-2017,L,KO/TKO,Jared Gordon
Darrell Horcher,501.46,25-06-2017,W,S-DEC,Devin Powell
Devin Powell,468.57,25-06-2017,L,S-DEC,Darrell Horcher
Carla Esparza,518.38,25-06-2017,W,U-DEC,Maryna Moroz
Maryna Moroz,517.43,25-06-2017,L,U-DEC,Carla Esparza
Marvin Vettori,517.74,25-06-2017,W,U-DEC,Vitor Miranda
Vitor Miranda,501.0,25-06-2017,L,U-DEC,Marvin Vettori
Clay Guida,532.86,25-06-2017,W,U-DEC,Erik Koch
Erik Koch,501.38,25-06-2017,L,U-DEC,Clay Guida
Dennis Siver,540.16,25-06-2017,W,M-DEC,BJ Penn
BJ Penn,519.61,25-06-2017,L,M-DEC,Dennis Siver
Tim Means,569.52,25-06-2017,W,U-DEC,Alex Garcia
Alex Garcia,517.92,25-06-2017,L,U-DEC,Tim Means
Dominick Reyes,514.75,25-06-2017,W,KO/TKO,Joachim Christensen
Joachim Christensen,463.24,25-06-2017,L,KO/TKO,Dominick Reyes
Felice Herrig,554.03,25-06-2017,W,U-DEC,Justine Kish
Justine Kish,513.85,25-06-2017,L,U-DEC,Felice Herrig
Tim Boetsch,534.04,25-06-2017,W,KO/TKO,Johny Hendricks
Johny Hendricks,577.84,25-06-2017,L,KO/TKO,Tim Boetsch
Kevin Lee,631.04,25-06-2017,W,SUB,Michael Chiesa
Michael Chiesa,573.12,25-06-2017,L,SUB,Kevin Lee
Gray Maynard,557.61,07-07-2017,W,U-DEC,Teruto Ishihara
Teruto Ishihara,497.3,07-07-2017,L,U-DEC,Gray Maynard
Tecia Pennington,562.45,07-07-2017,W,SUB,Juliana Lima
Juliana Lima,498.09,07-07-2017,L,SUB,Tecia Pennington
CB Dollaway,535.2,07-07-2017,W,U-DEC,Ed Herman
Ed Herman,532.36,07-07-2017,L,U-DEC,CB Dollaway
James Krause,540.62,07-07-2017,W,U-DEC,Tom Gallicchio
Tom Gallicchio,483.97,07-07-2017,L,U-DEC,James Krause
Angela Hill,481.54,07-07-2017,W,U-DEC,Ashley Yoder
Ashley Yoder,467.59,07-07-2017,L,U-DEC,Angela Hill
Jordan Johnson,532.83,07-07-2017,W,U-DEC,Marcel Fortuna
Marcel Fortuna,498.34,07-07-2017,L,U-DEC,Jordan Johnson
Brad Tavares,580.13,07-07-2017,W,U-DEC,Elias Theodorou
Elias Theodorou,544.9,07-07-2017,L,U-DEC,Brad Tavares
Jared Cannonier,520.68,07-07-2017,W,KO/TKO,Nick Roehrick
Nick Roehrick,484.48,07-07-2017,L,KO/TKO,Jared Cannonier
Drakkar Klose,533.69,07-07-2017,W,S-DEC,Marc Diakiese
Marc Diakiese,528.13,07-07-2017,L,S-DEC,Drakkar Klose
Jesse Taylor,498.03,07-07-2017,W,SUB,Dhiego Lima
Dhiego Lima,450.61,07-07-2017,L,SUB,Jesse Taylor
Justin Gaethje,517.57,07-07-2017,W,KO/TKO,Michael Johnson
Michael Johnson,522.78,07-07-2017,L,KO/TKO,Justin Gaethje
Trevin Giles,515.75,08-07-2017,W,KO/TKO,James Bochnovic
James Bochnovic,484.25,08-07-2017,L,KO/TKO,Trevin Giles
Cody Stamann,515.75,08-07-2017,W,U-DEC,Terrion Ware
Terrion Ware,484.25,08-07-2017,L,U-DEC,Cody Stamann
Belal Muhammad,519.65,08-07-2017,W,U-DEC,Jordan Mein
Jordan Mein,488.18,08-07-2017,L,U-DEC,Belal Muhammad
Thiago Santos,545.46,08-07-2017,W,KO/TKO,Gerald Meerschaert
Gerald Meerschaert,521.66,08-07-2017,L,KO/TKO,Thiago Santos
Chad Laprise,542.59,08-07-2017,W,KO/TKO,Brian Camozzi
Brian Camozzi,469.79,08-07-2017,L,KO/TKO,Chad Laprise
Aleksei Oleinik,556.06,08-07-2017,W,SUB,Travis Browne
Travis Browne,523.41,08-07-2017,L,SUB,Aleksei Oleinik
Rob Font,549.64,08-07-2017,W,SUB,Douglas Silva de Andrade
Douglas Silva de Andrade,497.38,08-07-2017,L,SUB,Rob Font
Anthony Pettis,562.75,08-07-2017,W,U-DEC,Jim Miller
Jim Miller,574.32,08-07-2017,L,U-DEC,Anthony Pettis
Curtis Blaydes,531.3,08-07-2017,W,U-DEC,Daniel Omielanczuk
Daniel Omielanczuk,483.88,08-07-2017,L,U-DEC,Curtis Blaydes
Alistair Overeem,592.36,08-07-2017,W,M-DEC,Fabricio Werdum
Fabricio Werdum,604.34,08-07-2017,L,M-DEC,Alistair Overeem
Robert Whittaker,651.66,08-07-2017,W,U-DEC,Yoel Romero
Yoel Romero,629.66,08-07-2017,L,U-DEC,Robert Whittaker
Leslie Smith,517.08,16-07-2017,W,KO/TKO,Amanda Lemos
Amanda Lemos,483.53,16-07-2017,L,KO/TKO,Leslie Smith
Brett Johns,531.67,16-07-2017,W,U-DEC,Albert Morales
Albert Morales,487.63,16-07-2017,L,U-DEC,Brett Johns
Danny Henry,515.75,16-07-2017,W,U-DEC,Daniel Teymur
Daniel Teymur,484.25,16-07-2017,L,U-DEC,Danny Henry
Galore Bofando,515.04,16-07-2017,W,KO/TKO,Charlie Ward
Charlie Ward,469.21,16-07-2017,L,KO/TKO,Galore Bofando
Alexandre Pantoja,534.72,16-07-2017,W,SUB,Neil Seery
Neil Seery,485.02,16-07-2017,L,SUB,Alexandre Pantoja
Danny Roberts,531.84,16-07-2017,W,KO/TKO,Bobby Nash
Bobby Nash,469.65,16-07-2017,L,KO/TKO,Danny Roberts
Justin Willis,515.75,16-07-2017,W,U-DEC,James Mulheron
James Mulheron,484.25,16-07-2017,L,U-DEC,Justin Willis
Khalil Rountree Jr.,499.89,16-07-2017,W,KO/TKO,Paul Craig
Paul Craig,486.84,16-07-2017,L,KO/TKO,Khalil Rountree Jr.
Jack Marshman,517.6,16-07-2017,W,U-DEC,Ryan Janes
Ryan Janes,480.77,16-07-2017,L,U-DEC,Jack Marshman
Paul Felder,554.53,16-07-2017,W,KO/TKO,Stevie Ray
Stevie Ray,543.28,16-07-2017,L,KO/TKO,Paul Felder
Cynthia Calvillo,553.52,16-07-2017,W,U-DEC,Joanne Wood
Joanne Wood,492.54,16-07-2017,L,U-DEC,Cynthia Calvillo
Santiago Ponzinibbio,589.05,16-07-2017,W,KO/TKO,Gunnar Nelson
Gunnar Nelson,577.07,16-07-2017,L,KO/TKO,Santiago Ponzinibbio
Chris Wade,548.0,22-07-2017,W,U-DEC,Frankie Perez
Frankie Perez,470.87,22-07-2017,L,U-DEC,Chris Wade
Shane Burgos,549.45,22-07-2017,W,U-DEC,Godofredo Pepey
Godofredo Pepey,513.43,22-07-2017,L,U-DEC,Shane Burgos
Junior Albini,516.49,22-07-2017,W,KO/TKO,Timothy Johnson
Timothy Johnson,499.87,22-07-2017,L,KO/TKO,Junior Albini
Marlon Vera,538.43,22-07-2017,W,SUB,Brian Kelleher
Brian Kelleher,501.22,22-07-2017,L,SUB,Marlon Vera
Jeremy Kennedy,547.34,22-07-2017,W,U-DEC,Kyle Bochniak
Kyle Bochniak,485.18,22-07-2017,L,U-DEC,Jeremy Kennedy
Chase Sherman,500.28,22-07-2017,W,U-DEC,Damian Grabowski
Damian Grabowski,453.14,22-07-2017,L,U-DEC,Chase Sherman
Alex Oliveira,580.8,22-07-2017,W,KO/TKO,Ryan LaFlare
Ryan LaFlare,563.94,22-07-2017,L,KO/TKO,Alex Oliveira
Eryk Anders,517.62,22-07-2017,W,KO/TKO,Rafael Natal
Rafael Natal,523.73,22-07-2017,L,KO/TKO,Eryk Anders
Elizeu Zaleski dos Santos,534.18,22-07-2017,W,S-DEC,Lyman Good
Lyman Good,498.44,22-07-2017,L,S-DEC,Elizeu Zaleski dos Santos
Jimmie Rivera,586.63,22-07-2017,W,U-DEC,Thomas Almeida
Thomas Almeida,539.14,22-07-2017,L,U-DEC,Jimmie Rivera
Patrick Cummins,534.0,22-07-2017,W,S-DEC,Gian Villante
Gian Villante,483.26,22-07-2017,L,S-DEC,Patrick Cummins
Darren Elkins,627.52,22-07-2017,W,S-DEC,Dennis Bermudez
Dennis Bermudez,559.75,22-07-2017,L,S-DEC,Darren Elkins
Chris Weidman,638.38,22-07-2017,W,SUB,Kelvin Gastelum
Kelvin Gastelum,600.65,22-07-2017,L,SUB,Chris Weidman
Drew Dober,510.37,29-07-2017,W,KO/TKO,Joshua Burkman
Joshua Burkman,435.38,29-07-2017,L,KO/TKO,Drew Dober
Jarred Brooks,515.04,29-07-2017,W,S-DEC,Eric Shelton
Eric Shelton,469.21,29-07-2017,L,S-DEC,Jarred Brooks
Aleksandra Albu,532.45,29-07-2017,W,U-DEC,Kailin Curran
Kailin Curran,439.33,29-07-2017,L,U-DEC,Aleksandra Albu
Calvin Kattar,516.12,29-07-2017,W,U-DEC,Andre Fili
Andre Fili,491.96,29-07-2017,L,U-DEC,Calvin Kattar
Brian Ortega,589.92,29-07-2017,W,SUB,Renato Moicano
Renato Moicano,531.81,29-07-2017,L,SUB,Brian Ortega
Aljamain Sterling,574.8,29-07-2017,W,U-DEC,Renan Barao
Renan Barao,573.01,29-07-2017,L,U-DEC,Aljamain Sterling
Ricardo Lamas,602.12,29-07-2017,W,KO/TKO,Jason Knight
Jason Knight,543.26,29-07-2017,L,KO/TKO,Ricardo Lamas
Volkan Oezdemir,555.84,29-07-2017,W,KO/TKO,Jimi Manuwa
Jimi Manuwa,550.36,29-07-2017,L,KO/TKO,Volkan Oezdemir
Robbie Lawler,635.46,29-07-2017,W,U-DEC,Donald Cerrone
Donald Cerrone,674.03,29-07-2017,L,U-DEC,Robbie Lawler
Cristiane Justino,547.19,29-07-2017,W,KO/TKO,Tonya Evinger
Tonya Evinger,484.31,29-07-2017,L,KO/TKO,Cristiane Justino
Tyron Woodley,627.78,29-07-2017,W,U-DEC,Demian Maia
Demian Maia,676.94,29-07-2017,L,U-DEC,Tyron Woodley
Daniel Cormier,631.08,29-07-2017,L,Overturned,Jon Jones
Jon Jones,769.96,29-07-2017,W,Overturned,Daniel Cormier
Jordan Rinaldi,505.6,05-08-2017,W,SUB,Alvaro Herrera Mendoza
Alvaro Herrera Mendoza,475.18,05-08-2017,L,SUB,Jordan Rinaldi
Joseph Morales,519.37,05-08-2017,W,SUB,Robert Sanchez
Robert Sanchez,480.63,05-08-2017,L,SUB,Joseph Morales
Jose Quinonez,537.1,05-08-2017,W,U-DEC,Diego Rivas
Diego Rivas,514.42,05-08-2017,L,U-DEC,Jose Quinonez
Rani Yahya,574.72,05-08-2017,W,SUB,Henry Briones
Henry Briones,470.51,05-08-2017,L,SUB,Rani Yahya
Dustin Ortiz,513.39,05-08-2017,W,KO/TKO,Hector Sandoval
Hector Sandoval,498.07,05-08-2017,L,KO/TKO,Dustin Ortiz
Jack Hermansson,527.95,05-08-2017,W,KO/TKO,Brad Scott
Brad Scott,489.91,05-08-2017,L,KO/TKO,Jack Hermansson
Alejandro Perez,538.73,05-08-2017,W,S-DEC,Andre Soukhamthath
Andre Soukhamthath,468.39,05-08-2017,L,S-DEC,Alejandro Perez
Sam Alvey,574.2,05-08-2017,W,S-DEC,Rashad Evans
Rashad Evans,579.28,05-08-2017,L,S-DEC,Sam Alvey
Humberto Bandenay,516.46,05-08-2017,W,KO/TKO,Martin Bravo
Martin Bravo,499.29,05-08-2017,L,KO/TKO,Humberto Bandenay
Niko Price,550.82,05-08-2017,W,KO/TKO,Alan Jouban
Alan Jouban,525.14,05-08-2017,L,KO/TKO,Niko Price
Alexa Grasso,515.13,05-08-2017,W,S-DEC,Randa Markos
Randa Markos,482.0,05-08-2017,L,S-DEC,Alexa Grasso
Sergio Pettis,573.93,05-08-2017,W,U-DEC,Brandon Moreno
Brandon Moreno,539.95,05-08-2017,L,U-DEC,Sergio Pettis
Thibault Gouti,467.85,02-09-2017,W,KO/TKO,Andrew Holbrook
Andrew Holbrook,482.52,02-09-2017,L,KO/TKO,Thibault Gouti
Abdul-Kerim Edilov,514.32,02-09-2017,W,KO/TKO,Bojan Mihajlovic
Bojan Mihajlovic,454.09,02-09-2017,L,KO/TKO,Abdul-Kerim Edilov
Zabit Magomedsharipov,519.06,02-09-2017,W,SUB,Mike Santiago
Mike Santiago,480.94,02-09-2017,L,SUB,Zabit Magomedsharipov
Aleksandar Rakic,516.21,02-09-2017,W,U-DEC,Francimar Barroso
Francimar Barroso,494.01,02-09-2017,L,U-DEC,Aleksandar Rakic
Rustam Khabilov,597.68,02-09-2017,W,U-DEC,Desmond Green
Desmond Green,501.97,02-09-2017,L,U-DEC,Rustam Khabilov
Michel Prazeres,585.32,02-09-2017,W,SUB,Mads Burnell
Mads Burnell,481.96,02-09-2017,L,SUB,Michel Prazeres
Mairbek Taisumov,579.28,02-09-2017,W,KO/TKO,Felipe Silva
Felipe Silva,498.2,02-09-2017,L,KO/TKO,Mairbek Taisumov
Darren Till,548.03,02-09-2017,W,U-DEC,Bojan Velickovic
Bojan Velickovic,499.3,02-09-2017,L,U-DEC,Darren Till
Leon Edwards,572.45,02-09-2017,W,U-DEC,Bryan Barberena
Bryan Barberena,521.85,02-09-2017,L,U-DEC,Leon Edwards
Marion Reneau,533.35,02-09-2017,W,KO/TKO,Talita Bernardo
Talita Bernardo,484.34,02-09-2017,L,KO/TKO,Marion Reneau
Siyar Bahadurzada,524.11,02-09-2017,W,KO/TKO,Rob Wilkinson
Rob Wilkinson,483.88,02-09-2017,L,KO/TKO,Siyar Bahadurzada
Alexander Volkov,552.64,02-09-2017,W,KO/TKO,Stefan Struve
Stefan Struve,567.11,02-09-2017,L,KO/TKO,Alexander Volkov
Kajan Johnson,532.65,09-09-2017,W,KO/TKO,Adriano Martins
Adriano Martins,519.41,09-09-2017,L,KO/TKO,Kajan Johnson
Arjan Bhullar,516.02,09-09-2017,W,U-DEC,Luis Henrique
Luis Henrique,489.9,09-09-2017,L,U-DEC,Arjan Bhullar
Alex White,495.72,09-09-2017,W,KO/TKO,Mitch Clarke
Mitch Clarke,460.47,09-09-2017,L,KO/TKO,Alex White
Ricky Glenn,516.63,09-09-2017,W,U-DEC,Gavin Tucker
Gavin Tucker,497.58,09-09-2017,L,U-DEC,Ricky Glenn
Sarah Moras,519.24,09-09-2017,W,SUB,Ashlee Evans-Smith
Ashlee Evans-Smith,478.87,09-09-2017,L,SUB,Sarah Moras
Ketlen Vieira,552.71,09-09-2017,W,SUB,Sara McMann
Sara McMann,516.58,09-09-2017,L,SUB,Ketlen Vieira
Jeremy Stephens,518.29,09-09-2017,W,U-DEC,Gilbert Melendez
Gilbert Melendez,447.83,09-09-2017,L,U-DEC,Jeremy Stephens
Ilir Latifi,554.88,09-09-2017,W,U-DEC,Tyson Pedro
Tyson Pedro,519.55,09-09-2017,L,U-DEC,Ilir Latifi
Henry Cejudo,551.73,09-09-2017,W,KO/TKO,Wilson Reis
Wilson Reis,532.47,09-09-2017,L,KO/TKO,Henry Cejudo
Rafael Dos Anjos,651.27,09-09-2017,W,SUB,Neil Magny
Neil Magny,600.1,09-09-2017,L,SUB,Rafael Dos Anjos
Amanda Nunes,619.59,09-09-2017,W,S-DEC,Valentina Shevchenko
Valentina Shevchenko,523.32,09-09-2017,L,S-DEC,Amanda Nunes
Gilbert Burns,548.66,16-09-2017,W,KO/TKO,Jason Saggo
Jason Saggo,500.0,16-09-2017,L,KO/TKO,Gilbert Burns
Uriah Hall,510.48,16-09-2017,W,KO/TKO,Krzysztof Jotko
Krzysztof Jotko,542.06,16-09-2017,L,KO/TKO,Uriah Hall
Daniel Spitz,498.21,16-09-2017,W,KO/TKO,Anthony Hamilton
Anthony Hamilton,448.54,16-09-2017,L,KO/TKO,Daniel Spitz
Olivier Aubin-Mercier,573.01,16-09-2017,W,S-DEC,Anthony Rocco Martin
Anthony Rocco Martin,508.94,16-09-2017,L,S-DEC,Olivier Aubin-Mercier
Justin Ledet,550.64,16-09-2017,W,S-DEC,Azunna Anyanwu
Azunna Anyanwu,484.49,16-09-2017,L,S-DEC,Justin Ledet
Kamaru Usman,608.09,16-09-2017,W,KO/TKO,Sergio Moraes
Sergio Moraes,568.37,16-09-2017,L,KO/TKO,Kamaru Usman
Gregor Gillespie,551.54,16-09-2017,W,SUB,Jason Gonzalez
Jason Gonzalez,483.76,16-09-2017,L,SUB,Gregor Gillespie
Anthony Smith,531.44,16-09-2017,W,KO/TKO,Hector Lombard
Hector Lombard,458.77,16-09-2017,L,KO/TKO,Anthony Smith
Mike Perry,548.19,16-09-2017,W,KO/TKO,Alex Reyes
Alex Reyes,485.07,16-09-2017,L,KO/TKO,Mike Perry
Luke Rockhold,600.59,16-09-2017,W,KO/TKO,David Branch
David Branch,508.19,16-09-2017,L,KO/TKO,Luke Rockhold
Daichi Abe,515.6,22-09-2017,W,U-DEC,Hyun Gyu Lim
Hyun Gyu Lim,481.11,22-09-2017,L,U-DEC,Daichi Abe
Shinsho Anzai,517.86,22-09-2017,W,U-DEC,Luke Jumeau
Luke Jumeau,497.32,22-09-2017,L,U-DEC,Shinsho Anzai
Syuri Kondo,515.0,22-09-2017,W,S-DEC,Chan-Mi Jeon
Chan-Mi Jeon,468.54,22-09-2017,L,S-DEC,Syuri Kondo
Keita Nakamura,487.28,22-09-2017,W,S-DEC,Alex Morono
Alex Morono,499.12,22-09-2017,L,S-DEC,Keita Nakamura
Jussier Formiga,541.55,22-09-2017,W,SUB,Yuta Sasaki
Yuta Sasaki,488.49,22-09-2017,L,SUB,Jussier Formiga
Teruto Ishihara,512.41,22-09-2017,W,U-DEC,Rolando Dy
Rolando Dy,468.11,22-09-2017,L,U-DEC,Teruto Ishihara
Gokhan Saki,514.92,22-09-2017,W,KO/TKO,Henrique da Silva
Henrique da Silva,466.66,22-09-2017,L,KO/TKO,Gokhan Saki
Dong Hyun Ma,499.97,22-09-2017,W,KO/TKO,Takanori Gomi
Takanori Gomi,436.19,22-09-2017,L,KO/TKO,Dong Hyun Ma
Jessica Andrade,557.78,22-09-2017,W,U-DEC,Claudia Gadelha
Claudia Gadelha,521.16,22-09-2017,L,U-DEC,Jessica Andrade
Ovince Saint Preux,568.24,22-09-2017,W,SUB,Yushin Okami
Yushin Okami,581.69,22-09-2017,L,SUB,Ovince Saint Preux
Brad Tavares,598.09,07-10-2017,W,U-DEC,Thales Leites
Thales Leites,576.43,07-10-2017,L,U-DEC,Brad Tavares
John Moraga,536.2,07-10-2017,W,KO/TKO,Bibulatov Magomed
Bibulatov Magomed,500.09,07-10-2017,L,KO/TKO,John Moraga
Matt Schnell,486.76,07-10-2017,W,U-DEC,Marco Beltran
Marco Beltran,493.55,07-10-2017,L,U-DEC,Matt Schnell
Poliana Botelho,514.91,07-10-2017,W,U-DEC,Pearl Gonzalez
Pearl Gonzalez,466.54,07-10-2017,L,U-DEC,Poliana Botelho
Lando Vannata,488.65,07-10-2017,L,S-DEC,King Green
King Green,521.66,07-10-2017,W,S-DEC,Lando Vannata
Cody Stamann,532.26,07-10-2017,W,S-DEC,Tom Duquesnoy
Tom Duquesnoy,499.48,07-10-2017,L,S-DEC,Cody Stamann
Beneil Dariush,589.63,07-10-2017,L,M-DEC,Evan Dunham
Evan Dunham,580.78,07-10-2017,W,M-DEC,Beneil Dariush
Mara Romero Borella,519.37,07-10-2017,W,SUB,Kalindra Faria
Kalindra Faria,480.63,07-10-2017,L,SUB,Mara Romero Borella
Fabricio Werdum,617.66,07-10-2017,W,SUB,Walt Harris
Walt Harris,478.76,07-10-2017,L,SUB,Fabricio Werdum
Demetrious Johnson,731.6,07-10-2017,W,SUB,Ray Borg
Ray Borg,541.17,07-10-2017,L,SUB,Demetrious Johnson
Tony Ferguson,714.3,07-10-2017,W,SUB,Kevin Lee
Kevin Lee,608.93,07-10-2017,L,SUB,Tony Ferguson
Josh Emmett,531.76,21-10-2017,W,U-DEC,Felipe Arantes
Felipe Arantes,506.2,21-10-2017,L,U-DEC,Josh Emmett
Aspen Ladd,515.78,21-10-2017,W,KO/TKO,Lina Lansberg
Lina Lansberg,484.93,21-10-2017,L,KO/TKO,Aspen Ladd
Warlley Alves,554.93,21-10-2017,W,U-DEC,Salim Touahri
Salim Touahri,486.1,21-10-2017,L,U-DEC,Warlley Alves
Andre Fili,507.66,21-10-2017,W,U-DEC,Artem Lobov
Artem Lobov,475.05,21-10-2017,L,U-DEC,Andre Fili
Ramazan Emeev,519.06,21-10-2017,W,U-DEC,Sam Alvey
Sam Alvey,555.14,21-10-2017,L,U-DEC,Ramazan Emeev
Brian Kelleher,517.19,21-10-2017,W,KO/TKO,Damian Stasiak
Damian Stasiak,490.05,21-10-2017,L,KO/TKO,Brian Kelleher
Marcin Held,476.33,21-10-2017,W,U-DEC,Nasrat Haqparast
Nasrat Haqparast,482.39,21-10-2017,L,U-DEC,Marcin Held
Oskar Piechota,514.97,21-10-2017,W,U-DEC,Jonathan Wilson
Jonathan Wilson,467.77,21-10-2017,L,U-DEC,Oskar Piechota
Jan Blachowicz,494.24,21-10-2017,W,SUB,Devin Clark
Devin Clark,495.61,21-10-2017,L,SUB,Jan Blachowicz
Karolina Kowalkiewicz,526.56,21-10-2017,W,U-DEC,Jodie Esquibel
Jodie Esquibel,484.76,21-10-2017,L,U-DEC,Karolina Kowalkiewicz
Darren Till,572.29,21-10-2017,W,KO/TKO,Donald Cerrone
Donald Cerrone,649.77,21-10-2017,L,KO/TKO,Darren Till
Marcelo Golm,518.25,28-10-2017,W,SUB,Christian Colombo
Christian Colombo,461.68,28-10-2017,L,SUB,Marcelo Golm
Deiveson Figueiredo,533.44,28-10-2017,W,S-DEC,Jarred Brooks
Jarred Brooks,498.63,28-10-2017,L,S-DEC,Deiveson Figueiredo
Elizeu Zaleski dos Santos,550.52,28-10-2017,W,U-DEC,Max Griffin
Max Griffin,485.63,28-10-2017,L,U-DEC,Elizeu Zaleski dos Santos
Jared Gordon,531.19,28-10-2017,W,U-DEC,Hacran Dias
Hacran Dias,478.01,28-10-2017,L,U-DEC,Jared Gordon
Antonio Carlos Junior,562.68,28-10-2017,W,SUB,Jack Marshman
Jack Marshman,497.02,28-10-2017,L,SUB,Antonio Carlos Junior
Vicente Luque,557.76,28-10-2017,W,SUB,Niko Price
Niko Price,531.06,28-10-2017,L,SUB,Vicente Luque
John Lineker,620.7,28-10-2017,W,U-DEC,Marlon Vera
Marlon Vera,525.79,28-10-2017,L,U-DEC,John Lineker
Thiago Santos,561.84,28-10-2017,W,KO/TKO,Jack Hermansson
Jack Hermansson,511.57,28-10-2017,L,KO/TKO,Thiago Santos
Francisco Trinaldo,618.81,28-10-2017,W,U-DEC,Jim Miller
Jim Miller,559.93,28-10-2017,L,U-DEC,Francisco Trinaldo
Pedro Munhoz,554.48,28-10-2017,W,SUB,Rob Font
Rob Font,526.32,28-10-2017,L,SUB,Pedro Munhoz
Colby Covington,622.5,28-10-2017,W,U-DEC,Demian Maia
Demian Maia,654.09,28-10-2017,L,U-DEC,Colby Covington
Derek Brunson,598.5,28-10-2017,W,KO/TKO,Lyoto Machida
Lyoto Machida,564.82,28-10-2017,L,KO/TKO,Derek Brunson
Ricardo Ramos,532.2,04-11-2017,W,KO/TKO,Aiemann Zahabi
Aiemann Zahabi,499.08,04-11-2017,L,KO/TKO,Ricardo Ramos
Curtis Blaydes,549.78,04-11-2017,W,KO/TKO,Aleksei Oleinik
Aleksei Oleinik,537.58,04-11-2017,L,KO/TKO,Curtis Blaydes
Randy Brown,530.75,04-11-2017,W,U-DEC,Mickey Gall
Mickey Gall,540.95,04-11-2017,L,U-DEC,Randy Brown
Ovince Saint Preux,583.97,04-11-2017,W,KO/TKO,Corey Anderson
Corey Anderson,521.72,04-11-2017,L,KO/TKO,Ovince Saint Preux
Mark Godbeer,512.87,04-11-2017,W,DQ,Walt Harris
Walt Harris,463.14,04-11-2017,L,DQ,Mark Godbeer
James Vick,620.58,04-11-2017,W,KO/TKO,Joe Duffy
Joe Duffy,539.23,04-11-2017,L,KO/TKO,James Vick
Paulo Costa,549.13,04-11-2017,W,KO/TKO,Johny Hendricks
Johny Hendricks,558.2,04-11-2017,L,KO/TKO,Paulo Costa
Stephen Thompson,617.26,04-11-2017,W,U-DEC,Jorge Masvidal
Jorge Masvidal,557.79,04-11-2017,L,U-DEC,Stephen Thompson
Rose Namajunas,564.93,04-11-2017,W,KO/TKO,Joanna Jedrzejczyk
Joanna Jedrzejczyk,613.07,04-11-2017,L,KO/TKO,Rose Namajunas
TJ Dillashaw,635.01,04-11-2017,W,KO/TKO,Cody Garbrandt
Cody Garbrandt,589.1,04-11-2017,L,KO/TKO,TJ Dillashaw
Georges St-Pierre,789.01,04-11-2017,W,SUB,Michael Bisping
Michael Bisping,638.32,04-11-2017,L,SUB,Georges St-Pierre
Karl Roberson,519.3,11-11-2017,W,SUB,Darren Stewart
Darren Stewart,479.34,11-11-2017,L,SUB,Karl Roberson
Jake Collier,500.18,11-11-2017,W,U-DEC,Marcel Fortuna
Marcel Fortuna,481.93,11-11-2017,L,U-DEC,Jake Collier
Sean Strickland,564.25,11-11-2017,W,U-DEC,Court McGee
Court McGee,508.55,11-11-2017,L,U-DEC,Sean Strickland
Nina Nunes,503.52,11-11-2017,W,U-DEC,Angela Hill
Angela Hill,465.31,11-11-2017,L,U-DEC,Nina Nunes
Sage Northcutt,522.45,11-11-2017,W,U-DEC,Michel Quinones
Michel Quinones,469.56,11-11-2017,L,U-DEC,Sage Northcutt
Tatiana Suarez,536.5,11-11-2017,W,U-DEC,Viviane Pereira
Viviane Pereira,515.58,11-11-2017,L,U-DEC,Tatiana Suarez
Marlon Moraes,507.76,11-11-2017,W,S-DEC,John Dodson
John Dodson,550.64,11-11-2017,L,S-DEC,Marlon Moraes
Clay Guida,550.03,11-11-2017,W,KO/TKO,Joe Lauzon
Joe Lauzon,529.76,11-11-2017,L,KO/TKO,Clay Guida
Raphael Assuncao,629.99,11-11-2017,W,KO/TKO,Matthew Lopez
Matthew Lopez,505.32,11-11-2017,L,KO/TKO,Raphael Assuncao
Cezar Ferreira,561.2,11-11-2017,W,S-DEC,Nate Marquardt
Nate Marquardt,504.02,11-11-2017,L,S-DEC,Cezar Ferreira
Andrei Arlovski,570.14,11-11-2017,W,U-DEC,Junior Albini
Junior Albini,502.53,11-11-2017,L,U-DEC,Andrei Arlovski
Matt Brown,561.52,11-11-2017,W,KO/TKO,Diego Sanchez
Diego Sanchez,536.57,11-11-2017,L,KO/TKO,Matt Brown
Dustin Poirier,648.8,11-11-2017,W,KO/TKO,Anthony Pettis
Anthony Pettis,549.66,11-11-2017,L,KO/TKO,Dustin Poirier
Adam Wieczorek,513.43,18-11-2017,W,U-DEC,Anthony Hamilton
Anthony Hamilton,435.11,18-11-2017,L,U-DEC,Adam Wieczorek
Eric Shelton,486.29,18-11-2017,W,U-DEC,Jenel Lausa
Jenel Lausa,481.53,18-11-2017,L,U-DEC,Eric Shelton
Nadia Kassem,514.89,18-11-2017,W,U-DEC,Alex Chambers
Alex Chambers,466.09,18-11-2017,L,U-DEC,Nadia Kassem
Frank Camacho,500.4,18-11-2017,W,S-DEC,Damien Brown
Damien Brown,483.43,18-11-2017,L,S-DEC,Frank Camacho
Tai Tuivasa,514.97,18-11-2017,W,KO/TKO,Rashad Coulter
Rashad Coulter,467.8,18-11-2017,L,KO/TKO,Tai Tuivasa
Nik Lentz,574.37,18-11-2017,W,SUB,Will Brooks
Will Brooks,470.45,18-11-2017,L,SUB,Nik Lentz
Ryan Benoit,498.01,18-11-2017,W,KO/TKO,Ashkan Mokhtarian
Ashkan Mokhtarian,468.6,18-11-2017,L,KO/TKO,Ryan Benoit
Alexander Volkanovski,545.99,18-11-2017,W,U-DEC,Shane Young
Shane Young,484.25,18-11-2017,L,U-DEC,Alexander Volkanovski
Elias Theodorou,561.63,18-11-2017,W,U-DEC,Daniel Kelly
Daniel Kelly,549.76,18-11-2017,L,U-DEC,Elias Theodorou
Jake Matthews,532.86,18-11-2017,W,S-DEC,Bojan Velickovic
Bojan Velickovic,484.39,18-11-2017,L,S-DEC,Jake Matthews
Belal Muhammad,539.36,18-11-2017,W,S-DEC,Tim Means
Tim Means,549.81,18-11-2017,L,S-DEC,Belal Muhammad
Jessica-Rose Clark,515.29,18-11-2017,W,S-DEC,Bec Rawlings
Bec Rawlings,474.54,18-11-2017,L,S-DEC,Jessica-Rose Clark
Fabricio Werdum,630.43,18-11-2017,W,U-DEC,Marcin Tybura
Marcin Tybura,525.05,18-11-2017,L,U-DEC,Fabricio Werdum
Cyril Asker,501.53,25-11-2017,W,SUB,Hu Yaozong
Hu Yaozong,479.93,25-11-2017,L,SUB,Cyril Asker
Rolando Dy,485.3,25-11-2017,W,U-DEC,Wulijiburen
Wulijiburen,482.81,25-11-2017,L,U-DEC,Rolando Dy
Gina Mazany,496.52,25-11-2017,W,U-DEC,Wu Yanan
Wu Yanan,483.34,25-11-2017,L,U-DEC,Gina Mazany
Shamil Abdurakhimov,515.94,25-11-2017,W,KO/TKO,Chase Sherman
Chase Sherman,484.53,25-11-2017,L,KO/TKO,Shamil Abdurakhimov
Song Yadong,519.37,25-11-2017,W,SUB,Bharat Kandare
Bharat Kandare,480.63,25-11-2017,L,SUB,Song Yadong
Yan Xiaonan,513.03,25-11-2017,W,U-DEC,Kailin Curran
Kailin Curran,426.3,25-11-2017,L,U-DEC,Yan Xiaonan
Song Kenan,514.38,25-11-2017,W,KO/TKO,Bobby Nash
Bobby Nash,455.27,25-11-2017,L,KO/TKO,Song Kenan
Zabit Magomedsharipov,537.62,25-11-2017,W,SUB,Sheymon Moraes
Sheymon Moraes,481.44,25-11-2017,L,SUB,Zabit Magomedsharipov
Alex Garcia,536.0,25-11-2017,W,SUB,Muslim Salikhov
Muslim Salikhov,481.92,25-11-2017,L,SUB,Alex Garcia
Wang Guan,515.48,25-11-2017,W,S-DEC,Alex Caceres
Alex Caceres,478.53,25-11-2017,L,S-DEC,Wang Guan
Li Jingliang,556.7,25-11-2017,W,KO/TKO,Zak Ottow
Zak Ottow,498.71,25-11-2017,L,KO/TKO,Li Jingliang
Kelvin Gastelum,618.1,25-11-2017,W,KO/TKO,Michael Bisping
Michael Bisping,620.87,25-11-2017,L,KO/TKO,Kelvin Gastelum
Gillian Robertson,519.37,01-12-2017,W,SUB,Emily Whitmire
Emily Whitmire,480.63,01-12-2017,L,SUB,Gillian Robertson
Shana Dobson,515.75,01-12-2017,W,KO/TKO,Ariel Beck
Ariel Beck,484.25,01-12-2017,L,KO/TKO,Shana Dobson
Rachael Ostovich,519.37,01-12-2017,W,SUB,Karine Gevorgyan
Karine Gevorgyan,480.63,01-12-2017,L,SUB,Rachael Ostovich
Ryan Janes,498.04,01-12-2017,W,KO/TKO,Andrew Sanchez
Andrew Sanchez,497.07,01-12-2017,L,KO/TKO,Ryan Janes
Montana De La Rosa,519.37,01-12-2017,W,SUB,Christina Marks
Christina Marks,480.63,01-12-2017,L,SUB,Montana De La Rosa
Brett Johns,552.33,01-12-2017,W,SUB,Joe Soto
Joe Soto,501.85,01-12-2017,L,SUB,Brett Johns
DeAnna Bennett,500.0,01-12-2017,L,M-DEC,Melinda Fabian
Melinda Fabian,500.0,01-12-2017,W,M-DEC,DeAnna Bennett
Gerald Meerschaert,536.54,01-12-2017,W,KO/TKO,Eric Spicely
Eric Spicely,487.48,01-12-2017,L,KO/TKO,Gerald Meerschaert
Lauren Murphy,486.89,01-12-2017,W,S-DEC,Barb Honchak
Barb Honchak,482.88,01-12-2017,L,S-DEC,Lauren Murphy
Sean O'Malley,515.04,01-12-2017,W,U-DEC,Terrion Ware
Terrion Ware,469.21,01-12-2017,L,U-DEC,Sean O'Malley
Nicco Montano,515.04,01-12-2017,W,U-DEC,Roxanne Modafferi
Roxanne Modafferi,469.21,01-12-2017,L,U-DEC,Nicco Montano
Justin Willis,531.5,02-12-2017,W,KO/TKO,Allen Crowder
Allen Crowder,484.25,02-12-2017,L,KO/TKO,Justin Willis
Dominick Reyes,534.24,02-12-2017,W,SUB,Jeremy Kimball
Jeremy Kimball,481.46,02-12-2017,L,SUB,Dominick Reyes
Abdul Razak Alhassan,514.19,02-12-2017,W,KO/TKO,Sabah Homasi
Sabah Homasi,470.67,02-12-2017,L,KO/TKO,Abdul Razak Alhassan
Amanda Cooper,492.61,02-12-2017,W,KO/TKO,Angela Magana
Angela Magana,451.11,02-12-2017,L,KO/TKO,Amanda Cooper
Felice Herrig,569.53,02-12-2017,W,S-DEC,Cortney Casey
Cortney Casey,489.99,02-12-2017,L,S-DEC,Felice Herrig
David Teymur,564.62,02-12-2017,W,U-DEC,Drakkar Klose
Drakkar Klose,516.4,02-12-2017,L,U-DEC,David Teymur
Yancy Medeiros,567.52,02-12-2017,W,KO/TKO,Alex Oliveira
Alex Oliveira,561.96,02-12-2017,L,KO/TKO,Yancy Medeiros
Paul Felder,572.61,02-12-2017,W,KO/TKO,Charles Oliveira
Charles Oliveira,553.09,02-12-2017,L,KO/TKO,Paul Felder
Tecia Pennington,577.59,02-12-2017,W,U-DEC,Michelle Waterson-Gomez
Michelle Waterson-Gomez,504.68,02-12-2017,L,U-DEC,Tecia Pennington
Eddie Alvarez,538.98,02-12-2017,W,KO/TKO,Justin Gaethje
Justin Gaethje,502.09,02-12-2017,L,KO/TKO,Eddie Alvarez
Henry Cejudo,569.28,02-12-2017,W,U-DEC,Sergio Pettis
Sergio Pettis,556.38,02-12-2017,L,U-DEC,Henry Cejudo
Francis Ngannou,606.38,02-12-2017,W,KO/TKO,Alistair Overeem
Alistair Overeem,572.53,02-12-2017,L,KO/TKO,Francis Ngannou
Max Holloway,711.0,02-12-2017,W,KO/TKO,Jose Aldo
Jose Aldo,591.77,02-12-2017,L,KO/TKO,Max Holloway
Trevin Giles,531.64,09-12-2017,W,KO/TKO,Antonio Braga Neto
Antonio Braga Neto,486.99,09-12-2017,L,KO/TKO,Trevin Giles
Davi Ramos,503.99,09-12-2017,W,SUB,Chris Gruetzemacher
Chris Gruetzemacher,478.82,09-12-2017,L,SUB,Davi Ramos
Alejandro Perez,556.76,09-12-2017,W,U-DEC,Iuri Alcantara
Iuri Alcantara,521.23,09-12-2017,L,U-DEC,Alejandro Perez
Frankie Saenz,515.77,09-12-2017,W,S-DEC,Merab Dvalishvili
Merab Dvalishvili,484.25,09-12-2017,L,S-DEC,Frankie Saenz
Alex Perez,518.19,09-12-2017,W,SUB,Carls John De Tomas
Carls John De Tomas,466.06,09-12-2017,L,SUB,Alex Perez
Andre Soukhamthath,485.65,09-12-2017,W,KO/TKO,Luke Sanders
Luke Sanders,484.58,09-12-2017,L,KO/TKO,Andre Soukhamthath
Alexis Davis,553.88,09-12-2017,W,S-DEC,Liz Carmouche
Liz Carmouche,485.25,09-12-2017,L,S-DEC,Alexis Davis
Benito Lopez,515.19,09-12-2017,W,U-DEC,Albert Morales
Albert Morales,472.44,09-12-2017,L,U-DEC,Benito Lopez
Eryk Anders,533.28,09-12-2017,W,U-DEC,Markus Perez
Markus Perez,484.34,09-12-2017,L,U-DEC,Eryk Anders
Scott Holtzman,529.86,09-12-2017,W,U-DEC,Darrell Horcher
Darrell Horcher,485.55,09-12-2017,L,U-DEC,Scott Holtzman
Marlon Moraes,527.4,09-12-2017,W,KO/TKO,Aljamain Sterling
Aljamain Sterling,555.16,09-12-2017,L,KO/TKO,Marlon Moraes
Gabriel Benitez,534.04,09-12-2017,W,U-DEC,Jason Knight
Jason Knight,526.33,09-12-2017,L,U-DEC,Gabriel Benitez
Brian Ortega,613.81,09-12-2017,W,SUB,Cub Swanson
Cub Swanson,584.43,09-12-2017,L,SUB,Brian Ortega
Jordan Mein,505.46,16-12-2017,W,U-DEC,Erick Silva
Erick Silva,504.84,16-12-2017,L,U-DEC,Jordan Mein
Alessio Di Chirico,495.24,16-12-2017,W,KO/TKO,Oluwale Bamgbose
Oluwale Bamgbose,454.88,16-12-2017,L,KO/TKO,Alessio Di Chirico
John Makdessi,525.33,16-12-2017,W,U-DEC,Abel Trujillo
Abel Trujillo,537.6,16-12-2017,L,U-DEC,John Makdessi
Nordine Taleb,555.77,16-12-2017,W,KO/TKO,Danny Roberts
Danny Roberts,515.71,16-12-2017,L,KO/TKO,Nordine Taleb
Chad Laprise,558.48,16-12-2017,W,KO/TKO,Galore Bofando
Galore Bofando,499.15,16-12-2017,L,KO/TKO,Chad Laprise
Julian Marquez,517.93,16-12-2017,W,SUB,Darren Stewart
Darren Stewart,461.41,16-12-2017,L,SUB,Julian Marquez
Jan Blachowicz,511.99,16-12-2017,W,U-DEC,Jared Cannonier
Jared Cannonier,502.93,16-12-2017,L,U-DEC,Jan Blachowicz
Glover Teixeira,608.13,16-12-2017,W,KO/TKO,Misha Cirkunov
Misha Cirkunov,543.71,16-12-2017,L,KO/TKO,Glover Teixeira
Santiago Ponzinibbio,606.27,16-12-2017,W,U-DEC,Mike Perry
Mike Perry,530.97,16-12-2017,L,U-DEC,Santiago Ponzinibbio
Josh Emmett,551.56,16-12-2017,W,KO/TKO,Ricardo Lamas
Ricardo Lamas,582.32,16-12-2017,L,KO/TKO,Josh Emmett
Rafael Dos Anjos,667.74,16-12-2017,W,U-DEC,Robbie Lawler
Robbie Lawler,618.99,16-12-2017,L,U-DEC,Rafael Dos Anjos
Tim Elliott,481.89,30-12-2017,W,SUB,Mark De La Rosa
Mark De La Rosa,478.8,30-12-2017,L,SUB,Tim Elliott
Matheus Nicolau,552.18,30-12-2017,W,U-DEC,Louis Smolka
Louis Smolka,495.37,30-12-2017,L,U-DEC,Matheus Nicolau
Marvin Vettori,518.19,30-12-2017,L,M-DEC,Omari Akhmedov
Omari Akhmedov,527.61,30-12-2017,W,M-DEC,Marvin Vettori
Myles Jury,591.52,30-12-2017,W,U-DEC,Ricky Glenn
Ricky Glenn,503.01,30-12-2017,L,U-DEC,Myles Jury
Khalil Rountree Jr.,484.89,30-12-2017,L,Overturned,Michal Oleksiejczuk
Michal Oleksiejczuk,515.0,30-12-2017,W,Overturned,Khalil Rountree Jr.
Neil Magny,612.95,30-12-2017,W,U-DEC,Carlos Condit
Carlos Condit,522.58,30-12-2017,L,U-DEC,Neil Magny
Carla Esparza,536.54,30-12-2017,W,U-DEC,Cynthia Calvillo
Cynthia Calvillo,535.36,30-12-2017,L,U-DEC,Carla Esparza
Dan Hooker,534.09,30-12-2017,W,SUB,Marc Diakiese
Marc Diakiese,507.68,30-12-2017,L,SUB,Dan Hooker
Khabib Nurmagomedov,661.67,30-12-2017,W,U-DEC,Edson Barboza
Edson Barboza,595.17,30-12-2017,L,U-DEC,Khabib Nurmagomedov
Cristiane Justino,563.53,30-12-2017,W,U-DEC,Holly Holm
Holly Holm,498.77,30-12-2017,L,U-DEC,Cristiane Justino
Mads Burnell,497.66,14-01-2018,W,U-DEC,Mike Santiago
Mike Santiago,465.24,14-01-2018,L,U-DEC,Mads Burnell
JJ Aldrich,517.96,14-01-2018,W,U-DEC,Danielle Taylor
Danielle Taylor,498.65,14-01-2018,L,U-DEC,JJ Aldrich
Jessica Eye,468.72,14-01-2018,W,S-DEC,Kalindra Faria
Kalindra Faria,463.57,14-01-2018,L,S-DEC,Jessica Eye
Kyung Ho Kang,552.7,14-01-2018,W,SUB,Guido Cannetti
Guido Cannetti,479.0,14-01-2018,L,SUB,Kyung Ho Kang
Irene Aldana,484.86,14-01-2018,W,U-DEC,Talita Bernardo
Talita Bernardo,467.87,14-01-2018,L,U-DEC,Irene Aldana
Marco Polo Reyes,545.69,14-01-2018,W,KO/TKO,Matt Frevola
Matt Frevola,485.67,14-01-2018,L,KO/TKO,Marco Polo Reyes
James Krause,556.31,14-01-2018,W,U-DEC,Alex White
Alex White,480.03,14-01-2018,L,U-DEC,James Krause
Darren Elkins,644.21,14-01-2018,W,SUB,Michael Johnson
Michael Johnson,506.09,14-01-2018,L,SUB,Darren Elkins
Kamaru Usman,623.13,14-01-2018,W,U-DEC,Emil Meek
Emil Meek,501.68,14-01-2018,L,U-DEC,Kamaru Usman
Jessica-Rose Clark,532.13,14-01-2018,W,U-DEC,Paige VanZant
Paige VanZant,505.63,14-01-2018,L,U-DEC,Jessica-Rose Clark
Jeremy Stephens,535.58,14-01-2018,W,KO/TKO,Dooho Choi
Dooho Choi,517.57,14-01-2018,L,KO/TKO,Jeremy Stephens
Islam Makhachev,558.59,20-01-2018,W,KO/TKO,Gleison Tibau
Gleison Tibau,547.98,20-01-2018,L,KO/TKO,Islam Makhachev
Enrique Barzola,546.8,20-01-2018,W,U-DEC,Matt Bessette
Matt Bessette,484.29,20-01-2018,L,U-DEC,Enrique Barzola
Julio Arce,515.75,20-01-2018,W,U-DEC,Dan Ige
Dan Ige,484.25,20-01-2018,L,U-DEC,Julio Arce
Dustin Ortiz,530.9,20-01-2018,W,U-DEC,Alexandre Pantoja
Alexandre Pantoja,517.21,20-01-2018,L,U-DEC,Dustin Ortiz
Abdul Razak Alhassan,528.63,20-01-2018,W,KO/TKO,Sabah Homasi
Sabah Homasi,456.23,20-01-2018,L,KO/TKO,Abdul Razak Alhassan
Kyle Bochniak,501.6,20-01-2018,W,U-DEC,Brandon Davis
Brandon Davis,483.58,20-01-2018,L,U-DEC,Kyle Bochniak
Rob Font,542.65,20-01-2018,W,KO/TKO,Thomas Almeida
Thomas Almeida,522.81,20-01-2018,L,KO/TKO,Rob Font
Gian Villante,499.5,20-01-2018,W,S-DEC,Francimar Barroso
Francimar Barroso,477.77,20-01-2018,L,S-DEC,Gian Villante
Calvin Kattar,534.2,20-01-2018,W,KO/TKO,Shane Burgos
Shane Burgos,531.37,20-01-2018,L,KO/TKO,Calvin Kattar
Daniel Cormier,645.83,20-01-2018,W,KO/TKO,Volkan Oezdemir
Volkan Oezdemir,541.09,20-01-2018,L,KO/TKO,Daniel Cormier
Stipe Miocic,672.32,20-01-2018,W,U-DEC,Francis Ngannou
Francis Ngannou,589.62,20-01-2018,L,U-DEC,Stipe Miocic
Cory Sandhagen,515.75,27-01-2018,W,KO/TKO,Austin Arnett
Austin Arnett,484.25,27-01-2018,L,KO/TKO,Cory Sandhagen
Niko Price,548.89,27-01-2018,W,SUB,George Sullivan
George Sullivan,490.88,27-01-2018,L,SUB,Niko Price
Vinc Pichel,552.63,27-01-2018,W,U-DEC,Joaquim Silva
Joaquim Silva,529.47,27-01-2018,L,U-DEC,Vinc Pichel
Ji Yeon Kim,500.62,27-01-2018,W,S-DEC,Justine Kish
Justine Kish,496.73,27-01-2018,L,S-DEC,Ji Yeon Kim
Randa Markos,498.48,27-01-2018,W,U-DEC,Juliana Lima
Juliana Lima,481.61,27-01-2018,L,U-DEC,Randa Markos
Katlyn Cerminara,528.97,27-01-2018,W,U-DEC,Mara Romero Borella
Mara Romero Borella,502.53,27-01-2018,L,U-DEC,Katlyn Cerminara
Mirsad Bektic,563.82,27-01-2018,W,KO/TKO,Godofredo Pepey
Godofredo Pepey,499.32,27-01-2018,L,KO/TKO,Mirsad Bektic
King Green,536.49,27-01-2018,W,U-DEC,Erik Koch
Erik Koch,486.55,27-01-2018,L,U-DEC,King Green
Drew Dober,526.4,27-01-2018,W,U-DEC,Frank Camacho
Frank Camacho,484.37,27-01-2018,L,U-DEC,Drew Dober
Gregor Gillespie,567.17,27-01-2018,W,KO/TKO,Jordan Rinaldi
Jordan Rinaldi,489.97,27-01-2018,L,KO/TKO,Gregor Gillespie
Andre Fili,526.62,27-01-2018,W,S-DEC,Dennis Bermudez
Dennis Bermudez,540.79,27-01-2018,L,S-DEC,Andre Fili
Jacare Souza,609.48,27-01-2018,W,KO/TKO,Derek Brunson
Derek Brunson,582.52,27-01-2018,L,KO/TKO,Jacare Souza
Deiveson Figueiredo,549.99,03-02-2018,W,KO/TKO,Joseph Morales
Joseph Morales,502.82,03-02-2018,L,KO/TKO,Deiveson Figueiredo
Iuri Alcantara,536.1,03-02-2018,W,KO/TKO,Joe Soto
Joe Soto,486.98,03-02-2018,L,KO/TKO,Iuri Alcantara
Polyana Viana,519.37,03-02-2018,W,SUB,Maia Stevenson
Maia Stevenson,480.63,03-02-2018,L,SUB,Polyana Viana
Alan Patrick,563.19,03-02-2018,W,U-DEC,Damir Hadzovic
Damir Hadzovic,484.88,03-02-2018,L,U-DEC,Alan Patrick
Sergio Moraes,583.28,03-02-2018,W,S-DEC,Tim Means
Tim Means,534.9,03-02-2018,L,S-DEC,Sergio Moraes
Thiago Santos,578.27,03-02-2018,W,KO/TKO,Anthony Smith
Anthony Smith,515.01,03-02-2018,L,KO/TKO,Thiago Santos
Douglas Silva de Andrade,514.42,03-02-2018,W,U-DEC,Marlon Vera
Marlon Vera,508.75,03-02-2018,L,U-DEC,Douglas Silva de Andrade
Timothy Johnson,516.45,03-02-2018,W,U-DEC,Marcelo Golm
Marcelo Golm,501.67,03-02-2018,L,U-DEC,Timothy Johnson
Michel Prazeres,600.23,03-02-2018,W,U-DEC,Desmond Green
Desmond Green,487.06,03-02-2018,L,U-DEC,Michel Prazeres
Valentina Shevchenko,541.1,03-02-2018,W,SUB,Priscila Cachoeira
Priscila Cachoeira,482.22,03-02-2018,L,SUB,Valentina Shevchenko
Lyoto Machida,579.14,03-02-2018,W,S-DEC,Eryk Anders
Eryk Anders,518.96,03-02-2018,L,S-DEC,Lyoto Machida
Luke Jumeau,513.9,10-02-2018,W,U-DEC,Daichi Abe
Daichi Abe,499.02,10-02-2018,L,U-DEC,Luke Jumeau
Jose Quinonez,553.82,10-02-2018,W,U-DEC,Teruto Ishihara
Teruto Ishihara,495.69,10-02-2018,L,U-DEC,Jose Quinonez
Ross Pearson,491.67,10-02-2018,W,U-DEC,Mizuto Hirota
Mizuto Hirota,457.1,10-02-2018,L,U-DEC,Ross Pearson
Jussier Formiga,561.6,10-02-2018,W,SUB,Ben Nguyen
Ben Nguyen,528.84,10-02-2018,L,SUB,Jussier Formiga
Alexander Volkanovski,564.06,10-02-2018,W,KO/TKO,Jeremy Kennedy
Jeremy Kennedy,529.27,10-02-2018,L,KO/TKO,Alexander Volkanovski
Israel Adesanya,515.02,10-02-2018,W,KO/TKO,Rob Wilkinson
Rob Wilkinson,468.86,10-02-2018,L,KO/TKO,Israel Adesanya
Dong Hyun Ma,516.4,10-02-2018,W,S-DEC,Damien Brown
Damien Brown,467.0,10-02-2018,L,S-DEC,Dong Hyun Ma
Tyson Pedro,536.96,10-02-2018,W,SUB,Saparbeg Safarov
Saparbeg Safarov,466.83,10-02-2018,L,SUB,Tyson Pedro
Jake Matthews,550.49,10-02-2018,W,U-DEC,Li Jingliang
Li Jingliang,539.07,10-02-2018,L,U-DEC,Jake Matthews
Tai Tuivasa,530.83,10-02-2018,W,KO/TKO,Cyril Asker
Cyril Asker,485.67,10-02-2018,L,KO/TKO,Tai Tuivasa
Curtis Blaydes,569.01,10-02-2018,W,U-DEC,Mark Hunt
Mark Hunt,554.25,10-02-2018,L,U-DEC,Curtis Blaydes
Yoel Romero,644.1,10-02-2018,W,KO/TKO,Luke Rockhold
Luke Rockhold,586.15,10-02-2018,L,KO/TKO,Yoel Romero
Oskar Piechota,530.76,18-02-2018,W,KO/TKO,Tim Williams
Tim Williams,484.21,18-02-2018,L,KO/TKO,Oskar Piechota
Alex Morono,514.98,18-02-2018,W,SUB,Joshua Burkman
Joshua Burkman,419.52,18-02-2018,L,SUB,Alex Morono
Lucie Pudilova,517.45,18-02-2018,W,U-DEC,Sarah Moras
Sarah Moras,501.83,18-02-2018,L,U-DEC,Lucie Pudilova
Robert Sanchez,500.16,18-02-2018,W,SUB,Joby Sanchez
Joby Sanchez,463.99,18-02-2018,L,SUB,Robert Sanchez
Geoff Neal,517.69,18-02-2018,W,SUB,Brian Camozzi
Brian Camozzi,452.1,18-02-2018,L,SUB,Geoff Neal
Diego Ferreira,539.04,18-02-2018,W,KO/TKO,Jared Gordon
Jared Gordon,514.26,18-02-2018,L,KO/TKO,Diego Ferreira
Sage Northcutt,536.38,18-02-2018,W,U-DEC,Thibault Gouti
Thibault Gouti,453.92,18-02-2018,L,U-DEC,Sage Northcutt
Brandon Davis,500.07,18-02-2018,W,U-DEC,Steven Peterson
Steven Peterson,483.51,18-02-2018,L,U-DEC,Brandon Davis
Curtis Millender,519.5,18-02-2018,W,KO/TKO,Thiago Alves
Thiago Alves,564.89,18-02-2018,L,KO/TKO,Curtis Millender
James Vick,638.49,18-02-2018,W,U-DEC,Francisco Trinaldo
Francisco Trinaldo,600.9,18-02-2018,L,U-DEC,James Vick
Derrick Lewis,603.26,18-02-2018,W,KO/TKO,Marcin Tybura
Marcin Tybura,512.23,18-02-2018,L,KO/TKO,Derrick Lewis
Donald Cerrone,661.86,18-02-2018,W,KO/TKO,Yancy Medeiros
Yancy Medeiros,555.43,18-02-2018,L,KO/TKO,Donald Cerrone
Manny Bermudez,517.55,24-02-2018,W,SUB,Albert Morales
Albert Morales,454.89,24-02-2018,L,SUB,Manny Bermudez
Alex Perez,533.18,24-02-2018,W,U-DEC,Eric Shelton
Eric Shelton,471.3,24-02-2018,L,U-DEC,Alex Perez
Rani Yahya,589.11,24-02-2018,W,SUB,Russell Doane
Russell Doane,465.22,24-02-2018,L,SUB,Rani Yahya
Sam Alvey,568.41,24-02-2018,W,KO/TKO,Marcin Prachnio
Marcin Prachnio,486.73,24-02-2018,L,KO/TKO,Sam Alvey
Alan Jouban,541.95,24-02-2018,W,KO/TKO,Ben Saunders
Ben Saunders,531.78,24-02-2018,L,KO/TKO,Alan Jouban
Angela Hill,483.41,24-02-2018,W,U-DEC,Maryna Moroz
Maryna Moroz,499.33,24-02-2018,L,U-DEC,Angela Hill
Marion Reneau,553.22,24-02-2018,W,SUB,Sara McMann
Sara McMann,496.71,24-02-2018,L,SUB,Marion Reneau
Brian Kelleher,536.32,24-02-2018,W,U-DEC,Renan Barao
Renan Barao,553.88,24-02-2018,L,U-DEC,Brian Kelleher
Max Griffin,503.42,24-02-2018,W,U-DEC,Mike Perry
Mike Perry,513.18,24-02-2018,L,U-DEC,Max Griffin
Ilir Latifi,576.87,24-02-2018,W,SUB,Ovince Saint Preux
Ovince Saint Preux,561.98,24-02-2018,L,SUB,Ilir Latifi
Jessica Andrade,575.22,24-02-2018,W,U-DEC,Tecia Pennington
Tecia Pennington,560.15,24-02-2018,L,U-DEC,Jessica Andrade
Jeremy Stephens,553.62,24-02-2018,W,KO/TKO,Josh Emmett
Josh Emmett,533.52,24-02-2018,L,KO/TKO,Jeremy Stephens
Jordan Johnson,548.42,03-03-2018,W,S-DEC,Adam Milstead
Adam Milstead,483.76,03-03-2018,L,S-DEC,Jordan Johnson
Cody Stamann,551.48,03-03-2018,W,S-DEC,Bryan Caraway
Bryan Caraway,552.91,03-03-2018,L,S-DEC,Cody Stamann
Zak Ottow,515.4,03-03-2018,W,KO/TKO,Mike Pyle
Mike Pyle,502.81,03-03-2018,L,KO/TKO,Zak Ottow
CB Dollaway,548.13,03-03-2018,W,DQ,Hector Lombard
Hector Lombard,445.84,03-03-2018,L,DQ,CB Dollaway
John Dodson,566.56,03-03-2018,W,S-DEC,Pedro Munhoz
Pedro Munhoz,538.56,03-03-2018,L,S-DEC,John Dodson
Alexander Hernandez,519.73,03-03-2018,W,KO/TKO,Beneil Dariush
Beneil Dariush,569.9,03-03-2018,L,KO/TKO,Alexander Hernandez
Mackenzie Dern,514.29,03-03-2018,W,S-DEC,Ashley Yoder
Ashley Yoder,453.3,03-03-2018,L,S-DEC,Mackenzie Dern
Ketlen Vieira,567.81,03-03-2018,W,S-DEC,Cat Zingano
Cat Zingano,481.17,03-03-2018,L,S-DEC,Ketlen Vieira
Andrei Arlovski,586.5,03-03-2018,W,U-DEC,Stefan Struve
Stefan Struve,550.75,03-03-2018,L,U-DEC,Andrei Arlovski
Sean O'Malley,530.15,03-03-2018,W,U-DEC,Andre Soukhamthath
Andre Soukhamthath,470.54,03-03-2018,L,U-DEC,Sean O'Malley
Brian Ortega,636.23,03-03-2018,W,KO/TKO,Frankie Edgar
Frankie Edgar,643.77,03-03-2018,L,KO/TKO,Brian Ortega
Cristiane Justino,578.89,03-03-2018,W,KO/TKO,Yana Santos
Yana Santos,484.64,03-03-2018,L,KO/TKO,Cristiane Justino
Dmitry Sosnovskiy,519.76,17-03-2018,W,SUB,Mark Godbeer
Mark Godbeer,493.11,17-03-2018,L,SUB,Dmitry Sosnovskiy
Kajan Johnson,551.2,17-03-2018,W,S-DEC,Stevie Ray
Stevie Ray,524.73,17-03-2018,L,S-DEC,Kajan Johnson
Paul Craig,506.29,17-03-2018,W,SUB,Magomed Ankalaev
Magomed Ankalaev,480.55,17-03-2018,L,SUB,Paul Craig
Danny Henry,535.13,17-03-2018,W,SUB,Hakeem Dawodu
Hakeem Dawodu,480.62,17-03-2018,L,SUB,Danny Henry
Danny Roberts,530.09,17-03-2018,W,KO/TKO,Oliver Enkamp
Oliver Enkamp,471.0,17-03-2018,L,KO/TKO,Danny Roberts
Charles Byrd,519.37,17-03-2018,W,SUB,John Phillips
John Phillips,480.63,17-03-2018,L,SUB,Charles Byrd
Leon Edwards,588.19,17-03-2018,W,KO/TKO,Peter Sobotta
Peter Sobotta,500.5,17-03-2018,L,KO/TKO,Leon Edwards
Tom Duquesnoy,513.86,17-03-2018,W,U-DEC,Terrion Ware
Terrion Ware,454.83,17-03-2018,L,U-DEC,Tom Duquesnoy
Jan Blachowicz,531.14,17-03-2018,W,U-DEC,Jimi Manuwa
Jimi Manuwa,531.21,17-03-2018,L,U-DEC,Jan Blachowicz
Alexander Volkov,574.6,17-03-2018,W,KO/TKO,Fabricio Werdum
Fabricio Werdum,608.47,17-03-2018,L,KO/TKO,Alexander Volkov
Devin Clark,511.56,07-04-2018,W,U-DEC,Mike Rodriguez
Mike Rodriguez,484.05,07-04-2018,L,U-DEC,Devin Clark
Ashlee Evans-Smith,494.42,07-04-2018,W,U-DEC,Bec Rawlings
Bec Rawlings,458.99,07-04-2018,L,U-DEC,Ashlee Evans-Smith
Olivier Aubin-Mercier,591.41,07-04-2018,W,KO/TKO,Evan Dunham
Evan Dunham,562.38,07-04-2018,L,KO/TKO,Olivier Aubin-Mercier
Karolina Kowalkiewicz,545.09,07-04-2018,W,S-DEC,Felice Herrig
Felice Herrig,551.0,07-04-2018,L,S-DEC,Karolina Kowalkiewicz
Chris Gruetzemacher,496.86,07-04-2018,W,KO/TKO,Joe Lauzon
Joe Lauzon,511.72,07-04-2018,L,KO/TKO,Chris Gruetzemacher
Zabit Magomedsharipov,553.09,07-04-2018,W,U-DEC,Kyle Bochniak
Kyle Bochniak,486.13,07-04-2018,L,U-DEC,Zabit Magomedsharipov
Renato Moicano,547.67,07-04-2018,W,U-DEC,Calvin Kattar
Calvin Kattar,518.34,07-04-2018,L,U-DEC,Renato Moicano
Rose Namajunas,584.55,07-04-2018,W,U-DEC,Joanna Jedrzejczyk
Joanna Jedrzejczyk,593.45,07-04-2018,L,U-DEC,Rose Namajunas
Khabib Nurmagomedov,680.05,07-04-2018,W,U-DEC,Al Iaquinta
Al Iaquinta,578.95,07-04-2018,L,U-DEC,Khabib Nurmagomedov
Luke Sanders,500.55,14-04-2018,W,U-DEC,Patrick Williams
Patrick Williams,473.41,14-04-2018,L,U-DEC,Luke Sanders
Alejandro Perez,572.75,14-04-2018,W,KO/TKO,Matthew Lopez
Matthew Lopez,489.33,14-04-2018,L,KO/TKO,Alejandro Perez
Adam Wieczorek,533.54,14-04-2018,W,SUB,Arjan Bhullar
Arjan Bhullar,495.91,14-04-2018,L,SUB,Adam Wieczorek
Yushin Okami,591.76,14-04-2018,W,U-DEC,Dhiego Lima
Dhiego Lima,440.54,14-04-2018,L,U-DEC,Yushin Okami
Lauren Mueller,516.46,14-04-2018,W,U-DEC,Shana Dobson
Shana Dobson,499.29,14-04-2018,L,U-DEC,Lauren Mueller
Gilbert Burns,562.86,14-04-2018,W,KO/TKO,Dan Moret
Dan Moret,485.8,14-04-2018,L,KO/TKO,Gilbert Burns
Brad Tavares,613.21,14-04-2018,W,KO/TKO,Krzysztof Jotko
Krzysztof Jotko,526.94,14-04-2018,L,KO/TKO,Brad Tavares
John Moraga,553.26,14-04-2018,W,U-DEC,Wilson Reis
Wilson Reis,515.41,14-04-2018,L,U-DEC,John Moraga
Muslim Salikhov,498.49,14-04-2018,W,KO/TKO,Ricky Rainey
Ricky Rainey,483.43,14-04-2018,L,KO/TKO,Muslim Salikhov
Antonio Carlos Junior,583.85,14-04-2018,W,SUB,Tim Boetsch
Tim Boetsch,512.87,14-04-2018,L,SUB,Antonio Carlos Junior
Michelle Waterson-Gomez,519.76,14-04-2018,W,S-DEC,Cortney Casey
Cortney Casey,474.91,14-04-2018,L,S-DEC,Michelle Waterson-Gomez
Israel Adesanya,531.67,14-04-2018,W,S-DEC,Marvin Vettori
Marvin Vettori,501.54,14-04-2018,L,S-DEC,Israel Adesanya
Alex Oliveira,578.87,14-04-2018,W,SUB,Carlos Condit
Carlos Condit,505.67,14-04-2018,L,SUB,Alex Oliveira
Dustin Poirier,659.17,14-04-2018,W,KO/TKO,Justin Gaethje
Justin Gaethje,491.72,14-04-2018,L,KO/TKO,Dustin Poirier
Anthony Rocco Martin,523.71,21-04-2018,W,U-DEC,Keita Nakamura
Keita Nakamura,472.51,21-04-2018,L,U-DEC,Anthony Rocco Martin
Corey Anderson,538.03,21-04-2018,W,U-DEC,Patrick Cummins
Patrick Cummins,517.69,21-04-2018,L,U-DEC,Corey Anderson
Siyar Bahadurzada,540.35,21-04-2018,W,KO/TKO,Luan Chagas
Luan Chagas,487.55,21-04-2018,L,KO/TKO,Siyar Bahadurzada
Ricky Simon,517.89,21-04-2018,W,SUB,Merab Dvalishvili
Merab Dvalishvili,466.36,21-04-2018,L,SUB,Ricky Simon
Ryan LaFlare,578.43,21-04-2018,W,U-DEC,Alex Garcia
Alex Garcia,521.51,21-04-2018,L,U-DEC,Ryan LaFlare
Dan Hooker,552.62,21-04-2018,W,KO/TKO,Jim Miller
Jim Miller,541.4,21-04-2018,L,KO/TKO,Dan Hooker
Aljamain Sterling,570.78,21-04-2018,W,U-DEC,Brett Johns
Brett Johns,536.71,21-04-2018,L,U-DEC,Aljamain Sterling
David Branch,527.07,21-04-2018,W,KO/TKO,Thiago Santos
Thiago Santos,559.39,21-04-2018,L,KO/TKO,David Branch
Justin Willis,546.43,21-04-2018,W,U-DEC,Chase Sherman
Chase Sherman,469.6,21-04-2018,L,U-DEC,Justin Willis
Frankie Edgar,656.86,21-04-2018,W,U-DEC,Cub Swanson
Cub Swanson,571.34,21-04-2018,L,U-DEC,Frankie Edgar
Kevin Lee,624.06,21-04-2018,W,KO/TKO,Edson Barboza
Edson Barboza,580.04,21-04-2018,L,KO/TKO,Kevin Lee
Markus Perez,503.71,12-05-2018,W,SUB,James Bochnovic
James Bochnovic,464.88,12-05-2018,L,SUB,Markus Perez
Ramazan Emeev,536.97,12-05-2018,W,U-DEC,Alberto Mina
Alberto Mina,530.97,12-05-2018,L,U-DEC,Ramazan Emeev
Jack Hermansson,530.23,12-05-2018,W,KO/TKO,Thales Leites
Thales Leites,557.77,12-05-2018,L,KO/TKO,Jack Hermansson
Warlley Alves,568.88,12-05-2018,W,KO/TKO,Sultan Aliev
Sultan Aliev,486.79,12-05-2018,L,KO/TKO,Warlley Alves
Elizeu Zaleski dos Santos,570.01,12-05-2018,W,KO/TKO,Sean Strickland
Sean Strickland,544.76,12-05-2018,L,KO/TKO,Elizeu Zaleski dos Santos
Davi Ramos,526.73,12-05-2018,W,SUB,Nick Hein
Nick Hein,523.25,12-05-2018,L,SUB,Davi Ramos
Aleksei Oleinik,555.0,12-05-2018,W,SUB,Junior Albini
Junior Albini,485.11,12-05-2018,L,SUB,Aleksei Oleinik
Cezar Ferreira,579.06,12-05-2018,W,SUB,Karl Roberson
Karl Roberson,501.44,12-05-2018,L,SUB,Cezar Ferreira
Lyoto Machida,595.35,12-05-2018,W,KO/TKO,Vitor Belfort
Vitor Belfort,556.74,12-05-2018,L,KO/TKO,Lyoto Machida
John Lineker,633.27,12-05-2018,W,KO/TKO,Brian Kelleher
Brian Kelleher,523.75,12-05-2018,L,KO/TKO,John Lineker
Mackenzie Dern,533.32,12-05-2018,W,SUB,Amanda Cooper
Amanda Cooper,473.58,12-05-2018,L,SUB,Mackenzie Dern
Kelvin Gastelum,634.19,12-05-2018,W,S-DEC,Jacare Souza
Jacare Souza,593.39,12-05-2018,L,S-DEC,Kelvin Gastelum
Amanda Nunes,637.01,12-05-2018,W,KO/TKO,Raquel Pennington
Raquel Pennington,553.28,12-05-2018,L,KO/TKO,Amanda Nunes
Claudio Puelles,503.74,19-05-2018,W,SUB,Felipe Silva
Felipe Silva,478.71,19-05-2018,L,SUB,Claudio Puelles
Frankie Saenz,530.13,19-05-2018,W,U-DEC,Henry Briones
Henry Briones,456.15,19-05-2018,L,U-DEC,Frankie Saenz
Enrique Barzola,562.39,19-05-2018,W,U-DEC,Brandon Davis
Brandon Davis,484.48,19-05-2018,L,U-DEC,Enrique Barzola
Gabriel Benitez,549.71,19-05-2018,W,KO/TKO,Humberto Bandenay
Humberto Bandenay,500.79,19-05-2018,L,KO/TKO,Gabriel Benitez
Poliana Botelho,531.41,19-05-2018,W,KO/TKO,Syuri Kondo
Syuri Kondo,498.5,19-05-2018,L,KO/TKO,Poliana Botelho
Alexandre Pantoja,533.99,19-05-2018,W,U-DEC,Brandon Moreno
Brandon Moreno,523.17,19-05-2018,L,U-DEC,Alexandre Pantoja
Michel Prazeres,618.3,19-05-2018,W,S-DEC,Zak Cummings
Zak Cummings,544.62,19-05-2018,L,S-DEC,Michel Prazeres
Vicente Luque,574.29,19-05-2018,W,KO/TKO,Chad Laprise
Chad Laprise,541.95,19-05-2018,L,KO/TKO,Vicente Luque
Andrea Lee,515.0,19-05-2018,W,U-DEC,Veronica Hardy
Veronica Hardy,468.41,19-05-2018,L,U-DEC,Andrea Lee
Guido Cannetti,496.35,19-05-2018,W,U-DEC,Diego Rivas
Diego Rivas,497.07,19-05-2018,L,U-DEC,Guido Cannetti
Dominick Reyes,549.94,19-05-2018,W,KO/TKO,Jared Cannonier
Jared Cannonier,487.23,19-05-2018,L,KO/TKO,Dominick Reyes
Tatiana Suarez,556.41,19-05-2018,W,SUB,Alexa Grasso
Alexa Grasso,495.22,19-05-2018,L,SUB,Tatiana Suarez
Kamaru Usman,646.0,19-05-2018,W,U-DEC,Demian Maia
Demian Maia,631.22,19-05-2018,L,U-DEC,Kamaru Usman
Elias Theodorou,576.1,27-05-2018,W,U-DEC,Trevor Smith
Trevor Smith,504.26,27-05-2018,L,U-DEC,Elias Theodorou
Gillian Robertson,538.22,27-05-2018,W,SUB,Molly McCann
Molly McCann,481.15,27-05-2018,L,SUB,Gillian Robertson
Carlo Pedersoli Jr.,515.29,27-05-2018,W,S-DEC,Brad Scott
Brad Scott,474.62,27-05-2018,L,S-DEC,Carlo Pedersoli Jr.
Lina Lansberg,501.21,27-05-2018,W,U-DEC,Gina Mazany
Gina Mazany,480.24,27-05-2018,L,U-DEC,Lina Lansberg
Tom Breese,547.14,27-05-2018,W,KO/TKO,Daniel Kelly
Daniel Kelly,533.14,27-05-2018,L,KO/TKO,Tom Breese
Darren Stewart,478.34,27-05-2018,W,KO/TKO,Eric Spicely
Eric Spicely,470.55,27-05-2018,L,KO/TKO,Darren Stewart
Claudio Silva,554.34,27-05-2018,W,SUB,Nordine Taleb
Nordine Taleb,533.08,27-05-2018,L,SUB,Claudio Silva
Makwan Amirkhani,547.59,27-05-2018,W,S-DEC,Jason Knight
Jason Knight,510.84,27-05-2018,L,S-DEC,Makwan Amirkhani
Arnold Allen,569.7,27-05-2018,W,SUB,Mads Burnell
Mads Burnell,479.54,27-05-2018,L,SUB,Arnold Allen
Neil Magny,624.27,27-05-2018,W,KO/TKO,Craig White
Craig White,488.68,27-05-2018,L,KO/TKO,Neil Magny
Darren Till,593.45,27-05-2018,W,U-DEC,Stephen Thompson
Stephen Thompson,596.1,27-05-2018,L,U-DEC,Darren Till
Jose Torres,515.69,01-06-2018,W,KO/TKO,Jarred Brooks
Jarred Brooks,482.94,01-06-2018,L,KO/TKO,Jose Torres
Nathaniel Wood,518.83,01-06-2018,W,SUB,Johnny Eduardo
Johnny Eduardo,477.03,01-06-2018,L,SUB,Nathaniel Wood
Desmond Green,505.54,01-06-2018,W,U-DEC,Gleison Tibau
Gleison Tibau,529.5,01-06-2018,L,U-DEC,Desmond Green
Belal Muhammad,555.33,01-06-2018,W,U-DEC,Chance Rencountre
Chance Rencountre,484.03,01-06-2018,L,U-DEC,Belal Muhammad
David Teymur,583.9,01-06-2018,W,U-DEC,Nik Lentz
Nik Lentz,555.09,01-06-2018,L,U-DEC,David Teymur
Sijara Eubanks,515.16,01-06-2018,W,U-DEC,Lauren Murphy
Lauren Murphy,471.73,01-06-2018,L,U-DEC,Sijara Eubanks
Sam Alvey,581.68,01-06-2018,W,S-DEC,Gian Villante
Gian Villante,486.23,01-06-2018,L,S-DEC,Sam Alvey
Julio Arce,533.61,01-06-2018,W,SUB,Daniel Teymur
Daniel Teymur,466.39,01-06-2018,L,SUB,Julio Arce
Ben Saunders,546.63,01-06-2018,W,KO/TKO,Jake Ellenberger
Jake Ellenberger,497.14,01-06-2018,L,KO/TKO,Ben Saunders
Walt Harris,480.47,01-06-2018,W,KO/TKO,Daniel Spitz
Daniel Spitz,480.88,01-06-2018,L,KO/TKO,Walt Harris
Gregor Gillespie,588.91,01-06-2018,W,SUB,Vinc Pichel
Vinc Pichel,530.89,01-06-2018,L,SUB,Gregor Gillespie
Marlon Moraes,547.56,01-06-2018,W,KO/TKO,Jimmie Rivera
Jimmie Rivera,566.47,01-06-2018,L,KO/TKO,Marlon Moraes
Dan Ige,499.14,09-06-2018,W,KO/TKO,Mike Santiago
Mike Santiago,450.35,09-06-2018,L,KO/TKO,Dan Ige
Charles Oliveira,572.29,09-06-2018,W,SUB,Clay Guida
Clay Guida,530.83,09-06-2018,L,SUB,Charles Oliveira
Sergio Pettis,576.07,09-06-2018,W,S-DEC,Joseph Benavidez
Joseph Benavidez,625.47,09-06-2018,L,S-DEC,Sergio Pettis
Anthony Smith,533.64,09-06-2018,W,KO/TKO,Rashad Evans
Rashad Evans,560.65,09-06-2018,L,KO/TKO,Anthony Smith
Chris de la Rocha,484.19,09-06-2018,W,KO/TKO,Rashad Coulter
Rashad Coulter,452.08,09-06-2018,L,KO/TKO,Chris de la Rocha
Mirsad Bektic,581.2,09-06-2018,W,S-DEC,Ricardo Lamas
Ricardo Lamas,564.94,09-06-2018,L,S-DEC,Mirsad Bektic
Claudia Gadelha,537.61,09-06-2018,W,S-DEC,Carla Esparza
Carla Esparza,520.09,09-06-2018,L,S-DEC,Claudia Gadelha
Curtis Blaydes,587.95,09-06-2018,W,KO/TKO,Alistair Overeem
Alistair Overeem,553.59,09-06-2018,L,KO/TKO,Curtis Blaydes
CM Punk,465.83,09-06-2018,L,Overturned,Mike Jackson
Mike Jackson,495.64,09-06-2018,W,Overturned,CM Punk
Tai Tuivasa,550.82,09-06-2018,W,U-DEC,Andrei Arlovski
Andrei Arlovski,566.51,09-06-2018,L,U-DEC,Tai Tuivasa
Holly Holm,514.58,09-06-2018,W,U-DEC,Megan Anderson
Megan Anderson,484.19,09-06-2018,L,U-DEC,Holly Holm
Colby Covington,644.52,09-06-2018,W,U-DEC,Rafael Dos Anjos
Rafael Dos Anjos,645.72,09-06-2018,L,U-DEC,Colby Covington
Robert Whittaker,672.94,09-06-2018,W,S-DEC,Yoel Romero
Yoel Romero,622.82,09-06-2018,L,S-DEC,Robert Whittaker
Ji Yeon Kim,517.09,23-06-2018,W,S-DEC,Melinda Fabian
Melinda Fabian,483.53,23-06-2018,L,S-DEC,Ji Yeon Kim
Yuta Sasaki,507.17,23-06-2018,W,SUB,Jenel Lausa
Jenel Lausa,462.85,23-06-2018,L,SUB,Yuta Sasaki
Matt Schnell,504.63,23-06-2018,W,S-DEC,Naoki Inoue
Naoki Inoue,497.88,23-06-2018,L,S-DEC,Matt Schnell
Yan Xiaonan,529.65,23-06-2018,W,U-DEC,Viviane Pereira
Viviane Pereira,498.96,23-06-2018,L,U-DEC,Yan Xiaonan
Jake Matthews,569.72,23-06-2018,W,SUB,Shinsho Anzai
Shinsho Anzai,498.63,23-06-2018,L,SUB,Jake Matthews
Song Kenan,530.2,23-06-2018,W,KO/TKO,Hector Aldana
Hector Aldana,484.18,23-06-2018,L,KO/TKO,Song Kenan
Shane Young,500.05,23-06-2018,W,KO/TKO,Rolando Dy
Rolando Dy,469.5,23-06-2018,L,KO/TKO,Shane Young
Song Yadong,535.24,23-06-2018,W,KO/TKO,Felipe Arantes
Felipe Arantes,490.33,23-06-2018,L,KO/TKO,Song Yadong
Petr Yan,515.55,23-06-2018,W,KO/TKO,Teruto Ishihara
Teruto Ishihara,480.14,23-06-2018,L,KO/TKO,Petr Yan
Li Jingliang,553.01,23-06-2018,W,U-DEC,Daichi Abe
Daichi Abe,485.08,23-06-2018,L,U-DEC,Li Jingliang
Jessica Eye,488.2,23-06-2018,W,U-DEC,Jessica-Rose Clark
Jessica-Rose Clark,512.65,23-06-2018,L,U-DEC,Jessica Eye
Ovince Saint Preux,579.96,23-06-2018,W,SUB,Tyson Pedro
Tyson Pedro,518.98,23-06-2018,L,SUB,Ovince Saint Preux
Leon Edwards,611.76,23-06-2018,W,U-DEC,Donald Cerrone
Donald Cerrone,638.29,23-06-2018,L,U-DEC,Leon Edwards
Gerald Meerschaert,556.17,06-07-2018,W,SUB,Oskar Piechota
Oskar Piechota,511.13,06-07-2018,L,SUB,Gerald Meerschaert
Steven Peterson,499.3,06-07-2018,W,S-DEC,Matt Bessette
Matt Bessette,468.5,06-07-2018,L,S-DEC,Steven Peterson
Bryce Mitchell,515.75,06-07-2018,W,M-DEC,Tyler Diamond
Tyler Diamond,484.25,06-07-2018,L,M-DEC,Bryce Mitchell
John Gunther,515.75,06-07-2018,W,M-DEC,Allan Zuniga
Allan Zuniga,484.25,06-07-2018,L,M-DEC,John Gunther
Luis Pena,519.37,06-07-2018,W,SUB,Richie Smullen
Richie Smullen,480.63,06-07-2018,L,SUB,Luis Pena
Montana De La Rosa,539.0,06-07-2018,W,SUB,Rachael Ostovich
Rachael Ostovich,499.74,06-07-2018,L,SUB,Montana De La Rosa
Alessio Di Chirico,512.82,06-07-2018,W,S-DEC,Julian Marquez
Julian Marquez,500.35,06-07-2018,L,S-DEC,Alessio Di Chirico
Roxanne Modafferi,485.58,06-07-2018,W,KO/TKO,Barb Honchak
Barb Honchak,466.51,06-07-2018,L,KO/TKO,Roxanne Modafferi
Alex Caceres,495.22,06-07-2018,W,S-DEC,Martin Bravo
Martin Bravo,482.6,06-07-2018,L,S-DEC,Alex Caceres
Brad Katona,515.75,06-07-2018,W,U-DEC,Jay Cucciniello
Jay Cucciniello,484.25,06-07-2018,L,U-DEC,Brad Katona
Michael Trizano,515.75,06-07-2018,W,S-DEC,Joe Giannetti
Joe Giannetti,484.25,06-07-2018,L,S-DEC,Michael Trizano
Israel Adesanya,552.9,06-07-2018,W,U-DEC,Brad Tavares
Brad Tavares,591.98,06-07-2018,L,U-DEC,Israel Adesanya
Emily Whitmire,497.16,07-07-2018,W,U-DEC,Jamie Moyle
Jamie Moyle,481.33,07-07-2018,L,U-DEC,Emily Whitmire
Dan Hooker,571.15,07-07-2018,W,KO/TKO,Gilbert Burns
Gilbert Burns,544.33,07-07-2018,L,KO/TKO,Dan Hooker
Curtis Millender,535.24,07-07-2018,W,U-DEC,Max Griffin
Max Griffin,487.68,07-07-2018,L,U-DEC,Curtis Millender
Drakkar Klose,530.89,07-07-2018,W,U-DEC,Lando Vannata
Lando Vannata,474.16,07-07-2018,L,U-DEC,Drakkar Klose
Raphael Assuncao,643.56,07-07-2018,W,U-DEC,Rob Font
Rob Font,529.08,07-07-2018,L,U-DEC,Raphael Assuncao
Paulo Costa,565.14,07-07-2018,W,KO/TKO,Uriah Hall
Uriah Hall,494.47,07-07-2018,L,KO/TKO,Paulo Costa
Khalil Rountree Jr.,503.63,07-07-2018,W,KO/TKO,Gokhan Saki
Gokhan Saki,496.18,07-07-2018,L,KO/TKO,Khalil Rountree Jr.
Anthony Pettis,570.0,07-07-2018,W,SUB,Michael Chiesa
Michael Chiesa,552.78,07-07-2018,L,SUB,Anthony Pettis
Mike Perry,531.6,07-07-2018,W,S-DEC,Paul Felder
Paul Felder,554.19,07-07-2018,L,S-DEC,Mike Perry
Derrick Lewis,619.11,07-07-2018,W,U-DEC,Francis Ngannou
Francis Ngannou,573.77,07-07-2018,L,U-DEC,Derrick Lewis
Daniel Cormier,666.81,07-07-2018,W,KO/TKO,Stipe Miocic
Stipe Miocic,651.34,07-07-2018,L,KO/TKO,Daniel Cormier
Jessica Aguilar,485.21,14-07-2018,W,U-DEC,Jodie Esquibel
Jodie Esquibel,468.28,14-07-2018,L,U-DEC,Jessica Aguilar
Mark De La Rosa,499.02,14-07-2018,W,SUB,Elias Garcia
Elias Garcia,479.78,14-07-2018,L,SUB,Mark De La Rosa
Liz Carmouche,501.67,14-07-2018,W,U-DEC,Jennifer Maia
Jennifer Maia,483.58,14-07-2018,L,U-DEC,Liz Carmouche
Raoni Barcelos,515.11,14-07-2018,W,KO/TKO,Kurt Holobaugh
Kurt Holobaugh,470.73,14-07-2018,L,KO/TKO,Raoni Barcelos
Said Nurmagomedov,515.05,14-07-2018,W,S-DEC,Justin Scoggins
Justin Scoggins,469.57,14-07-2018,L,S-DEC,Said Nurmagomedov
Alexander Volkanovski,587.06,14-07-2018,W,U-DEC,Darren Elkins
Darren Elkins,621.21,14-07-2018,L,U-DEC,Alexander Volkanovski
Alejandro Perez,588.23,14-07-2018,W,U-DEC,Eddie Wineland
Eddie Wineland,484.62,14-07-2018,L,U-DEC,Alejandro Perez
Cat Zingano,500.14,14-07-2018,W,U-DEC,Marion Reneau
Marion Reneau,534.25,14-07-2018,L,U-DEC,Cat Zingano
Chad Mendes,578.43,14-07-2018,W,KO/TKO,Myles Jury
Myles Jury,574.4,14-07-2018,L,KO/TKO,Chad Mendes
Niko Price,564.53,14-07-2018,W,KO/TKO,Randy Brown
Randy Brown,515.11,14-07-2018,L,KO/TKO,Niko Price
Ricky Glenn,520.47,14-07-2018,W,S-DEC,Dennis Bermudez
Dennis Bermudez,523.33,14-07-2018,L,S-DEC,Ricky Glenn
Sage Northcutt,552.59,14-07-2018,W,KO/TKO,Zak Ottow
Zak Ottow,499.19,14-07-2018,L,KO/TKO,Sage Northcutt
Junior Dos Santos,628.68,14-07-2018,W,U-DEC,Blagoy Ivanov
Blagoy Ivanov,489.41,14-07-2018,L,U-DEC,Junior Dos Santos
Pingyuan Liu,515.3,22-07-2018,W,U-DEC,Damian Stasiak
Damian Stasiak,474.75,22-07-2018,L,U-DEC,Pingyuan Liu
Darko Stosic,514.91,22-07-2018,W,KO/TKO,Jeremy Kimball
Jeremy Kimball,466.55,22-07-2018,L,KO/TKO,Darko Stosic
Manny Bermudez,535.57,22-07-2018,W,SUB,Davey Grant
Davey Grant,460.38,22-07-2018,L,SUB,Manny Bermudez
Aleksandar Rakic,534.34,22-07-2018,W,U-DEC,Justin Ledet
Justin Ledet,532.51,22-07-2018,L,U-DEC,Aleksandar Rakic
Nad Narimani,515.75,22-07-2018,W,U-DEC,Khalid Taha
Khalid Taha,484.25,22-07-2018,L,U-DEC,Nad Narimani
Bartosz Fabinski,548.06,22-07-2018,W,U-DEC,Emil Meek
Emil Meek,485.95,22-07-2018,L,U-DEC,Bartosz Fabinski
Damir Hadzovic,502.36,22-07-2018,W,S-DEC,Nick Hein
Nick Hein,505.77,22-07-2018,L,S-DEC,Damir Hadzovic
Nasrat Haqparast,499.28,22-07-2018,W,U-DEC,Marc Diakiese
Marc Diakiese,490.79,22-07-2018,L,U-DEC,Nasrat Haqparast
Danny Roberts,545.16,22-07-2018,W,S-DEC,David Zawada
David Zawada,484.93,22-07-2018,L,S-DEC,Danny Roberts
Marcin Tybura,529.72,22-07-2018,W,U-DEC,Stefan Struve
Stefan Struve,533.26,22-07-2018,L,U-DEC,Marcin Tybura
Abu Azaitar,515.8,22-07-2018,W,U-DEC,Vitor Miranda
Vitor Miranda,485.2,22-07-2018,L,U-DEC,Abu Azaitar
Corey Anderson,557.81,22-07-2018,W,U-DEC,Glover Teixeira
Glover Teixeira,588.35,22-07-2018,L,U-DEC,Corey Anderson
Anthony Smith,550.53,22-07-2018,W,KO/TKO,Mauricio Rua
Mauricio Rua,524.93,22-07-2018,L,KO/TKO,Anthony Smith
Devin Powell,484.62,28-07-2018,W,KO/TKO,Alvaro Herrera Mendoza
Alvaro Herrera Mendoza,459.13,28-07-2018,L,KO/TKO,Devin Powell
Nina Nunes,520.52,28-07-2018,W,U-DEC,Randa Markos
Randa Markos,481.48,28-07-2018,L,U-DEC,Nina Nunes
Dustin Ortiz,549.21,28-07-2018,W,KO/TKO,Matheus Nicolau
Matheus Nicolau,533.87,28-07-2018,L,KO/TKO,Dustin Ortiz
Katlyn Cerminara,547.45,28-07-2018,W,U-DEC,Alexis Davis
Alexis Davis,535.4,28-07-2018,L,U-DEC,Katlyn Cerminara
John Makdessi,540.24,28-07-2018,W,U-DEC,Ross Pearson
Ross Pearson,476.76,28-07-2018,L,U-DEC,John Makdessi
Ion Cutelaba,516.67,28-07-2018,W,KO/TKO,Gadzhimurad Antigulov
Gadzhimurad Antigulov,521.35,28-07-2018,L,KO/TKO,Ion Cutelaba
Islam Makhachev,580.26,28-07-2018,W,SUB,Kajan Johnson
Kajan Johnson,529.53,28-07-2018,L,SUB,Islam Makhachev
Hakeem Dawodu,496.53,28-07-2018,W,U-DEC,Austin Arnett
Austin Arnett,468.34,28-07-2018,L,U-DEC,Hakeem Dawodu
Jordan Mein,522.41,28-07-2018,W,U-DEC,Alex Morono
Alex Morono,498.03,28-07-2018,L,U-DEC,Jordan Mein
Alexander Hernandez,539.59,28-07-2018,W,U-DEC,Olivier Aubin-Mercier
Olivier Aubin-Mercier,571.55,28-07-2018,L,U-DEC,Alexander Hernandez
Joanna Jedrzejczyk,607.7,28-07-2018,W,U-DEC,Tecia Pennington
Tecia Pennington,545.9,28-07-2018,L,U-DEC,Joanna Jedrzejczyk
Jose Aldo,605.8,28-07-2018,W,KO/TKO,Jeremy Stephens
Jeremy Stephens,539.59,28-07-2018,L,KO/TKO,Jose Aldo
Dustin Poirier,671.18,28-07-2018,W,KO/TKO,Eddie Alvarez
Eddie Alvarez,526.97,28-07-2018,L,KO/TKO,Dustin Poirier
Marlon Vera,523.33,04-08-2018,W,KO/TKO,Wulijiburen
Wulijiburen,468.23,04-08-2018,L,KO/TKO,Marlon Vera
Zhang Weili,515.69,04-08-2018,W,U-DEC,Danielle Taylor
Danielle Taylor,482.96,04-08-2018,L,U-DEC,Zhang Weili
Alex Perez,549.56,04-08-2018,W,KO/TKO,Jose Torres
Jose Torres,499.31,04-08-2018,L,KO/TKO,Alex Perez
Sheymon Moraes,498.03,04-08-2018,W,U-DEC,Matt Sayles
Matt Sayles,483.41,04-08-2018,L,U-DEC,Sheymon Moraes
Ricardo Ramos,550.47,04-08-2018,W,S-DEC,Kyung Ho Kang
Kyung Ho Kang,534.43,04-08-2018,L,S-DEC,Ricardo Ramos
Ricky Simon,533.54,04-08-2018,W,U-DEC,Montel Jackson
Montel Jackson,484.35,04-08-2018,L,U-DEC,Ricky Simon
Pedro Munhoz,554.23,04-08-2018,W,U-DEC,Brett Johns
Brett Johns,521.04,04-08-2018,L,U-DEC,Pedro Munhoz
Thiago Santos,572.47,04-08-2018,W,U-DEC,Kevin Holland
Kevin Holland,486.92,04-08-2018,L,U-DEC,Thiago Santos
JJ Aldrich,535.28,04-08-2018,W,U-DEC,Polyana Viana
Polyana Viana,502.05,04-08-2018,L,U-DEC,JJ Aldrich
Renato Moicano,569.35,04-08-2018,W,SUB,Cub Swanson
Cub Swanson,549.66,04-08-2018,L,SUB,Renato Moicano
Henry Cejudo,594.05,04-08-2018,W,S-DEC,Demetrious Johnson
Demetrious Johnson,706.83,04-08-2018,L,S-DEC,Henry Cejudo
TJ Dillashaw,650.65,04-08-2018,W,KO/TKO,Cody Garbrandt
Cody Garbrandt,573.46,04-08-2018,L,KO/TKO,TJ Dillashaw
Rani Yahya,605.03,25-08-2018,W,SUB,Luke Sanders
Luke Sanders,484.63,25-08-2018,L,SUB,Rani Yahya
Drew Dober,542.46,25-08-2018,W,U-DEC,Jon Tuck
Jon Tuck,486.35,25-08-2018,L,U-DEC,Drew Dober
Joanne Wood,510.3,25-08-2018,W,SUB,Kalindra Faria
Kalindra Faria,445.81,25-08-2018,L,SUB,Joanne Wood
Mickey Gall,557.55,25-08-2018,W,SUB,George Sullivan
George Sullivan,474.28,25-08-2018,L,SUB,Mickey Gall
Andrew Sanchez,513.12,25-08-2018,W,U-DEC,Markus Perez
Markus Perez,487.66,25-08-2018,L,U-DEC,Andrew Sanchez
Cory Sandhagen,533.22,25-08-2018,W,KO/TKO,Iuri Alcantara
Iuri Alcantara,518.63,25-08-2018,L,KO/TKO,Cory Sandhagen
James Krause,575.74,25-08-2018,W,KO/TKO,Warlley Alves
Warlley Alves,549.45,25-08-2018,L,KO/TKO,James Krause
Eryk Anders,533.14,25-08-2018,W,KO/TKO,Tim Williams
Tim Williams,470.03,25-08-2018,L,KO/TKO,Eryk Anders
Deiveson Figueiredo,568.16,25-08-2018,W,KO/TKO,John Moraga
John Moraga,535.09,25-08-2018,L,KO/TKO,Deiveson Figueiredo
Bryan Barberena,536.48,25-08-2018,W,KO/TKO,Jake Ellenberger
Jake Ellenberger,482.51,25-08-2018,L,KO/TKO,Bryan Barberena
Cortney Casey,491.05,25-08-2018,W,S-DEC,Angela Hill
Angela Hill,467.27,25-08-2018,L,S-DEC,Cortney Casey
Michael Johnson,522.77,25-08-2018,W,S-DEC,Andre Fili
Andre Fili,509.94,25-08-2018,L,S-DEC,Michael Johnson
Justin Gaethje,513.75,25-08-2018,W,KO/TKO,James Vick
James Vick,616.46,25-08-2018,L,KO/TKO,Justin Gaethje
Jarred Brooks,499.47,08-09-2018,W,S-DEC,Robert Sanchez
Robert Sanchez,483.63,08-09-2018,L,S-DEC,Jarred Brooks
Irene Aldana,502.9,08-09-2018,W,S-DEC,Lucie Pudilova
Lucie Pudilova,499.41,08-09-2018,L,S-DEC,Irene Aldana
Jim Miller,557.39,08-09-2018,W,SUB,Alex White
Alex White,464.04,08-09-2018,L,SUB,Jim Miller
Diego Sanchez,550.16,08-09-2018,W,U-DEC,Craig White
Craig White,475.09,08-09-2018,L,U-DEC,Diego Sanchez
Darren Stewart,496.78,08-09-2018,W,KO/TKO,Charles Byrd
Charles Byrd,500.93,08-09-2018,L,KO/TKO,Darren Stewart
Geoff Neal,532.61,08-09-2018,W,KO/TKO,Frank Camacho
Frank Camacho,469.45,08-09-2018,L,KO/TKO,Geoff Neal
Aljamain Sterling,589.64,08-09-2018,W,SUB,Cody Stamann
Cody Stamann,532.62,08-09-2018,L,SUB,Aljamain Sterling
Tatiana Suarez,572.54,08-09-2018,W,KO/TKO,Carla Esparza
Carla Esparza,503.96,08-09-2018,L,KO/TKO,Tatiana Suarez
Abdul Razak Alhassan,547.66,08-09-2018,W,KO/TKO,Niko Price
Niko Price,545.5,08-09-2018,L,KO/TKO,Abdul Razak Alhassan
Jimmie Rivera,582.22,08-09-2018,W,U-DEC,John Dodson
John Dodson,550.81,08-09-2018,L,U-DEC,Jimmie Rivera
Zabit Magomedsharipov,570.62,08-09-2018,W,SUB,Brandon Davis
Brandon Davis,466.95,08-09-2018,L,SUB,Zabit Magomedsharipov
Jessica Andrade,590.98,08-09-2018,W,KO/TKO,Karolina Kowalkiewicz
Karolina Kowalkiewicz,529.33,08-09-2018,L,KO/TKO,Jessica Andrade
Tyron Woodley,649.05,08-09-2018,W,SUB,Darren Till
Darren Till,572.18,08-09-2018,L,SUB,Tyron Woodley
Merab Dvalishvili,481.59,15-09-2018,W,U-DEC,Terrion Ware
Terrion Ware,439.6,15-09-2018,L,U-DEC,Merab Dvalishvili
Ramazan Emeev,552.39,15-09-2018,W,U-DEC,Stefan Sekulic
Stefan Sekulic,484.58,15-09-2018,L,U-DEC,Ramazan Emeev
Jordan Johnson,567.18,15-09-2018,W,SUB,Adam Yandiev
Adam Yandiev,481.24,15-09-2018,L,SUB,Jordan Johnson
Magomed Ankalaev,496.58,15-09-2018,W,KO/TKO,Marcin Prachnio
Marcin Prachnio,470.7,15-09-2018,L,KO/TKO,Magomed Ankalaev
Mairbek Taisumov,594.7,15-09-2018,W,U-DEC,Desmond Green
Desmond Green,490.12,15-09-2018,L,U-DEC,Mairbek Taisumov
Rustam Khabilov,613.4,15-09-2018,W,S-DEC,Kajan Johnson
Kajan Johnson,513.81,15-09-2018,L,S-DEC,Rustam Khabilov
Petr Yan,531.31,15-09-2018,W,U-DEC,Jin Soo Son
Jin Soo Son,484.24,15-09-2018,L,U-DEC,Petr Yan
Khalid Murtazaliev,517.92,15-09-2018,W,KO/TKO,CB Dollaway
CB Dollaway,530.21,15-09-2018,L,KO/TKO,Khalid Murtazaliev
Aleksei Kunchenko,518.66,15-09-2018,W,U-DEC,Thiago Alves
Thiago Alves,546.23,15-09-2018,L,U-DEC,Aleksei Kunchenko
Shamil Abdurakhimov,534.82,15-09-2018,W,U-DEC,Andrei Arlovski
Andrei Arlovski,547.63,15-09-2018,L,U-DEC,Shamil Abdurakhimov
Jan Blachowicz,554.47,15-09-2018,W,SUB,Nikita Krylov
Nikita Krylov,532.55,15-09-2018,L,SUB,Jan Blachowicz
Aleksei Oleinik,575.25,15-09-2018,W,SUB,Mark Hunt
Mark Hunt,534.0,15-09-2018,L,SUB,Aleksei Oleinik
Livinha Souza,517.49,22-09-2018,W,SUB,Alex Chambers
Alex Chambers,448.6,22-09-2018,L,SUB,Livinha Souza
Elizeu Zaleski dos Santos,585.63,22-09-2018,W,KO/TKO,Luigi Vendramini
Luigi Vendramini,484.38,22-09-2018,L,KO/TKO,Elizeu Zaleski dos Santos
Thales Leites,568.61,22-09-2018,W,U-DEC,Hector Lombard
Hector Lombard,435.0,22-09-2018,L,U-DEC,Thales Leites
Mayra Bueno Silva,521.5,22-09-2018,W,SUB,Gillian Robertson
Gillian Robertson,516.72,22-09-2018,L,SUB,Mayra Bueno Silva
Sergio Moraes,601.15,22-09-2018,W,SUB,Ben Saunders
Ben Saunders,528.76,22-09-2018,L,SUB,Sergio Moraes
Augusto Sakai,514.38,22-09-2018,W,KO/TKO,Chase Sherman
Chase Sherman,455.22,22-09-2018,L,KO/TKO,Augusto Sakai
Ryan Spann,515.29,22-09-2018,W,U-DEC,Luis Henrique
Luis Henrique,474.61,22-09-2018,L,U-DEC,Ryan Spann
Francisco Trinaldo,614.91,22-09-2018,W,KO/TKO,Evan Dunham
Evan Dunham,548.37,22-09-2018,L,KO/TKO,Francisco Trinaldo
Charles Oliveira,587.33,22-09-2018,W,SUB,Christos Giagos
Christos Giagos,469.67,22-09-2018,L,SUB,Charles Oliveira
Randa Markos,482.28,22-09-2018,L,M-DEC,Marina Rodriguez
Marina Rodriguez,499.2,22-09-2018,W,M-DEC,Randa Markos
Andre Ewell,518.17,22-09-2018,W,S-DEC,Renan Barao
Renan Barao,535.71,22-09-2018,L,S-DEC,Andre Ewell
Rogerio Nogueira,533.16,22-09-2018,W,KO/TKO,Sam Alvey
Sam Alvey,562.92,22-09-2018,L,KO/TKO,Rogerio Nogueira
Alex Oliveira,592.38,22-09-2018,W,KO/TKO,Carlo Pedersoli Jr.
Carlo Pedersoli Jr.,501.78,22-09-2018,L,KO/TKO,Alex Oliveira
Thiago Santos,587.11,22-09-2018,W,KO/TKO,Eryk Anders
Eryk Anders,518.5,22-09-2018,L,KO/TKO,Thiago Santos
Anthony Rocco Martin,542.79,06-10-2018,W,KO/TKO,Ryan LaFlare
Ryan LaFlare,559.35,06-10-2018,L,KO/TKO,Anthony Rocco Martin
Nik Lentz,570.95,06-10-2018,W,KO/TKO,Gray Maynard
Gray Maynard,541.75,06-10-2018,L,KO/TKO,Nik Lentz
Yana Santos,501.14,06-10-2018,W,U-DEC,Lina Lansberg
Lina Lansberg,484.71,06-10-2018,L,U-DEC,Yana Santos
Scott Holtzman,548.76,06-10-2018,W,KO/TKO,Alan Patrick
Alan Patrick,544.29,06-10-2018,L,KO/TKO,Scott Holtzman
Aspen Ladd,530.79,06-10-2018,W,KO/TKO,Tonya Evinger
Tonya Evinger,469.3,06-10-2018,L,KO/TKO,Aspen Ladd
Vicente Luque,587.91,06-10-2018,W,KO/TKO,Jalin Turner
Jalin Turner,486.38,06-10-2018,L,KO/TKO,Vicente Luque
Jussier Formiga,579.57,06-10-2018,W,U-DEC,Sergio Pettis
Sergio Pettis,558.1,06-10-2018,L,U-DEC,Jussier Formiga
Michelle Waterson-Gomez,537.74,06-10-2018,W,U-DEC,Felice Herrig
Felice Herrig,533.02,06-10-2018,L,U-DEC,Michelle Waterson-Gomez
Derrick Lewis,634.16,06-10-2018,W,KO/TKO,Alexander Volkov
Alexander Volkov,559.55,06-10-2018,L,KO/TKO,Derrick Lewis
Dominick Reyes,569.49,06-10-2018,W,U-DEC,Ovince Saint Preux
Ovince Saint Preux,560.41,06-10-2018,L,U-DEC,Dominick Reyes
Tony Ferguson,727.96,06-10-2018,W,KO/TKO,Anthony Pettis
Anthony Pettis,556.34,06-10-2018,L,KO/TKO,Tony Ferguson
Khabib Nurmagomedov,703.13,06-10-2018,W,SUB,Conor McGregor
Conor McGregor,613.91,06-10-2018,L,SUB,Khabib Nurmagomedov
Stevie Ray,539.33,27-10-2018,W,U-DEC,Jessin Ayari
Jessin Ayari,484.62,27-10-2018,L,U-DEC,Stevie Ray
Arjan Bhullar,511.92,27-10-2018,W,U-DEC,Marcelo Golm
Marcelo Golm,485.66,27-10-2018,L,U-DEC,Arjan Bhullar
Don Madge,515.75,27-10-2018,W,KO/TKO,Te Edwards
Te Edwards,484.25,27-10-2018,L,KO/TKO,Don Madge
Talita Bernardo,485.15,27-10-2018,W,U-DEC,Sarah Moras
Sarah Moras,484.55,27-10-2018,L,U-DEC,Talita Bernardo
Calvin Kattar,533.26,27-10-2018,W,KO/TKO,Chris Fishgold
Chris Fishgold,485.08,27-10-2018,L,KO/TKO,Calvin Kattar
Nasrat Haqparast,513.64,27-10-2018,W,U-DEC,Thibault Gouti
Thibault Gouti,439.56,27-10-2018,L,U-DEC,Nasrat Haqparast
Sean Strickland,559.98,27-10-2018,W,KO/TKO,Nordine Taleb
Nordine Taleb,517.86,27-10-2018,L,KO/TKO,Sean Strickland
Court McGee,524.89,27-10-2018,W,U-DEC,Alex Garcia
Alex Garcia,505.17,27-10-2018,L,U-DEC,Court McGee
Gian Villante,504.06,27-10-2018,W,S-DEC,Ed Herman
Ed Herman,514.53,27-10-2018,L,S-DEC,Gian Villante
Andre Soukhamthath,487.62,27-10-2018,W,U-DEC,Jonathan Martinez
Jonathan Martinez,482.92,27-10-2018,L,U-DEC,Andre Soukhamthath
Misha Cirkunov,561.63,27-10-2018,W,SUB,Patrick Cummins
Patrick Cummins,499.77,27-10-2018,L,SUB,Misha Cirkunov
Michael Johnson,537.02,27-10-2018,W,U-DEC,Artem Lobov
Artem Lobov,460.8,27-10-2018,L,U-DEC,Michael Johnson
Anthony Smith,570.5,27-10-2018,W,SUB,Volkan Oezdemir
Volkan Oezdemir,521.12,27-10-2018,L,SUB,Anthony Smith
Marcos Rogerio de Lima,520.75,03-11-2018,W,U-DEC,Adam Wieczorek
Adam Wieczorek,516.44,03-11-2018,L,U-DEC,Marcos Rogerio de Lima
Shane Burgos,547.4,03-11-2018,W,SUB,Kurt Holobaugh
Kurt Holobaugh,454.7,03-11-2018,L,SUB,Shane Burgos
Matt Frevola,485.17,03-11-2018,L,M-DEC,Lando Vannata
Lando Vannata,474.66,03-11-2018,W,M-DEC,Matt Frevola
Lyman Good,515.56,03-11-2018,W,KO/TKO,Ben Saunders
Ben Saunders,511.64,03-11-2018,L,KO/TKO,Lyman Good
Sheymon Moraes,516.21,03-11-2018,W,S-DEC,Julio Arce
Julio Arce,515.43,03-11-2018,L,S-DEC,Sheymon Moraes
Sijara Eubanks,530.26,03-11-2018,W,U-DEC,Roxanne Modafferi
Roxanne Modafferi,470.48,03-11-2018,L,U-DEC,Sijara Eubanks
Jordan Rinaldi,506.66,03-11-2018,W,U-DEC,Jason Knight
Jason Knight,494.15,03-11-2018,L,U-DEC,Jordan Rinaldi
Israel Adesanya,572.43,03-11-2018,W,KO/TKO,Derek Brunson
Derek Brunson,562.99,03-11-2018,L,KO/TKO,Israel Adesanya
Karl Roberson,516.99,03-11-2018,W,U-DEC,Jack Marshman
Jack Marshman,481.47,03-11-2018,L,U-DEC,Karl Roberson
Jared Cannonier,504.78,03-11-2018,W,KO/TKO,David Branch
David Branch,509.52,03-11-2018,L,KO/TKO,Jared Cannonier
Jacare Souza,611.17,03-11-2018,W,KO/TKO,Chris Weidman
Chris Weidman,620.6,03-11-2018,L,KO/TKO,Jacare Souza
Daniel Cormier,689.02,03-11-2018,W,SUB,Derrick Lewis
Derrick Lewis,611.95,03-11-2018,L,SUB,Daniel Cormier
Mark De La Rosa,513.86,10-11-2018,W,S-DEC,Joby Sanchez
Joby Sanchez,449.15,10-11-2018,L,S-DEC,Mark De La Rosa
Eric Shelton,488.47,10-11-2018,W,S-DEC,Joseph Morales
Joseph Morales,485.65,10-11-2018,L,S-DEC,Eric Shelton
Devonte Smith,515.72,10-11-2018,W,KO/TKO,Julian Erosa
Julian Erosa,483.51,10-11-2018,L,KO/TKO,Devonte Smith
Davi Ramos,547.28,10-11-2018,W,SUB,John Gunther
John Gunther,495.2,10-11-2018,L,SUB,Davi Ramos
Chas Skelly,539.97,10-11-2018,L,Overturned,Bobby Moffett
Bobby Moffett,517.46,10-11-2018,W,Overturned,Chas Skelly
Ashley Yoder,469.97,10-11-2018,W,S-DEC,Amanda Cooper
Amanda Cooper,456.91,10-11-2018,L,S-DEC,Ashley Yoder
Michael Trizano,532.42,10-11-2018,W,S-DEC,Luis Pena
Luis Pena,502.7,10-11-2018,L,S-DEC,Michael Trizano
Maycee Barber,515.75,10-11-2018,W,KO/TKO,Hannah Cifers
Hannah Cifers,484.25,10-11-2018,L,KO/TKO,Maycee Barber
Beneil Dariush,582.52,10-11-2018,W,U-DEC,Thiago Moises
Thiago Moises,487.38,10-11-2018,L,U-DEC,Beneil Dariush
Germaine de Randamie,564.77,10-11-2018,W,U-DEC,Raquel Pennington
Raquel Pennington,534.92,10-11-2018,L,U-DEC,Germaine de Randamie
Donald Cerrone,651.89,10-11-2018,W,SUB,Mike Perry
Mike Perry,518.0,10-11-2018,L,SUB,Donald Cerrone
Yair Rodriguez,598.65,10-11-2018,W,KO/TKO,Chan Sung Jung
Chan Sung Jung,544.53,10-11-2018,L,KO/TKO,Yair Rodriguez
Nad Narimani,531.5,17-11-2018,W,U-DEC,Anderson Dos Santos
Anderson Dos Santos,484.25,17-11-2018,L,U-DEC,Nad Narimani
Jesus Pinedo,515.05,17-11-2018,W,U-DEC,Devin Powell
Devin Powell,469.57,17-11-2018,L,U-DEC,Jesus Pinedo
Laureano Staropoli,515.03,17-11-2018,W,U-DEC,Hector Aldana
Hector Aldana,469.15,17-11-2018,L,U-DEC,Laureano Staropoli
Austin Arnett,485.56,17-11-2018,W,U-DEC,Humberto Bandenay
Humberto Bandenay,483.57,17-11-2018,L,U-DEC,Austin Arnett
Alexandre Pantoja,552.72,17-11-2018,W,SUB,Yuta Sasaki
Yuta Sasaki,488.44,17-11-2018,L,SUB,Alexandre Pantoja
Michel Prazeres,638.98,17-11-2018,W,SUB,Bartosz Fabinski
Bartosz Fabinski,527.38,17-11-2018,L,SUB,Michel Prazeres
Cynthia Calvillo,554.51,17-11-2018,W,SUB,Poliana Botelho
Poliana Botelho,512.26,17-11-2018,L,SUB,Cynthia Calvillo
Marlon Vera,541.75,17-11-2018,W,SUB,Guido Cannetti
Guido Cannetti,477.93,17-11-2018,L,SUB,Marlon Vera
Ian Heinisch,519.27,17-11-2018,W,U-DEC,Cezar Ferreira
Cezar Ferreira,559.79,17-11-2018,L,U-DEC,Ian Heinisch
Johnny Walker,515.91,17-11-2018,W,KO/TKO,Khalil Rountree Jr.
Khalil Rountree Jr.,487.72,17-11-2018,L,KO/TKO,Johnny Walker
Ricardo Lamas,583.22,17-11-2018,W,KO/TKO,Darren Elkins
Darren Elkins,602.93,17-11-2018,L,KO/TKO,Ricardo Lamas
Santiago Ponzinibbio,627.57,17-11-2018,W,KO/TKO,Neil Magny
Neil Magny,602.97,17-11-2018,L,KO/TKO,Santiago Ponzinibbio
Louis Smolka,514.68,24-11-2018,W,SUB,Sumudaerji
Sumudaerji,480.69,24-11-2018,L,SUB,Louis Smolka
Kevin Holland,505.32,24-11-2018,W,SUB,John Phillips
John Phillips,462.23,24-11-2018,L,SUB,Kevin Holland
Yan Xiaonan,545.36,24-11-2018,W,U-DEC,Syuri Kondo
Syuri Kondo,482.79,24-11-2018,L,U-DEC,Yan Xiaonan
Pingyuan Liu,531.07,24-11-2018,W,S-DEC,Martin Day
Martin Day,484.23,24-11-2018,L,S-DEC,Pingyuan Liu
Zhang Weili,534.21,24-11-2018,W,SUB,Jessica Aguilar
Jessica Aguilar,466.69,24-11-2018,L,SUB,Zhang Weili
Rashad Coulter,469.09,24-11-2018,W,U-DEC,Hu Yaozong
Hu Yaozong,462.92,24-11-2018,L,U-DEC,Rashad Coulter
Wu Yanan,504.55,24-11-2018,W,SUB,Lauren Mueller
Lauren Mueller,495.25,24-11-2018,L,SUB,Wu Yanan
Alex Morono,515.23,24-11-2018,W,U-DEC,Song Kenan
Song Kenan,513.0,24-11-2018,L,U-DEC,Alex Morono
Li Jingliang,566.32,24-11-2018,W,KO/TKO,David Zawada
David Zawada,471.62,24-11-2018,L,KO/TKO,Li Jingliang
Song Yadong,550.75,24-11-2018,W,U-DEC,Vince Morales
Vince Morales,484.49,24-11-2018,L,U-DEC,Song Yadong
Alistair Overeem,566.93,24-11-2018,W,KO/TKO,Sergei Pavlovich
Sergei Pavlovich,486.66,24-11-2018,L,KO/TKO,Alistair Overeem
Francis Ngannou,590.16,24-11-2018,W,KO/TKO,Curtis Blaydes
Curtis Blaydes,571.56,24-11-2018,L,KO/TKO,Francis Ngannou
Raoni Barcelos,534.21,30-11-2018,W,SUB,Chris Gutierrez
Chris Gutierrez,480.9,30-11-2018,L,SUB,Raoni Barcelos
Tim Means,548.33,30-11-2018,W,KO/TKO,Ricky Rainey
Ricky Rainey,470.0,30-11-2018,L,KO/TKO,Tim Means
Roosevelt Roberts,518.57,30-11-2018,W,SUB,Darrell Horcher
Darrell Horcher,466.98,30-11-2018,L,SUB,Roosevelt Roberts
Leah Letson,515.75,30-11-2018,W,S-DEC,Julija Stoliarenko
Julija Stoliarenko,484.25,30-11-2018,L,S-DEC,Leah Letson
Maurice Greene,519.37,30-11-2018,W,SUB,Michel Batista
Michel Batista,480.63,30-11-2018,L,SUB,Maurice Greene
Joseph Benavidez,637.83,30-11-2018,W,KO/TKO,Alex Perez
Alex Perez,537.2,30-11-2018,L,KO/TKO,Joseph Benavidez
Kevin Aguilar,516.68,30-11-2018,W,U-DEC,Ricky Glenn
Ricky Glenn,503.79,30-11-2018,L,U-DEC,Kevin Aguilar
Antonina Shevchenko,516.52,30-11-2018,W,U-DEC,Ji Yeon Kim
Ji Yeon Kim,500.57,30-11-2018,L,U-DEC,Antonina Shevchenko
Edmen Shahbazyan,515.6,30-11-2018,W,S-DEC,Darren Stewart
Darren Stewart,481.18,30-11-2018,L,S-DEC,Edmen Shahbazyan
Pedro Munhoz,570.67,30-11-2018,W,KO/TKO,Bryan Caraway
Bryan Caraway,536.47,30-11-2018,L,KO/TKO,Pedro Munhoz
Macy Chiasson,519.06,30-11-2018,W,SUB,Pannie Kianzad
Pannie Kianzad,480.94,30-11-2018,L,SUB,Macy Chiasson
Juan Espino,519.37,30-11-2018,W,SUB,Justin Frazier
Justin Frazier,480.63,30-11-2018,L,SUB,Juan Espino
Kamaru Usman,667.73,30-11-2018,W,U-DEC,Rafael Dos Anjos
Rafael Dos Anjos,623.99,30-11-2018,L,U-DEC,Kamaru Usman
Damir Ismagulov,515.75,01-12-2018,W,U-DEC,Alex Gorgees
Alex Gorgees,484.25,01-12-2018,L,U-DEC,Damir Ismagulov
Christos Giagos,484.85,01-12-2018,W,U-DEC,Mizuto Hirota
Mizuto Hirota,441.92,01-12-2018,L,U-DEC,Christos Giagos
Kai Kara-France,514.83,01-12-2018,W,U-DEC,Elias Garcia
Elias Garcia,464.95,01-12-2018,L,U-DEC,Kai Kara-France
Keita Nakamura,488.88,01-12-2018,W,S-DEC,Salim Touahri
Salim Touahri,469.73,01-12-2018,L,S-DEC,Keita Nakamura
Wilson Reis,531.77,01-12-2018,W,U-DEC,Ben Nguyen
Ben Nguyen,512.48,01-12-2018,L,U-DEC,Wilson Reis
Aleksei Kunchenko,538.58,01-12-2018,W,U-DEC,Yushin Okami
Yushin Okami,571.84,01-12-2018,L,U-DEC,Aleksei Kunchenko
Jimmy Crute,519.08,01-12-2018,W,SUB,Paul Craig
Paul Craig,487.21,01-12-2018,L,SUB,Jimmy Crute
Sodiq Yusuff,515.75,01-12-2018,W,KO/TKO,Suman Mokhtarian
Suman Mokhtarian,484.25,01-12-2018,L,KO/TKO,Sodiq Yusuff
Anthony Rocco Martin,564.91,01-12-2018,W,SUB,Jake Matthews
Jake Matthews,547.6,01-12-2018,L,SUB,Anthony Rocco Martin
Justin Willis,563.79,01-12-2018,W,U-DEC,Mark Hunt
Mark Hunt,516.64,01-12-2018,L,U-DEC,Justin Willis
Mauricio Rua,540.41,01-12-2018,W,KO/TKO,Tyson Pedro
Tyson Pedro,503.5,01-12-2018,L,KO/TKO,Mauricio Rua
Junior Dos Santos,641.54,01-12-2018,W,KO/TKO,Tai Tuivasa
Tai Tuivasa,537.96,01-12-2018,L,KO/TKO,Junior Dos Santos
Aleksandar Rakic,550.46,08-12-2018,W,KO/TKO,Devin Clark
Devin Clark,495.44,08-12-2018,L,KO/TKO,Aleksandar Rakic
Diego Ferreira,554.36,08-12-2018,W,KO/TKO,Kyle Nelson
Kyle Nelson,484.68,08-12-2018,L,KO/TKO,Diego Ferreira
Dhiego Lima,460.76,08-12-2018,W,KO/TKO,Chad Laprise
Chad Laprise,521.73,08-12-2018,L,KO/TKO,Dhiego Lima
Brad Katona,531.0,08-12-2018,W,U-DEC,Matthew Lopez
Matthew Lopez,474.08,08-12-2018,L,U-DEC,Brad Katona
Elias Theodorou,590.52,08-12-2018,W,S-DEC,Eryk Anders
Eryk Anders,504.08,08-12-2018,L,S-DEC,Elias Theodorou
Jessica Eye,508.36,08-12-2018,W,S-DEC,Katlyn Cerminara
Katlyn Cerminara,527.29,08-12-2018,L,S-DEC,Jessica Eye
Gilbert Burns,561.31,08-12-2018,W,U-DEC,Olivier Aubin-Mercier
Olivier Aubin-Mercier,554.57,08-12-2018,L,U-DEC,Gilbert Burns
Nina Nunes,539.4,08-12-2018,W,U-DEC,Claudia Gadelha
Claudia Gadelha,518.73,08-12-2018,L,U-DEC,Nina Nunes
Thiago Santos,601.61,08-12-2018,W,KO/TKO,Jimi Manuwa
Jimi Manuwa,516.71,08-12-2018,L,KO/TKO,Thiago Santos
Hakeem Dawodu,512.54,08-12-2018,W,S-DEC,Kyle Bochniak
Kyle Bochniak,470.12,08-12-2018,L,S-DEC,Hakeem Dawodu
Gunnar Nelson,596.97,08-12-2018,W,SUB,Alex Oliveira
Alex Oliveira,572.48,08-12-2018,L,SUB,Gunnar Nelson
Valentina Shevchenko,560.72,08-12-2018,W,U-DEC,Joanna Jedrzejczyk
Joanna Jedrzejczyk,588.08,08-12-2018,L,U-DEC,Valentina Shevchenko
Max Holloway,728.73,08-12-2018,W,KO/TKO,Brian Ortega
Brian Ortega,618.5,08-12-2018,L,KO/TKO,Max Holloway
Juan Adams,515.03,15-12-2018,W,KO/TKO,Chris de la Rocha
Chris de la Rocha,469.16,15-12-2018,L,KO/TKO,Juan Adams
Mike Rodriguez,499.79,15-12-2018,W,KO/TKO,Adam Milstead
Adam Milstead,468.02,15-12-2018,L,KO/TKO,Mike Rodriguez
Dan Ige,515.68,15-12-2018,W,U-DEC,Jordan Griffin
Jordan Griffin,483.46,15-12-2018,L,U-DEC,Dan Ige
Zak Cummings,558.55,15-12-2018,W,U-DEC,Trevor Smith
Trevor Smith,490.33,15-12-2018,L,U-DEC,Zak Cummings
Jack Hermansson,552.04,15-12-2018,W,SUB,Gerald Meerschaert
Gerald Meerschaert,534.36,15-12-2018,L,SUB,Jack Hermansson
Joaquim Silva,544.53,15-12-2018,W,KO/TKO,Jared Gordon
Jared Gordon,499.2,15-12-2018,L,KO/TKO,Joaquim Silva
Drakkar Klose,547.66,15-12-2018,W,U-DEC,King Green
King Green,519.72,15-12-2018,L,U-DEC,Drakkar Klose
Zak Ottow,514.98,15-12-2018,W,S-DEC,Dwight Grant
Dwight Grant,484.21,15-12-2018,L,S-DEC,Zak Ottow
Charles Oliveira,606.72,15-12-2018,W,SUB,Jim Miller
Jim Miller,538.0,15-12-2018,L,SUB,Charles Oliveira
Rob Font,546.14,15-12-2018,W,U-DEC,Sergio Pettis
Sergio Pettis,541.04,15-12-2018,L,U-DEC,Rob Font
Edson Barboza,595.39,15-12-2018,W,KO/TKO,Dan Hooker
Dan Hooker,555.8,15-12-2018,L,KO/TKO,Edson Barboza
Al Iaquinta,596.73,15-12-2018,W,U-DEC,Kevin Lee
Kevin Lee,606.28,15-12-2018,L,U-DEC,Al Iaquinta
Montel Jackson,505.91,29-12-2018,W,SUB,Brian Kelleher
Brian Kelleher,502.19,29-12-2018,L,SUB,Montel Jackson
Curtis Millender,552.74,29-12-2018,W,U-DEC,Siyar Bahadurzada
Siyar Bahadurzada,522.85,29-12-2018,L,U-DEC,Curtis Millender
Uriah Hall,510.47,29-12-2018,W,KO/TKO,Bevon Lewis
Bevon Lewis,484.0,29-12-2018,L,KO/TKO,Uriah Hall
Nathaniel Wood,538.43,29-12-2018,W,SUB,Andre Ewell
Andre Ewell,498.57,29-12-2018,L,SUB,Nathaniel Wood
Ryan Hall,554.74,29-12-2018,W,SUB,BJ Penn
BJ Penn,499.3,29-12-2018,L,SUB,Ryan Hall
Petr Yan,547.72,29-12-2018,W,KO/TKO,Douglas Silva de Andrade
Douglas Silva de Andrade,498.01,29-12-2018,L,KO/TKO,Petr Yan
Megan Anderson,500.66,29-12-2018,W,KO/TKO,Cat Zingano
Cat Zingano,483.67,29-12-2018,L,KO/TKO,Megan Anderson
Andrei Arlovski,529.77,29-12-2018,L,Overturned,Walt Harris
Walt Harris,498.33,29-12-2018,W,Overturned,Andrei Arlovski
Alexander Volkanovski,606.08,29-12-2018,W,KO/TKO,Chad Mendes
Chad Mendes,559.41,29-12-2018,L,KO/TKO,Alexander Volkanovski
Corey Anderson,576.01,29-12-2018,W,U-DEC,Ilir Latifi
Ilir Latifi,558.67,29-12-2018,L,U-DEC,Corey Anderson
Michael Chiesa,569.27,29-12-2018,W,SUB,Carlos Condit
Carlos Condit,489.18,29-12-2018,L,SUB,Michael Chiesa
Amanda Nunes,654.53,29-12-2018,W,KO/TKO,Cristiane Justino
Cristiane Justino,561.37,29-12-2018,L,KO/TKO,Amanda Nunes
Jon Jones,782.3,29-12-2018,W,KO/TKO,Alexander Gustafsson
Alexander Gustafsson,588.53,29-12-2018,L,KO/TKO,Jon Jones
Chance Rencountre,504.29,19-01-2019,W,SUB,Kyle Stewart
Kyle Stewart,479.74,19-01-2019,L,SUB,Chance Rencountre
Geoff Neal,550.99,19-01-2019,W,U-DEC,Belal Muhammad
Belal Muhammad,536.95,19-01-2019,L,U-DEC,Geoff Neal
Dennis Bermudez,537.32,19-01-2019,W,U-DEC,Te Edwards
Te Edwards,470.26,19-01-2019,L,U-DEC,Dennis Bermudez
Cory Sandhagen,552.41,19-01-2019,W,SUB,Mario Bautista
Mario Bautista,480.81,19-01-2019,L,SUB,Cory Sandhagen
Alonzo Menifield,515.75,19-01-2019,W,KO/TKO,Vinicius Moreira
Vinicius Moreira,484.25,19-01-2019,L,KO/TKO,Alonzo Menifield
Joanne Wood,526.31,19-01-2019,W,U-DEC,Ariane da Silva
Ariane da Silva,483.99,19-01-2019,L,U-DEC,Joanne Wood
Donald Cerrone,663.24,19-01-2019,W,KO/TKO,Alexander Hernandez
Alexander Hernandez,528.24,19-01-2019,L,KO/TKO,Donald Cerrone
Glover Teixeira,603.8,19-01-2019,W,SUB,Karl Roberson
Karl Roberson,501.54,19-01-2019,L,SUB,Glover Teixeira
Paige VanZant,524.36,19-01-2019,W,SUB,Rachael Ostovich
Rachael Ostovich,481.01,19-01-2019,L,SUB,Paige VanZant
Joseph Benavidez,650.21,19-01-2019,W,U-DEC,Dustin Ortiz
Dustin Ortiz,536.83,19-01-2019,L,U-DEC,Joseph Benavidez
Gregor Gillespie,606.54,19-01-2019,W,KO/TKO,Yancy Medeiros
Yancy Medeiros,537.8,19-01-2019,L,KO/TKO,Gregor Gillespie
Allen Crowder,500.71,19-01-2019,W,DQ,Greg Hardy
Greg Hardy,483.54,19-01-2019,L,DQ,Allen Crowder
Henry Cejudo,614.96,19-01-2019,W,KO/TKO,TJ Dillashaw
TJ Dillashaw,629.74,19-01-2019,L,KO/TKO,Henry Cejudo
Rogerio Bontorin,515.75,02-02-2019,W,S-DEC,Bibulatov Magomed
Bibulatov Magomed,484.34,02-02-2019,L,S-DEC,Rogerio Bontorin
Said Nurmagomedov,533.23,02-02-2019,W,KO/TKO,Ricardo Ramos
Ricardo Ramos,532.29,02-02-2019,L,KO/TKO,Said Nurmagomedov
Geraldo de Freitas,515.75,02-02-2019,W,U-DEC,Felipe Colares
Felipe Colares,484.25,02-02-2019,L,U-DEC,Geraldo de Freitas
Jairzinho Rozenstruik,515.08,02-02-2019,W,KO/TKO,Junior Albini
Junior Albini,470.03,02-02-2019,L,KO/TKO,Jairzinho Rozenstruik
Thiago Alves,559.35,02-02-2019,W,S-DEC,Max Griffin
Max Griffin,474.56,02-02-2019,L,S-DEC,Thiago Alves
Mara Romero Borella,518.17,02-02-2019,W,S-DEC,Taila Santos
Taila Santos,484.36,02-02-2019,L,S-DEC,Mara Romero Borella
Markus Perez,507.39,02-02-2019,W,SUB,Anthony Hernandez
Anthony Hernandez,480.27,02-02-2019,L,SUB,Markus Perez
Livinha Souza,533.16,02-02-2019,W,S-DEC,Sarah Frota
Sarah Frota,484.33,02-02-2019,L,S-DEC,Livinha Souza
Johnny Walker,533.2,02-02-2019,W,KO/TKO,Justin Ledet
Justin Ledet,515.22,02-02-2019,L,KO/TKO,Johnny Walker
Charles Oliveira,627.07,02-02-2019,W,SUB,David Teymur
David Teymur,563.55,02-02-2019,L,SUB,Charles Oliveira
Demian Maia,644.37,02-02-2019,W,SUB,Lyman Good
Lyman Good,502.41,02-02-2019,L,SUB,Demian Maia
Jose Aldo,620.58,02-02-2019,W,KO/TKO,Renato Moicano
Renato Moicano,554.57,02-02-2019,L,KO/TKO,Jose Aldo
Marlon Moraes,575.67,02-02-2019,W,SUB,Raphael Assuncao
Raphael Assuncao,615.45,02-02-2019,L,SUB,Marlon Moraes
Jonathan Martinez,498.0,09-02-2019,W,U-DEC,Wulijiburen
Wulijiburen,453.15,09-02-2019,L,U-DEC,Jonathan Martinez
Jalin Turner,502.75,09-02-2019,W,KO/TKO,Callan Potter
Callan Potter,483.63,09-02-2019,L,KO/TKO,Jalin Turner
Kyung Ho Kang,550.8,09-02-2019,W,SUB,Teruto Ishihara
Teruto Ishihara,463.77,09-02-2019,L,SUB,Kyung Ho Kang
Kai Kara-France,530.63,09-02-2019,W,S-DEC,Raulian Paiva
Raulian Paiva,484.2,09-02-2019,L,S-DEC,Kai Kara-France
Shane Young,515.86,09-02-2019,W,U-DEC,Austin Arnett
Austin Arnett,469.75,09-02-2019,L,U-DEC,Shane Young
Devonte Smith,532.25,09-02-2019,W,KO/TKO,Dong Hyun Ma
Dong Hyun Ma,499.87,09-02-2019,L,KO/TKO,Devonte Smith
Jimmy Crute,537.65,09-02-2019,W,KO/TKO,Sam Alvey
Sam Alvey,544.35,09-02-2019,L,KO/TKO,Jimmy Crute
Montana De La Rosa,558.43,09-02-2019,W,SUB,Nadia Kassem
Nadia Kassem,495.46,09-02-2019,L,SUB,Montana De La Rosa
Ricky Simon,554.29,09-02-2019,W,U-DEC,Rani Yahya
Rani Yahya,584.28,09-02-2019,L,U-DEC,Ricky Simon
Lando Vannata,495.44,09-02-2019,W,SUB,Marcos Mariano
Marcos Mariano,479.22,09-02-2019,L,SUB,Lando Vannata
Israel Adesanya,595.66,09-02-2019,W,U-DEC,Anderson Silva
Anderson Silva,633.83,09-02-2019,L,U-DEC,Israel Adesanya
Emily Whitmire,519.51,17-02-2019,W,SUB,Aleksandra Albu
Aleksandra Albu,510.1,17-02-2019,L,SUB,Emily Whitmire
Luke Sanders,502.68,17-02-2019,W,KO/TKO,Renan Barao
Renan Barao,517.66,17-02-2019,L,KO/TKO,Luke Sanders
Nik Lentz,586.4,17-02-2019,W,U-DEC,Scott Holtzman
Scott Holtzman,533.31,17-02-2019,L,U-DEC,Nik Lentz
Andrea Lee,530.52,17-02-2019,W,U-DEC,Ashlee Evans-Smith
Ashlee Evans-Smith,478.9,17-02-2019,L,U-DEC,Andrea Lee
Manny Bermudez,555.54,17-02-2019,W,SUB,Benito Lopez
Benito Lopez,495.22,17-02-2019,L,SUB,Manny Bermudez
Aljamain Sterling,606.52,17-02-2019,W,U-DEC,Jimmie Rivera
Jimmie Rivera,565.34,17-02-2019,L,U-DEC,Aljamain Sterling
Andre Fili,528.58,17-02-2019,W,U-DEC,Myles Jury
Myles Jury,555.76,17-02-2019,L,U-DEC,Andre Fili
Vicente Luque,603.26,17-02-2019,W,KO/TKO,Bryan Barberena
Bryan Barberena,521.13,17-02-2019,L,KO/TKO,Vicente Luque
Kron Gracie,519.11,17-02-2019,W,SUB,Alex Caceres
Alex Caceres,476.11,17-02-2019,L,SUB,Kron Gracie
Cynthia Calvillo,568.03,17-02-2019,W,U-DEC,Cortney Casey
Cortney Casey,477.53,17-02-2019,L,U-DEC,Cynthia Calvillo
Paul Felder,572.73,17-02-2019,W,U-DEC,James Vick
James Vick,597.92,17-02-2019,L,U-DEC,Paul Felder
Francis Ngannou,609.26,17-02-2019,W,KO/TKO,Cain Velasquez
Cain Velasquez,626.35,17-02-2019,L,KO/TKO,Francis Ngannou
Damir Ismagulov,531.5,23-02-2019,W,U-DEC,Joel Alvarez
Joel Alvarez,484.25,23-02-2019,L,U-DEC,Damir Ismagulov
Diego Ferreira,575.39,23-02-2019,W,U-DEC,Rustam Khabilov
Rustam Khabilov,592.37,23-02-2019,L,U-DEC,Diego Ferreira
Ismail Naurdiev,521.73,23-02-2019,W,U-DEC,Michel Prazeres
Michel Prazeres,617.25,23-02-2019,L,U-DEC,Ismail Naurdiev
Damir Hadzovic,520.91,23-02-2019,W,KO/TKO,Marco Polo Reyes
Marco Polo Reyes,527.14,23-02-2019,L,KO/TKO,Damir Hadzovic
Gillian Robertson,533.14,23-02-2019,W,SUB,Veronica Hardy
Veronica Hardy,451.99,23-02-2019,L,SUB,Gillian Robertson
Chris Fishgold,503.11,23-02-2019,W,SUB,Daniel Teymur
Daniel Teymur,448.36,23-02-2019,L,SUB,Chris Fishgold
Dwight Grant,500.76,23-02-2019,W,KO/TKO,Carlo Pedersoli Jr.
Carlo Pedersoli Jr.,485.23,23-02-2019,L,KO/TKO,Dwight Grant
Magomed Ankalaev,513.24,23-02-2019,W,U-DEC,Klidson Abreu
Klidson Abreu,483.34,23-02-2019,L,U-DEC,Magomed Ankalaev
Petr Yan,565.88,23-02-2019,W,U-DEC,John Dodson
John Dodson,532.65,23-02-2019,L,U-DEC,Petr Yan
Liz Carmouche,518.06,23-02-2019,W,U-DEC,Lucie Pudilova
Lucie Pudilova,483.02,23-02-2019,L,U-DEC,Liz Carmouche
Michal Oleksiejczuk,530.25,23-02-2019,W,KO/TKO,Gian Villante
Gian Villante,488.81,23-02-2019,L,KO/TKO,Michal Oleksiejczuk
Stefan Struve,551.63,23-02-2019,W,SUB,Marcos Rogerio de Lima
Marcos Rogerio de Lima,502.38,23-02-2019,L,SUB,Stefan Struve
Thiago Santos,617.18,23-02-2019,W,KO/TKO,Jan Blachowicz
Jan Blachowicz,538.9,23-02-2019,L,KO/TKO,Thiago Santos
Hannah Cifers,500.81,02-03-2019,W,S-DEC,Polyana Viana
Polyana Viana,485.49,02-03-2019,L,S-DEC,Hannah Cifers
Macy Chiasson,533.72,02-03-2019,W,KO/TKO,Gina Mazany
Gina Mazany,465.58,02-03-2019,L,KO/TKO,Macy Chiasson
Edmen Shahbazyan,531.4,02-03-2019,W,KO/TKO,Charles Byrd
Charles Byrd,485.13,02-03-2019,L,KO/TKO,Edmen Shahbazyan
Diego Sanchez,567.01,02-03-2019,W,KO/TKO,Mickey Gall
Mickey Gall,540.7,02-03-2019,L,KO/TKO,Diego Sanchez
Cody Stamann,550.87,02-03-2019,W,U-DEC,Alejandro Perez
Alejandro Perez,569.98,02-03-2019,L,U-DEC,Cody Stamann
Johnny Walker,551.86,02-03-2019,W,KO/TKO,Misha Cirkunov
Misha Cirkunov,542.97,02-03-2019,L,KO/TKO,Johnny Walker
Zabit Magomedsharipov,587.7,02-03-2019,W,U-DEC,Jeremy Stephens
Jeremy Stephens,522.51,02-03-2019,L,U-DEC,Zabit Magomedsharipov
Pedro Munhoz,588.06,02-03-2019,W,KO/TKO,Cody Garbrandt
Cody Garbrandt,556.07,02-03-2019,L,KO/TKO,Pedro Munhoz
Zhang Weili,552.04,02-03-2019,W,U-DEC,Tecia Pennington
Tecia Pennington,528.07,02-03-2019,L,U-DEC,Zhang Weili
Ben Askren,525.76,02-03-2019,W,SUB,Robbie Lawler
Robbie Lawler,593.23,02-03-2019,L,SUB,Ben Askren
Kamaru Usman,689.02,02-03-2019,W,U-DEC,Tyron Woodley
Tyron Woodley,627.76,02-03-2019,L,U-DEC,Kamaru Usman
Jon Jones,792.56,02-03-2019,W,U-DEC,Anthony Smith
Anthony Smith,560.24,02-03-2019,L,U-DEC,Jon Jones
Alex White,480.78,09-03-2019,W,U-DEC,Dan Moret
Dan Moret,469.06,09-03-2019,L,U-DEC,Alex White
Alex Morono,531.72,09-03-2019,W,KO/TKO,Zak Ottow
Zak Ottow,498.49,09-03-2019,L,KO/TKO,Alex Morono
Matt Schnell,526.46,09-03-2019,W,SUB,Louis Smolka
Louis Smolka,492.85,09-03-2019,L,SUB,Matt Schnell
Maurice Greene,534.95,09-03-2019,W,S-DEC,Jeff Hughes
Jeff Hughes,484.42,09-03-2019,L,S-DEC,Maurice Greene
Grant Dawson,515.0,09-03-2019,W,U-DEC,Julian Erosa
Julian Erosa,468.51,09-03-2019,L,U-DEC,Grant Dawson
Yana Santos,519.21,09-03-2019,W,U-DEC,Marion Reneau
Marion Reneau,516.18,09-03-2019,L,U-DEC,Yana Santos
Anthony Rocco Martin,584.78,09-03-2019,W,U-DEC,Sergio Moraes
Sergio Moraes,581.28,09-03-2019,L,U-DEC,Anthony Rocco Martin
Omari Akhmedov,544.13,09-03-2019,W,U-DEC,Tim Boetsch
Tim Boetsch,496.35,09-03-2019,L,U-DEC,Omari Akhmedov
Beneil Dariush,600.19,09-03-2019,W,SUB,Drew Dober
Drew Dober,524.79,09-03-2019,L,SUB,Beneil Dariush
Blagoy Ivanov,508.04,09-03-2019,W,U-DEC,Ben Rothwell
Ben Rothwell,535.12,09-03-2019,L,U-DEC,Blagoy Ivanov
Niko Price,561.38,09-03-2019,W,KO/TKO,Tim Means
Tim Means,532.45,09-03-2019,L,KO/TKO,Niko Price
Elizeu Zaleski dos Santos,608.19,09-03-2019,W,SUB,Curtis Millender
Curtis Millender,530.18,09-03-2019,L,SUB,Elizeu Zaleski dos Santos
Junior Dos Santos,657.32,09-03-2019,W,KO/TKO,Derrick Lewis
Derrick Lewis,596.17,09-03-2019,L,KO/TKO,Junior Dos Santos
Mike Grundy,517.17,16-03-2019,W,KO/TKO,Nad Narimani
Nad Narimani,514.33,16-03-2019,L,KO/TKO,Mike Grundy
Molly McCann,496.95,16-03-2019,W,U-DEC,Priscila Cachoeira
Priscila Cachoeira,466.42,16-03-2019,L,U-DEC,Molly McCann
Dan Ige,538.08,16-03-2019,W,SUB,Danny Henry
Danny Henry,512.73,16-03-2019,L,SUB,Dan Ige
Saparbeg Safarov,484.08,16-03-2019,W,U-DEC,Nicolae Negumereanu
Nicolae Negumereanu,482.75,16-03-2019,L,U-DEC,Saparbeg Safarov
Marc Diakiese,508.72,16-03-2019,W,U-DEC,Joe Duffy
Joe Duffy,521.3,16-03-2019,L,U-DEC,Marc Diakiese
Arnold Allen,585.08,16-03-2019,W,U-DEC,Jordan Rinaldi
Jordan Rinaldi,491.28,16-03-2019,L,U-DEC,Arnold Allen
Jack Marshman,496.35,16-03-2019,W,S-DEC,John Phillips
John Phillips,447.35,16-03-2019,L,S-DEC,Jack Marshman
Claudio Silva,575.19,16-03-2019,W,SUB,Danny Roberts
Danny Roberts,524.31,16-03-2019,L,SUB,Claudio Silva
Nathaniel Wood,560.23,16-03-2019,W,SUB,Jose Quinonez
Jose Quinonez,532.02,16-03-2019,L,SUB,Nathaniel Wood
Dominick Reyes,585.65,16-03-2019,W,S-DEC,Volkan Oezdemir
Volkan Oezdemir,504.96,16-03-2019,L,S-DEC,Dominick Reyes
Leon Edwards,631.15,16-03-2019,W,S-DEC,Gunnar Nelson
Gunnar Nelson,577.58,16-03-2019,L,S-DEC,Leon Edwards
Jorge Masvidal,574.19,16-03-2019,W,KO/TKO,Darren Till
Darren Till,555.78,16-03-2019,L,KO/TKO,Jorge Masvidal
Jordan Espinosa,515.23,23-03-2019,W,U-DEC,Eric Shelton
Eric Shelton,473.24,23-03-2019,L,U-DEC,Jordan Espinosa
Chris Gutierrez,497.51,23-03-2019,W,U-DEC,Ryan MacDonald
Ryan MacDonald,483.39,23-03-2019,L,U-DEC,Chris Gutierrez
Randa Markos,500.82,23-03-2019,W,SUB,Angela Hill
Angela Hill,448.73,23-03-2019,L,SUB,Randa Markos
Jennifer Maia,501.66,23-03-2019,W,U-DEC,Alexis Davis
Alexis Davis,517.32,23-03-2019,L,U-DEC,Jennifer Maia
Marlon Vera,558.42,23-03-2019,W,KO/TKO,Frankie Saenz
Frankie Saenz,513.46,23-03-2019,L,KO/TKO,Marlon Vera
Bryce Mitchell,532.33,23-03-2019,W,U-DEC,Bobby Moffett
Bobby Moffett,500.88,23-03-2019,L,U-DEC,Bryce Mitchell
Maycee Barber,533.18,23-03-2019,W,KO/TKO,JJ Aldrich
JJ Aldrich,517.85,23-03-2019,L,KO/TKO,Maycee Barber
Luis Pena,518.3,23-03-2019,W,U-DEC,Steven Peterson
Steven Peterson,483.7,23-03-2019,L,U-DEC,Luis Pena
Jussier Formiga,596.98,23-03-2019,W,U-DEC,Deiveson Figueiredo
Deiveson Figueiredo,550.75,23-03-2019,L,U-DEC,Jussier Formiga
John Makdessi,556.24,23-03-2019,W,U-DEC,Jesus Pinedo
Jesus Pinedo,499.05,23-03-2019,L,U-DEC,John Makdessi
Curtis Blaydes,586.96,23-03-2019,W,U-DEC,Justin Willis
Justin Willis,548.39,23-03-2019,L,U-DEC,Curtis Blaydes
Anthony Pettis,573.88,23-03-2019,W,KO/TKO,Stephen Thompson
Stephen Thompson,578.56,23-03-2019,L,KO/TKO,Anthony Pettis
Alex Perez,551.89,30-03-2019,W,U-DEC,Mark De La Rosa
Mark De La Rosa,499.17,30-03-2019,L,U-DEC,Alex Perez
Maryna Moroz,515.11,30-03-2019,W,U-DEC,Sabina Mazo
Sabina Mazo,484.22,30-03-2019,L,U-DEC,Maryna Moroz
Casey Kenney,517.61,30-03-2019,W,U-DEC,Ray Borg
Ray Borg,523.56,30-03-2019,L,U-DEC,Casey Kenney
Kevin Holland,523.2,30-03-2019,W,S-DEC,Gerald Meerschaert
Gerald Meerschaert,516.48,30-03-2019,L,S-DEC,Kevin Holland
Kevin Aguilar,535.34,30-03-2019,W,U-DEC,Enrique Barzola
Enrique Barzola,543.73,30-03-2019,L,U-DEC,Kevin Aguilar
Desmond Green,505.26,30-03-2019,W,KO/TKO,Ross Pearson
Ross Pearson,461.62,30-03-2019,L,KO/TKO,Desmond Green
Marina Rodriguez,513.48,30-03-2019,W,U-DEC,Jessica Aguilar
Jessica Aguilar,452.41,30-03-2019,L,U-DEC,Marina Rodriguez
Sodiq Yusuff,532.27,30-03-2019,W,U-DEC,Sheymon Moraes
Sheymon Moraes,499.69,30-03-2019,L,U-DEC,Sodiq Yusuff
Paul Craig,506.64,30-03-2019,W,SUB,Kennedy Nzechukwu
Kennedy Nzechukwu,480.57,30-03-2019,L,SUB,Paul Craig
Michelle Waterson-Gomez,554.57,30-03-2019,W,U-DEC,Karolina Kowalkiewicz
Karolina Kowalkiewicz,512.5,30-03-2019,L,U-DEC,Michelle Waterson-Gomez
Josh Emmett,549.43,30-03-2019,W,KO/TKO,Michael Johnson
Michael Johnson,521.11,30-03-2019,L,KO/TKO,Josh Emmett
Jack Hermansson,570.67,30-03-2019,W,SUB,David Branch
David Branch,490.89,30-03-2019,L,SUB,Jack Hermansson
Justin Gaethje,534.06,30-03-2019,W,KO/TKO,Edson Barboza
Edson Barboza,575.08,30-03-2019,L,KO/TKO,Justin Gaethje
Brandon Davis,487.81,13-04-2019,W,SUB,Randy Costa
Randy Costa,479.14,13-04-2019,L,SUB,Brandon Davis
Poliana Botelho,527.24,13-04-2019,W,U-DEC,Lauren Mueller
Lauren Mueller,480.27,13-04-2019,L,U-DEC,Poliana Botelho
Montel Jackson,521.54,13-04-2019,W,U-DEC,Andre Soukhamthath
Andre Soukhamthath,471.99,13-04-2019,L,U-DEC,Montel Jackson
Belal Muhammad,552.39,13-04-2019,W,U-DEC,Curtis Millender
Curtis Millender,514.74,13-04-2019,L,U-DEC,Belal Muhammad
Khalid Taha,500.71,13-04-2019,W,KO/TKO,Boston Salmon
Boston Salmon,483.54,13-04-2019,L,KO/TKO,Khalid Taha
Max Griffin,491.46,13-04-2019,W,M-DEC,Zelim Imadaev
Zelim Imadaev,483.1,13-04-2019,L,M-DEC,Max Griffin
Alexandre Pantoja,568.93,13-04-2019,W,KO/TKO,Wilson Reis
Wilson Reis,515.56,13-04-2019,L,KO/TKO,Alexandre Pantoja
Matt Frevola,501.72,13-04-2019,W,U-DEC,Jalin Turner
Jalin Turner,486.2,13-04-2019,L,U-DEC,Matt Frevola
Nikita Krylov,553.13,13-04-2019,W,SUB,Ovince Saint Preux
Ovince Saint Preux,539.83,13-04-2019,L,SUB,Nikita Krylov
Dwight Grant,519.21,13-04-2019,W,S-DEC,Alan Jouban
Alan Jouban,523.5,13-04-2019,L,S-DEC,Dwight Grant
Khalil Rountree Jr.,504.21,13-04-2019,W,U-DEC,Eryk Anders
Eryk Anders,487.59,13-04-2019,L,U-DEC,Khalil Rountree Jr.
Israel Adesanya,617.31,13-04-2019,W,U-DEC,Kelvin Gastelum
Kelvin Gastelum,612.54,13-04-2019,L,U-DEC,Israel Adesanya
Dustin Poirier,693.01,13-04-2019,W,U-DEC,Max Holloway
Max Holloway,706.9,13-04-2019,L,U-DEC,Dustin Poirier
Magomed Mustafaev,529.23,20-04-2019,W,KO/TKO,Rafael Fiziev
Rafael Fiziev,484.89,20-04-2019,L,KO/TKO,Magomed Mustafaev
Michal Oleksiejczuk,546.33,20-04-2019,W,KO/TKO,Gadzhimurad Antigulov
Gadzhimurad Antigulov,505.27,20-04-2019,L,KO/TKO,Michal Oleksiejczuk
Shamil Abdurakhimov,551.82,20-04-2019,W,KO/TKO,Marcin Tybura
Marcin Tybura,512.72,20-04-2019,L,KO/TKO,Shamil Abdurakhimov
Alexander Yakovlev,498.7,20-04-2019,W,SUB,Alex Da Silva
Alex Da Silva,479.76,20-04-2019,L,SUB,Alexander Yakovlev
Sultan Aliev,502.63,20-04-2019,W,U-DEC,Keita Nakamura
Keita Nakamura,473.04,20-04-2019,L,U-DEC,Sultan Aliev
Movsar Evloev,515.75,20-04-2019,W,U-DEC,SeungWoo Choi
SeungWoo Choi,484.25,20-04-2019,L,U-DEC,Movsar Evloev
Krzysztof Jotko,541.47,20-04-2019,W,U-DEC,Alen Amedovski
Alen Amedovski,485.47,20-04-2019,L,U-DEC,Krzysztof Jotko
Roxanne Modafferi,488.3,20-04-2019,W,S-DEC,Antonina Shevchenko
Antonina Shevchenko,498.7,20-04-2019,L,S-DEC,Roxanne Modafferi
Sergei Pavlovich,502.36,20-04-2019,W,KO/TKO,Marcelo Golm
Marcelo Golm,469.96,20-04-2019,L,KO/TKO,Sergei Pavlovich
Islam Makhachev,594.75,20-04-2019,W,U-DEC,Arman Tsarukyan
Arman Tsarukyan,485.51,20-04-2019,L,U-DEC,Islam Makhachev
Alistair Overeem,583.83,20-04-2019,W,KO/TKO,Aleksei Oleinik
Aleksei Oleinik,558.35,20-04-2019,L,KO/TKO,Alistair Overeem
Dhiego Lima,480.27,27-04-2019,W,S-DEC,Court McGee
Court McGee,505.38,27-04-2019,L,S-DEC,Dhiego Lima
Angela Hill,465.37,27-04-2019,W,U-DEC,Jodie Esquibel
Jodie Esquibel,451.64,27-04-2019,L,U-DEC,Angela Hill
Jim Miller,554.37,27-04-2019,W,SUB,Jason Gonzalez
Jason Gonzalez,467.39,27-04-2019,L,SUB,Jim Miller
Gilbert Burns,577.79,27-04-2019,W,SUB,Mike Davis
Mike Davis,483.52,27-04-2019,L,SUB,Gilbert Burns
Carla Esparza,519.53,27-04-2019,W,U-DEC,Virna Jandiroba
Virna Jandiroba,484.43,27-04-2019,L,U-DEC,Carla Esparza
Augusto Sakai,531.61,27-04-2019,W,S-DEC,Andrei Arlovski
Andrei Arlovski,512.54,27-04-2019,L,S-DEC,Augusto Sakai
Takashi Sato,516.28,27-04-2019,W,KO/TKO,Ben Saunders
Ben Saunders,495.36,27-04-2019,L,KO/TKO,Takashi Sato
Roosevelt Roberts,534.19,27-04-2019,W,U-DEC,Thomas Gifford
Thomas Gifford,484.38,27-04-2019,L,U-DEC,Roosevelt Roberts
Cory Sandhagen,574.53,27-04-2019,W,S-DEC,John Lineker
John Lineker,611.15,27-04-2019,L,S-DEC,Cory Sandhagen
Glover Teixeira,618.86,27-04-2019,W,SUB,Ion Cutelaba
Ion Cutelaba,501.61,27-04-2019,L,SUB,Glover Teixeira
Mike Perry,536.2,27-04-2019,W,U-DEC,Alex Oliveira
Alex Oliveira,554.28,27-04-2019,L,U-DEC,Mike Perry
Greg Hardy,498.43,27-04-2019,W,KO/TKO,Dmitrii Smoliakov
Dmitrii Smoliakov,449.6,27-04-2019,L,KO/TKO,Greg Hardy
Jack Hermansson,590.76,27-04-2019,W,U-DEC,Jacare Souza
Jacare Souza,591.08,27-04-2019,L,U-DEC,Jack Hermansson
Cole Smith,516.81,04-05-2019,W,U-DEC,Mitch Gagnon
Mitch Gagnon,506.57,04-05-2019,L,U-DEC,Cole Smith
Arjan Bhullar,528.57,04-05-2019,W,U-DEC,Juan Adams
Juan Adams,498.38,04-05-2019,L,U-DEC,Arjan Bhullar
Matt Sayles,502.22,04-05-2019,W,SUB,Kyle Nelson
Kyle Nelson,465.87,04-05-2019,L,SUB,Matt Sayles
Nordine Taleb,532.8,04-05-2019,W,U-DEC,Kyle Prepolec
Kyle Prepolec,485.06,04-05-2019,L,U-DEC,Nordine Taleb
Vince Morales,500.9,04-05-2019,W,U-DEC,Aiemann Zahabi
Aiemann Zahabi,482.67,04-05-2019,L,U-DEC,Vince Morales
Macy Chiasson,548.54,04-05-2019,W,KO/TKO,Sarah Moras
Sarah Moras,469.73,04-05-2019,L,KO/TKO,Macy Chiasson
Andrew Sanchez,529.0,04-05-2019,W,U-DEC,Marc-Andre Barriault
Marc-Andre Barriault,484.12,04-05-2019,L,U-DEC,Andrew Sanchez
Walt Harris,514.91,04-05-2019,W,KO/TKO,Serghei Spivac
Serghei Spivac,483.42,04-05-2019,L,KO/TKO,Walt Harris
Merab Dvalishvili,500.42,04-05-2019,W,U-DEC,Brad Katona
Brad Katona,512.17,04-05-2019,L,U-DEC,Merab Dvalishvili
Shane Burgos,564.01,04-05-2019,W,S-DEC,Cub Swanson
Cub Swanson,533.05,04-05-2019,L,S-DEC,Shane Burgos
Derek Brunson,579.99,04-05-2019,W,U-DEC,Elias Theodorou
Elias Theodorou,573.52,04-05-2019,L,U-DEC,Derek Brunson
Donald Cerrone,677.23,04-05-2019,W,U-DEC,Al Iaquinta
Al Iaquinta,582.74,04-05-2019,L,U-DEC,Donald Cerrone
Viviane Araujo,515.08,11-05-2019,W,KO/TKO,Talita Bernardo
Talita Bernardo,470.07,11-05-2019,L,KO/TKO,Viviane Araujo
Raoni Barcelos,549.77,11-05-2019,W,KO/TKO,Carlos Huachin
Carlos Huachin,484.44,11-05-2019,L,KO/TKO,Raoni Barcelos
Luana Carolina,514.23,11-05-2019,W,U-DEC,Priscila Cachoeira
Priscila Cachoeira,452.19,11-05-2019,L,U-DEC,Luana Carolina
Clay Guida,545.15,11-05-2019,W,U-DEC,BJ Penn
BJ Penn,484.98,11-05-2019,L,U-DEC,Clay Guida
Warlley Alves,566.64,11-05-2019,W,KO/TKO,Sergio Moraes
Sergio Moraes,564.09,11-05-2019,L,KO/TKO,Warlley Alves
Thiago Moises,501.65,11-05-2019,W,U-DEC,Kurt Holobaugh
Kurt Holobaugh,440.43,11-05-2019,L,U-DEC,Thiago Moises
Ryan Spann,532.64,11-05-2019,W,KO/TKO,Rogerio Nogueira
Rogerio Nogueira,515.81,11-05-2019,L,KO/TKO,Ryan Spann
Irene Aldana,523.82,11-05-2019,W,SUB,Bethe Correia
Bethe Correia,488.54,11-05-2019,L,SUB,Irene Aldana
Laureano Staropoli,533.62,11-05-2019,W,U-DEC,Thiago Alves
Thiago Alves,540.76,11-05-2019,L,U-DEC,Laureano Staropoli
Alexander Volkanovski,627.17,11-05-2019,W,U-DEC,Jose Aldo
Jose Aldo,599.49,11-05-2019,L,U-DEC,Alexander Volkanovski
Jared Cannonier,527.14,11-05-2019,W,KO/TKO,Anderson Silva
Anderson Silva,611.47,11-05-2019,L,KO/TKO,Jared Cannonier
Jessica Andrade,608.65,11-05-2019,W,KO/TKO,Rose Namajunas
Rose Namajunas,566.88,11-05-2019,L,KO/TKO,Jessica Andrade
Julio Arce,529.07,18-05-2019,W,KO/TKO,Julian Erosa
Julian Erosa,454.87,18-05-2019,L,KO/TKO,Julio Arce
Zak Cummings,576.67,18-05-2019,W,SUB,Trevin Giles
Trevin Giles,513.52,18-05-2019,L,SUB,Zak Cummings
Ed Herman,529.61,18-05-2019,W,KO/TKO,Patrick Cummins
Patrick Cummins,484.69,18-05-2019,L,KO/TKO,Ed Herman
Grant Dawson,535.97,18-05-2019,W,SUB,Michael Trizano
Michael Trizano,511.45,18-05-2019,L,SUB,Grant Dawson
Michel Pereira,516.85,18-05-2019,W,KO/TKO,Danny Roberts
Danny Roberts,507.46,18-05-2019,L,KO/TKO,Michel Pereira
Desmond Green,521.51,18-05-2019,W,U-DEC,Charles Jourdain
Charles Jourdain,483.75,18-05-2019,L,U-DEC,Desmond Green
Aspen Ladd,548.01,18-05-2019,W,U-DEC,Sijara Eubanks
Sijara Eubanks,513.04,18-05-2019,L,U-DEC,Aspen Ladd
Davi Ramos,562.85,18-05-2019,W,U-DEC,Austin Hubbard
Austin Hubbard,484.43,18-05-2019,L,U-DEC,Davi Ramos
Charles Oliveira,643.64,18-05-2019,W,KO/TKO,Nik Lentz
Nik Lentz,569.83,18-05-2019,L,KO/TKO,Charles Oliveira
Vicente Luque,616.6,18-05-2019,W,KO/TKO,Derrick Krantz
Derrick Krantz,486.66,18-05-2019,L,KO/TKO,Vicente Luque
Felicia Spencer,519.41,18-05-2019,W,SUB,Megan Anderson
Megan Anderson,481.25,18-05-2019,L,SUB,Felicia Spencer
Ian Heinisch,538.8,18-05-2019,W,U-DEC,Antonio Carlos Junior
Antonio Carlos Junior,564.32,18-05-2019,L,U-DEC,Ian Heinisch
Rafael Dos Anjos,641.48,18-05-2019,W,SUB,Kevin Lee
Kevin Lee,588.79,18-05-2019,L,SUB,Rafael Dos Anjos
Joel Alvarez,500.71,01-06-2019,W,KO/TKO,Danilo Belluardo
Danilo Belluardo,483.54,01-06-2019,L,KO/TKO,Joel Alvarez
Devin Clark,512.07,01-06-2019,W,U-DEC,Darko Stosic
Darko Stosic,498.28,01-06-2019,L,U-DEC,Devin Clark
Bea Malecki,519.06,01-06-2019,W,SUB,Duda Santana
Duda Santana,480.94,01-06-2019,L,SUB,Bea Malecki
Frank Camacho,486.84,01-06-2019,W,KO/TKO,Nick Hein
Nick Hein,488.38,01-06-2019,L,KO/TKO,Frank Camacho
Leonardo Santos,605.36,01-06-2019,W,KO/TKO,Stevie Ray
Stevie Ray,522.58,01-06-2019,L,KO/TKO,Leonardo Santos
Lina Lansberg,499.76,01-06-2019,W,U-DEC,Tonya Evinger
Tonya Evinger,454.25,01-06-2019,L,U-DEC,Lina Lansberg
Sergey Khandozhko,515.75,01-06-2019,W,U-DEC,Rostem Akman
Rostem Akman,484.25,01-06-2019,L,U-DEC,Sergey Khandozhko
Daniel Teymur,466.43,01-06-2019,W,U-DEC,Sung Bin Jo
Sung Bin Jo,481.93,01-06-2019,L,U-DEC,Daniel Teymur
Christos Giagos,503.06,01-06-2019,W,U-DEC,Damir Hadzovic
Damir Hadzovic,502.7,01-06-2019,L,U-DEC,Christos Giagos
Makwan Amirkhani,565.01,01-06-2019,W,SUB,Chris Fishgold
Chris Fishgold,485.69,01-06-2019,L,SUB,Makwan Amirkhani
Aleksandar Rakic,566.72,01-06-2019,W,KO/TKO,Jimi Manuwa
Jimi Manuwa,500.45,01-06-2019,L,KO/TKO,Aleksandar Rakic
Anthony Smith,580.16,01-06-2019,W,SUB,Alexander Gustafsson
Alexander Gustafsson,568.61,01-06-2019,L,SUB,Anthony Smith
Katlyn Cerminara,543.0,08-06-2019,W,U-DEC,Joanne Wood
Joanne Wood,510.6,08-06-2019,L,U-DEC,Katlyn Cerminara
Eddie Wineland,501.07,08-06-2019,W,KO/TKO,Grigory Popov
Grigory Popov,483.55,08-06-2019,L,KO/TKO,Eddie Wineland
Darren Stewart,497.06,08-06-2019,W,U-DEC,Bevon Lewis
Bevon Lewis,468.12,08-06-2019,L,U-DEC,Darren Stewart
Yan Xiaonan,559.29,08-06-2019,W,U-DEC,Angela Hill
Angela Hill,451.44,08-06-2019,L,U-DEC,Yan Xiaonan
Calvin Kattar,552.12,08-06-2019,W,KO/TKO,Ricardo Lamas
Ricardo Lamas,564.36,08-06-2019,L,KO/TKO,Calvin Kattar
Alexa Grasso,511.75,08-06-2019,W,U-DEC,Karolina Kowalkiewicz
Karolina Kowalkiewicz,495.97,08-06-2019,L,U-DEC,Alexa Grasso
Aljamain Sterling,623.56,08-06-2019,W,U-DEC,Pedro Munhoz
Pedro Munhoz,571.02,08-06-2019,L,U-DEC,Aljamain Sterling
Tatiana Suarez,589.51,08-06-2019,W,U-DEC,Nina Nunes
Nina Nunes,522.43,08-06-2019,L,U-DEC,Tatiana Suarez
Blagoy Ivanov,525.96,08-06-2019,W,U-DEC,Tai Tuivasa
Tai Tuivasa,520.04,08-06-2019,L,U-DEC,Blagoy Ivanov
Petr Yan,584.6,08-06-2019,W,U-DEC,Jimmie Rivera
Jimmie Rivera,546.62,08-06-2019,L,U-DEC,Petr Yan
Tony Ferguson,747.2,08-06-2019,W,KO/TKO,Donald Cerrone
Donald Cerrone,657.99,08-06-2019,L,KO/TKO,Tony Ferguson
Valentina Shevchenko,575.39,08-06-2019,W,KO/TKO,Jessica Eye
Jessica Eye,493.69,08-06-2019,L,KO/TKO,Valentina Shevchenko
Henry Cejudo,631.6,08-06-2019,W,KO/TKO,Marlon Moraes
Marlon Moraes,559.03,08-06-2019,L,KO/TKO,Henry Cejudo
Deron Winn,514.42,22-06-2019,W,U-DEC,Eric Spicely
Eric Spicely,456.13,22-06-2019,L,U-DEC,Deron Winn
Molly McCann,512.83,22-06-2019,W,U-DEC,Ariane da Silva
Ariane da Silva,468.11,22-06-2019,L,U-DEC,Molly McCann
Jairzinho Rozenstruik,530.9,22-06-2019,W,KO/TKO,Allen Crowder
Allen Crowder,484.89,22-06-2019,L,KO/TKO,Jairzinho Rozenstruik
Luis Pena,537.6,22-06-2019,W,KO/TKO,Matt Wiman
Matt Wiman,558.58,22-06-2019,L,KO/TKO,Luis Pena
Ashley Yoder,487.08,22-06-2019,W,U-DEC,Syuri Kondo
Syuri Kondo,465.68,22-06-2019,L,U-DEC,Ashley Yoder
Dan Ige,555.94,22-06-2019,W,U-DEC,Kevin Aguilar
Kevin Aguilar,517.48,22-06-2019,L,U-DEC,Dan Ige
Kevin Holland,539.93,22-06-2019,W,U-DEC,Alessio Di Chirico
Alessio Di Chirico,496.09,22-06-2019,L,U-DEC,Kevin Holland
Andrea Lee,549.15,22-06-2019,W,U-DEC,Montana De La Rosa
Montana De La Rosa,539.8,22-06-2019,L,U-DEC,Andrea Lee
Andre Ewell,513.67,22-06-2019,W,U-DEC,Anderson Dos Santos
Anderson Dos Santos,469.15,22-06-2019,L,U-DEC,Andre Ewell
Randy Brown,531.13,22-06-2019,W,KO/TKO,Bryan Barberena
Bryan Barberena,505.11,22-06-2019,L,KO/TKO,Randy Brown
Chan Sung Jung,560.74,22-06-2019,W,KO/TKO,Renato Moicano
Renato Moicano,538.36,22-06-2019,L,KO/TKO,Chan Sung Jung
Maurice Greene,549.01,29-06-2019,W,KO/TKO,Junior Albini
Junior Albini,455.97,29-06-2019,L,KO/TKO,Maurice Greene
Amanda Ribas,520.13,29-06-2019,W,SUB,Emily Whitmire
Emily Whitmire,499.38,29-06-2019,L,SUB,Amanda Ribas
Dalcha Lungiambula,515.75,29-06-2019,W,KO/TKO,Dequan Townsend
Dequan Townsend,484.25,29-06-2019,L,KO/TKO,Dalcha Lungiambula
Jared Gordon,513.59,29-06-2019,W,U-DEC,Dan Moret
Dan Moret,454.67,29-06-2019,L,U-DEC,Jared Gordon
Eryk Anders,503.19,29-06-2019,W,KO/TKO,Vinicius Moreira
Vinicius Moreira,468.65,29-06-2019,L,KO/TKO,Eryk Anders
Ricardo Ramos,546.58,29-06-2019,W,U-DEC,Journey Newson
Journey Newson,485.71,29-06-2019,L,U-DEC,Ricardo Ramos
Alonzo Menifield,531.82,29-06-2019,W,KO/TKO,Paul Craig
Paul Craig,490.57,29-06-2019,L,KO/TKO,Alonzo Menifield
Drew Dober,540.65,29-06-2019,W,KO/TKO,Marco Polo Reyes
Marco Polo Reyes,511.28,29-06-2019,L,KO/TKO,Drew Dober
Vinc Pichel,546.79,29-06-2019,W,U-DEC,Roosevelt Roberts
Roosevelt Roberts,518.29,29-06-2019,L,U-DEC,Vinc Pichel
Demian Maia,658.07,29-06-2019,W,M-DEC,Anthony Rocco Martin
Anthony Rocco Martin,571.08,29-06-2019,L,M-DEC,Demian Maia
Joseph Benavidez,664.84,29-06-2019,W,KO/TKO,Jussier Formiga
Jussier Formiga,582.35,29-06-2019,L,KO/TKO,Joseph Benavidez
Francis Ngannou,628.88,29-06-2019,W,KO/TKO,Junior Dos Santos
Junior Dos Santos,637.7,29-06-2019,L,KO/TKO,Francis Ngannou
Julia Avila,514.89,06-07-2019,W,U-DEC,Pannie Kianzad
Pannie Kianzad,466.05,06-07-2019,L,U-DEC,Julia Avila
Chance Rencountre,521.62,06-07-2019,W,U-DEC,Ismail Naurdiev
Ismail Naurdiev,504.4,06-07-2019,L,U-DEC,Chance Rencountre
Edmen Shahbazyan,550.48,06-07-2019,W,SUB,Jack Marshman
Jack Marshman,477.27,06-07-2019,L,SUB,Edmen Shahbazyan
Song Yadong,569.75,06-07-2019,W,KO/TKO,Alejandro Perez
Alejandro Perez,550.98,06-07-2019,L,KO/TKO,Song Yadong
Claudia Gadelha,533.67,06-07-2019,W,U-DEC,Randa Markos
Randa Markos,485.88,06-07-2019,L,U-DEC,Claudia Gadelha
Marlon Vera,576.57,06-07-2019,W,SUB,Nohelin Hernandez
Nohelin Hernandez,481.85,06-07-2019,L,SUB,Marlon Vera
Arnold Allen,597.25,06-07-2019,W,U-DEC,Gilbert Melendez
Gilbert Melendez,435.66,06-07-2019,L,U-DEC,Arnold Allen
Michael Chiesa,585.66,06-07-2019,W,U-DEC,Diego Sanchez
Diego Sanchez,550.62,06-07-2019,L,U-DEC,Michael Chiesa
Jan Blachowicz,556.78,06-07-2019,W,KO/TKO,Luke Rockhold
Luke Rockhold,568.27,06-07-2019,L,KO/TKO,Jan Blachowicz
Jorge Masvidal,588.4,06-07-2019,W,KO/TKO,Ben Askren
Ben Askren,511.55,06-07-2019,L,KO/TKO,Jorge Masvidal
Amanda Nunes,667.96,06-07-2019,W,KO/TKO,Holly Holm
Holly Holm,501.15,06-07-2019,L,KO/TKO,Amanda Nunes
Jon Jones,804.58,06-07-2019,W,S-DEC,Thiago Santos
Thiago Santos,605.16,06-07-2019,L,S-DEC,Jon Jones
Benito Lopez,511.23,13-07-2019,W,U-DEC,Vince Morales
Vince Morales,484.89,13-07-2019,L,U-DEC,Benito Lopez
Brianna Fortino,517.25,13-07-2019,W,U-DEC,Livinha Souza
Livinha Souza,515.91,13-07-2019,L,U-DEC,Brianna Fortino
Jonathan Martinez,516.07,13-07-2019,W,KO/TKO,Pingyuan Liu
Pingyuan Liu,513.0,13-07-2019,L,KO/TKO,Jonathan Martinez
Ryan Hall,575.22,13-07-2019,W,U-DEC,Darren Elkins
Darren Elkins,582.45,13-07-2019,L,U-DEC,Ryan Hall
Julianna Pena,555.79,13-07-2019,W,U-DEC,Nicco Montano
Nicco Montano,500.47,13-07-2019,L,U-DEC,Julianna Pena
Andre Fili,543.71,13-07-2019,W,KO/TKO,Sheymon Moraes
Sheymon Moraes,484.56,13-07-2019,L,KO/TKO,Andre Fili
Mike Rodriguez,484.8,13-07-2019,L,Overturned,John Allan
John Allan,514.99,13-07-2019,W,Overturned,Mike Rodriguez
Marvin Vettori,519.91,13-07-2019,W,U-DEC,Cezar Ferreira
Cezar Ferreira,541.42,13-07-2019,L,U-DEC,Marvin Vettori
Karl Roberson,517.22,13-07-2019,W,S-DEC,Wellington Turman
Wellington Turman,484.32,13-07-2019,L,S-DEC,Karl Roberson
Josh Emmett,567.43,13-07-2019,W,KO/TKO,Mirsad Bektic
Mirsad Bektic,563.2,13-07-2019,L,KO/TKO,Josh Emmett
Urijah Faber,582.98,13-07-2019,W,KO/TKO,Ricky Simon
Ricky Simon,538.4,13-07-2019,L,KO/TKO,Urijah Faber
Germaine de Randamie,582.62,13-07-2019,W,KO/TKO,Aspen Ladd
Aspen Ladd,530.16,13-07-2019,L,KO/TKO,Germaine de Randamie
Felipe Colares,500.71,20-07-2019,W,S-DEC,Domingo Pilarte
Domingo Pilarte,483.54,20-07-2019,L,S-DEC,Felipe Colares
Mario Bautista,496.72,20-07-2019,W,U-DEC,Jin Soo Son
Jin Soo Son,468.33,20-07-2019,L,U-DEC,Mario Bautista
Ray Borg,538.24,20-07-2019,W,U-DEC,Gabriel Silva
Gabriel Silva,485.32,20-07-2019,L,U-DEC,Ray Borg
Jennifer Maia,517.53,20-07-2019,W,U-DEC,Roxanne Modafferi
Roxanne Modafferi,472.43,20-07-2019,L,U-DEC,Jennifer Maia
Klidson Abreu,501.83,20-07-2019,W,U-DEC,Sam Alvey
Sam Alvey,525.86,20-07-2019,L,U-DEC,Klidson Abreu
Raquel Pennington,550.17,20-07-2019,W,S-DEC,Irene Aldana
Irene Aldana,508.57,20-07-2019,L,S-DEC,Raquel Pennington
Alex Caceres,492.2,20-07-2019,W,U-DEC,Steven Peterson
Steven Peterson,467.61,20-07-2019,L,U-DEC,Alex Caceres
Andrei Arlovski,529.31,20-07-2019,W,U-DEC,Ben Rothwell
Ben Rothwell,518.35,20-07-2019,L,U-DEC,Andrei Arlovski
Alexander Hernandez,547.84,20-07-2019,W,U-DEC,Francisco Trinaldo
Francisco Trinaldo,595.31,20-07-2019,L,U-DEC,Alexander Hernandez
Dan Hooker,573.45,20-07-2019,W,KO/TKO,James Vick
James Vick,580.27,20-07-2019,L,KO/TKO,Dan Hooker
Greg Hardy,514.93,20-07-2019,W,KO/TKO,Juan Adams
Juan Adams,481.88,20-07-2019,L,KO/TKO,Greg Hardy
Walt Harris,534.31,20-07-2019,W,KO/TKO,Aleksei Oleinik
Aleksei Oleinik,538.95,20-07-2019,L,KO/TKO,Walt Harris
Leon Edwards,652.77,20-07-2019,W,U-DEC,Rafael Dos Anjos
Rafael Dos Anjos,619.86,20-07-2019,L,U-DEC,Leon Edwards
Erik Koch,501.99,27-07-2019,W,U-DEC,Kyle Stewart
Kyle Stewart,464.3,27-07-2019,L,U-DEC,Erik Koch
Gillian Robertson,547.34,27-07-2019,W,KO/TKO,Sarah Frota
Sarah Frota,470.13,27-07-2019,L,KO/TKO,Gillian Robertson
Deiveson Figueiredo,567.32,27-07-2019,W,U-DEC,Alexandre Pantoja
Alexandre Pantoja,552.36,27-07-2019,L,U-DEC,Deiveson Figueiredo
Gavin Tucker,515.6,27-07-2019,W,SUB,SeungWoo Choi
SeungWoo Choi,466.23,27-07-2019,L,SUB,Gavin Tucker
Hakeem Dawodu,529.17,27-07-2019,W,KO/TKO,Yoshinori Horie
Yoshinori Horie,483.37,27-07-2019,L,KO/TKO,Hakeem Dawodu
Viviane Araujo,531.69,27-07-2019,W,U-DEC,Alexis Davis
Alexis Davis,500.71,27-07-2019,L,U-DEC,Viviane Araujo
Krzysztof Jotko,555.27,27-07-2019,W,S-DEC,Marc-Andre Barriault
Marc-Andre Barriault,470.32,27-07-2019,L,S-DEC,Krzysztof Jotko
Arman Tsarukyan,504.35,27-07-2019,W,U-DEC,Olivier Aubin-Mercier
Olivier Aubin-Mercier,535.73,27-07-2019,L,U-DEC,Arman Tsarukyan
Geoff Neal,569.53,27-07-2019,W,KO/TKO,Niko Price
Niko Price,542.84,27-07-2019,L,KO/TKO,Geoff Neal
Cristiane Justino,575.23,27-07-2019,W,U-DEC,Felicia Spencer
Felicia Spencer,505.55,27-07-2019,L,U-DEC,Cristiane Justino
Max Holloway,720.4,27-07-2019,W,U-DEC,Frankie Edgar
Frankie Edgar,643.36,27-07-2019,L,U-DEC,Max Holloway
Miranda Granger,515.75,03-08-2019,W,U-DEC,Hannah Goldy
Hannah Goldy,484.25,03-08-2019,L,U-DEC,Miranda Granger
Claudio Silva,593.34,03-08-2019,W,SUB,Cole Williams
Cole Williams,481.85,03-08-2019,L,SUB,Claudio Silva
Lauren Murphy,489.57,03-08-2019,W,KO/TKO,Mara Romero Borella
Mara Romero Borella,500.33,03-08-2019,L,KO/TKO,Lauren Murphy
Matt Schnell,547.88,03-08-2019,W,SUB,Jordan Espinosa
Jordan Espinosa,493.81,03-08-2019,L,SUB,Matt Schnell
Antonina Shevchenko,516.9,03-08-2019,W,SUB,Lucie Pudilova
Lucie Pudilova,464.82,03-08-2019,L,SUB,Antonina Shevchenko
Mickey Gall,553.28,03-08-2019,W,U-DEC,Salim Touahri
Salim Touahri,457.15,03-08-2019,L,U-DEC,Mickey Gall
Kennedy Nzechukwu,497.12,03-08-2019,W,U-DEC,Darko Stosic
Darko Stosic,481.73,03-08-2019,L,U-DEC,Kennedy Nzechukwu
Scott Holtzman,547.55,03-08-2019,W,KO/TKO,Dong Hyun Ma
Dong Hyun Ma,485.63,03-08-2019,L,KO/TKO,Scott Holtzman
Gerald Meerschaert,535.06,03-08-2019,W,SUB,Trevin Giles
Trevin Giles,494.94,03-08-2019,L,SUB,Gerald Meerschaert
Nasrat Haqparast,532.42,03-08-2019,W,KO/TKO,Joaquim Silva
Joaquim Silva,525.75,03-08-2019,L,KO/TKO,Nasrat Haqparast
Jim Miller,574.13,03-08-2019,W,SUB,Clay Guida
Clay Guida,525.39,03-08-2019,L,SUB,Jim Miller
Colby Covington,661.8,03-08-2019,W,U-DEC,Robbie Lawler
Robbie Lawler,575.95,03-08-2019,L,U-DEC,Colby Covington
Veronica Hardy,473.22,10-08-2019,W,SUB,Polyana Viana
Polyana Viana,464.26,10-08-2019,L,SUB,Veronica Hardy
Alex Da Silva,496.43,10-08-2019,W,U-DEC,Kazula Vargas
Kazula Vargas,483.33,10-08-2019,L,U-DEC,Alex Da Silva
Chris Gutierrez,514.88,10-08-2019,W,S-DEC,Geraldo de Freitas
Geraldo de Freitas,498.38,10-08-2019,L,S-DEC,Chris Gutierrez
Rogerio Bontorin,530.76,10-08-2019,W,KO/TKO,Raulian Paiva
Raulian Paiva,469.19,10-08-2019,L,KO/TKO,Rogerio Bontorin
Marina Rodriguez,530.67,10-08-2019,W,U-DEC,Tecia Pennington
Tecia Pennington,510.88,10-08-2019,L,U-DEC,Marina Rodriguez
Ciryl Gane,519.37,10-08-2019,W,SUB,Raphael Pessoa
Raphael Pessoa,480.63,10-08-2019,L,SUB,Ciryl Gane
Gilbert Burns,593.1,10-08-2019,W,U-DEC,Aleksei Kunchenko
Aleksei Kunchenko,523.27,10-08-2019,L,U-DEC,Gilbert Burns
Enrique Barzola,557.55,10-08-2019,W,S-DEC,Bobby Moffett
Bobby Moffett,487.06,10-08-2019,L,S-DEC,Enrique Barzola
Rodolfo Vieira,519.67,10-08-2019,W,SUB,Oskar Piechota
Oskar Piechota,491.46,10-08-2019,L,SUB,Rodolfo Vieira
Volkan Oezdemir,523.13,10-08-2019,W,KO/TKO,Ilir Latifi
Ilir Latifi,540.5,10-08-2019,L,KO/TKO,Volkan Oezdemir
Eduardo Garagorri,515.01,10-08-2019,W,U-DEC,Humberto Bandenay
Humberto Bandenay,468.56,10-08-2019,L,U-DEC,Eduardo Garagorri
Vicente Luque,631.67,10-08-2019,W,S-DEC,Mike Perry
Mike Perry,521.13,10-08-2019,L,S-DEC,Vicente Luque
Valentina Shevchenko,590.45,10-08-2019,W,U-DEC,Liz Carmouche
Liz Carmouche,503.0,10-08-2019,L,U-DEC,Valentina Shevchenko
Sabina Mazo,500.65,17-08-2019,W,U-DEC,Shana Dobson
Shana Dobson,482.86,17-08-2019,L,U-DEC,Sabina Mazo
Kyung Ho Kang,564.34,17-08-2019,W,S-DEC,Brandon Davis
Brandon Davis,474.27,17-08-2019,L,S-DEC,Kyung Ho Kang
Hannah Cifers,514.99,17-08-2019,W,U-DEC,Jodie Esquibel
Jodie Esquibel,437.46,17-08-2019,L,U-DEC,Hannah Cifers
Casey Kenney,535.9,17-08-2019,W,U-DEC,Manny Bermudez
Manny Bermudez,537.25,17-08-2019,L,U-DEC,Casey Kenney
Drakkar Klose,562.71,17-08-2019,W,U-DEC,Christos Giagos
Christos Giagos,488.01,17-08-2019,L,U-DEC,Drakkar Klose
Cory Sandhagen,595.48,17-08-2019,W,U-DEC,Raphael Assuncao
Raphael Assuncao,594.5,17-08-2019,L,U-DEC,Cory Sandhagen
Khama Worthy,517.21,17-08-2019,W,KO/TKO,Devonte Smith
Devonte Smith,515.04,17-08-2019,L,KO/TKO,Khama Worthy
Derek Brunson,594.54,17-08-2019,W,U-DEC,Ian Heinisch
Ian Heinisch,524.25,17-08-2019,L,U-DEC,Derek Brunson
Sodiq Yusuff,550.39,17-08-2019,W,KO/TKO,Gabriel Benitez
Gabriel Benitez,531.59,17-08-2019,L,KO/TKO,Sodiq Yusuff
Paulo Costa,586.97,17-08-2019,W,U-DEC,Yoel Romero
Yoel Romero,600.99,17-08-2019,L,U-DEC,Paulo Costa
Nate Diaz,605.19,17-08-2019,W,U-DEC,Anthony Pettis
Anthony Pettis,558.87,17-08-2019,L,U-DEC,Nate Diaz
Stipe Miocic,668.79,17-08-2019,W,KO/TKO,Daniel Cormier
Daniel Cormier,671.57,17-08-2019,L,KO/TKO,Stipe Miocic
Karol Rosa,515.75,31-08-2019,W,S-DEC,Lara Procopio
Lara Procopio,484.25,31-08-2019,L,S-DEC,Karol Rosa
Alatengheili,515.75,31-08-2019,W,U-DEC,Batgerel Danaa
Batgerel Danaa,484.25,31-08-2019,L,U-DEC,Alatengheili
Damir Ismagulov,547.27,31-08-2019,W,U-DEC,Thiago Moises
Thiago Moises,485.88,31-08-2019,L,U-DEC,Damir Ismagulov
Da Woon Jung,518.74,31-08-2019,W,SUB,Khadis Ibragimov
Khadis Ibragimov,481.26,31-08-2019,L,SUB,Da Woon Jung
Sumudaerji,496.05,31-08-2019,W,U-DEC,Andre Soukhamthath
Andre Soukhamthath,456.63,31-08-2019,L,U-DEC,Sumudaerji
Anthony Hernandez,500.41,31-08-2019,W,SUB,JunYong Park
JunYong Park,479.86,31-08-2019,L,SUB,Anthony Hernandez
Mizuki,515.96,31-08-2019,W,S-DEC,Wu Yanan
Wu Yanan,488.59,31-08-2019,L,S-DEC,Mizuki
Song Kenan,527.56,31-08-2019,W,U-DEC,Derrick Krantz
Derrick Krantz,472.1,31-08-2019,L,U-DEC,Song Kenan
Kai Kara-France,546.32,31-08-2019,W,U-DEC,Mark De La Rosa
Mark De La Rosa,483.48,31-08-2019,L,U-DEC,Kai Kara-France
Li Jingliang,585.64,31-08-2019,W,KO/TKO,Elizeu Zaleski dos Santos
Elizeu Zaleski dos Santos,588.87,31-08-2019,L,KO/TKO,Li Jingliang
Zhang Weili,572.95,31-08-2019,W,KO/TKO,Jessica Andrade
Jessica Andrade,587.74,31-08-2019,L,KO/TKO,Zhang Weili
Don Madge,531.5,07-09-2019,W,U-DEC,Fares Ziam
Fares Ziam,484.25,07-09-2019,L,U-DEC,Don Madge
Omari Akhmedov,563.81,07-09-2019,W,U-DEC,Zak Cummings
Zak Cummings,556.99,07-09-2019,L,U-DEC,Omari Akhmedov
Muslim Salikhov,516.61,07-09-2019,W,KO/TKO,Nordine Taleb
Nordine Taleb,514.68,07-09-2019,L,KO/TKO,Muslim Salikhov
Belal Muhammad,569.99,07-09-2019,W,SUB,Takashi Sato
Takashi Sato,498.68,07-09-2019,L,SUB,Belal Muhammad
Ottman Azaitar,515.2,07-09-2019,W,KO/TKO,Teemu Packalen
Teemu Packalen,472.66,07-09-2019,L,KO/TKO,Ottman Azaitar
Sarah Moras,486.85,07-09-2019,W,KO/TKO,Liana Jojua
Liana Jojua,482.88,07-09-2019,L,KO/TKO,Sarah Moras
Zubaira Tukhugov,526.65,07-09-2019,L,S-DEC,Lerone Murphy
Lerone Murphy,501.2,07-09-2019,W,S-DEC,Zubaira Tukhugov
Joanne Wood,528.09,07-09-2019,W,S-DEC,Andrea Lee
Andrea Lee,531.66,07-09-2019,L,S-DEC,Joanne Wood
Diego Ferreira,595.18,07-09-2019,W,U-DEC,Mairbek Taisumov
Mairbek Taisumov,574.91,07-09-2019,L,U-DEC,Diego Ferreira
Curtis Blaydes,601.8,07-09-2019,W,KO/TKO,Shamil Abdurakhimov
Shamil Abdurakhimov,536.98,07-09-2019,L,KO/TKO,Curtis Blaydes
Islam Makhachev,612.46,07-09-2019,W,U-DEC,Davi Ramos
Davi Ramos,545.14,07-09-2019,L,U-DEC,Islam Makhachev
Paul Felder,589.34,07-09-2019,W,S-DEC,Edson Barboza
Edson Barboza,558.47,07-09-2019,L,S-DEC,Paul Felder
Khabib Nurmagomedov,729.13,07-09-2019,W,SUB,Dustin Poirier
Dustin Poirier,667.01,07-09-2019,L,SUB,Khabib Nurmagomedov
Austin Hubbard,500.21,14-09-2019,W,U-DEC,Kyle Prepolec
Kyle Prepolec,469.28,14-09-2019,L,U-DEC,Austin Hubbard
Louis Smolka,508.17,14-09-2019,W,KO/TKO,Ryan MacDonald
Ryan MacDonald,468.07,14-09-2019,L,KO/TKO,Louis Smolka
Chas Skelly,553.18,14-09-2019,W,U-DEC,Jordan Griffin
Jordan Griffin,470.25,14-09-2019,L,U-DEC,Chas Skelly
Hunter Azure,516.3,14-09-2019,W,U-DEC,Brad Katona
Brad Katona,495.87,14-09-2019,L,U-DEC,Hunter Azure
Miles Johns,516.51,14-09-2019,W,S-DEC,Cole Smith
Cole Smith,500.3,14-09-2019,L,S-DEC,Miles Johns
Augusto Sakai,547.92,14-09-2019,W,KO/TKO,Marcin Tybura
Marcin Tybura,496.41,14-09-2019,L,KO/TKO,Augusto Sakai
Misha Cirkunov,562.05,14-09-2019,W,SUB,Jimmy Crute
Jimmy Crute,518.57,14-09-2019,L,SUB,Misha Cirkunov
Uriah Hall,529.51,14-09-2019,W,S-DEC,Antonio Carlos Junior
Antonio Carlos Junior,545.28,14-09-2019,L,S-DEC,Uriah Hall
Tristan Connelly,516.51,14-09-2019,W,U-DEC,Michel Pereira
Michel Pereira,500.34,14-09-2019,L,U-DEC,Tristan Connelly
Todd Duffee,500.67,14-09-2019,L,CNC,Jeff Hughes
Jeff Hughes,500.83,14-09-2019,W,CNC,Todd Duffee
Glover Teixeira,632.88,14-09-2019,W,S-DEC,Nikita Krylov
Nikita Krylov,539.11,14-09-2019,L,S-DEC,Glover Teixeira
Justin Gaethje,557.21,14-09-2019,W,KO/TKO,Donald Cerrone
Donald Cerrone,634.84,14-09-2019,L,KO/TKO,Justin Gaethje
Claudio Puelles,519.08,21-09-2019,W,U-DEC,Marcos Mariano
Marcos Mariano,463.88,21-09-2019,L,U-DEC,Claudio Puelles
Bethe Correia,505.4,21-09-2019,W,U-DEC,Sijara Eubanks
Sijara Eubanks,496.18,21-09-2019,L,U-DEC,Bethe Correia
Paul Craig,508.72,21-09-2019,W,SUB,Vinicius Moreira
Vinicius Moreira,450.5,21-09-2019,L,SUB,Paul Craig
Sergio Pettis,554.94,21-09-2019,W,U-DEC,Tyson Nam
Tyson Nam,486.1,21-09-2019,L,U-DEC,Sergio Pettis
Angela Hill,469.38,21-09-2019,W,KO/TKO,Ariane Carnelossi
Ariane Carnelossi,482.06,21-09-2019,L,KO/TKO,Angela Hill
Kyle Nelson,483.67,21-09-2019,W,KO/TKO,Marco Polo Reyes
Marco Polo Reyes,493.48,21-09-2019,L,KO/TKO,Kyle Nelson
Jose Quinonez,545.63,21-09-2019,W,U-DEC,Carlos Huachin
Carlos Huachin,470.83,21-09-2019,L,U-DEC,Jose Quinonez
Steven Peterson,484.04,21-09-2019,W,KO/TKO,Martin Bravo
Martin Bravo,466.17,21-09-2019,L,KO/TKO,Steven Peterson
Irene Aldana,523.93,21-09-2019,W,U-DEC,Vanessa Melo
Vanessa Melo,484.64,21-09-2019,L,U-DEC,Irene Aldana
Brandon Moreno,522.17,21-09-2019,L,S-DEC,Askar Askarov
Askar Askarov,501.0,21-09-2019,W,S-DEC,Brandon Moreno
Carla Esparza,535.66,21-09-2019,W,M-DEC,Alexa Grasso
Alexa Grasso,495.62,21-09-2019,L,M-DEC,Carla Esparza
Yair Rodriguez,580.41,21-09-2019,L,CNC,Jeremy Stephens
Jeremy Stephens,540.75,21-09-2019,W,CNC,Yair Rodriguez
Jack Shore,517.76,28-09-2019,W,SUB,Nohelin Hernandez
Nohelin Hernandez,464.09,28-09-2019,L,SUB,Jack Shore
Marc Diakiese,524.59,28-09-2019,W,U-DEC,Lando Vannata
Lando Vannata,479.57,28-09-2019,L,U-DEC,Marc Diakiese
Lina Lansberg,518.56,28-09-2019,W,U-DEC,Macy Chiasson
Macy Chiasson,529.74,28-09-2019,L,U-DEC,Lina Lansberg
Giga Chikadze,514.59,28-09-2019,W,S-DEC,Brandon Davis
Brandon Davis,459.68,28-09-2019,L,S-DEC,Giga Chikadze
Ismail Naurdiev,520.99,28-09-2019,W,U-DEC,Siyar Bahadurzada
Siyar Bahadurzada,506.26,28-09-2019,L,U-DEC,Ismail Naurdiev
Makhmud Muradov,515.57,28-09-2019,W,U-DEC,Alessio Di Chirico
Alessio Di Chirico,480.52,28-09-2019,L,U-DEC,Makhmud Muradov
John Phillips,464.82,28-09-2019,W,KO/TKO,Alen Amedovski
Alen Amedovski,468.0,28-09-2019,L,KO/TKO,John Phillips
Nicolas Dalby,502.17,28-09-2019,W,U-DEC,Alex Oliveira
Alex Oliveira,535.35,28-09-2019,L,U-DEC,Nicolas Dalby
Ovince Saint Preux,559.24,28-09-2019,W,SUB,Michal Oleksiejczuk
Michal Oleksiejczuk,526.92,28-09-2019,L,SUB,Ovince Saint Preux
Ion Cutelaba,517.48,28-09-2019,W,KO/TKO,Khalil Rountree Jr.
Khalil Rountree Jr.,488.34,28-09-2019,L,KO/TKO,Ion Cutelaba
Gilbert Burns,610.3,28-09-2019,W,U-DEC,Gunnar Nelson
Gunnar Nelson,560.38,28-09-2019,L,U-DEC,Gilbert Burns
Mark Madsen,515.0,28-09-2019,W,KO/TKO,Danilo Belluardo
Danilo Belluardo,468.54,28-09-2019,L,KO/TKO,Mark Madsen
Jared Cannonier,547.51,28-09-2019,W,KO/TKO,Jack Hermansson
Jack Hermansson,570.39,28-09-2019,L,KO/TKO,Jared Cannonier
Khalid Taha,485.68,05-10-2019,L,Overturned,Bruno Silva
Bruno Silva,515.03,05-10-2019,W,Overturned,Khalid Taha
Ji Yeon Kim,516.09,05-10-2019,W,KO/TKO,Nadia Kassem
Nadia Kassem,479.94,05-10-2019,L,KO/TKO,Ji Yeon Kim
Megan Anderson,501.67,05-10-2019,W,SUB,Zarah Fairn
Zarah Fairn,479.58,05-10-2019,L,SUB,Megan Anderson
Brad Riddell,515.75,05-10-2019,W,U-DEC,Jamie Mullarkey
Jamie Mullarkey,484.25,05-10-2019,L,U-DEC,Brad Riddell
Callan Potter,500.12,05-10-2019,W,U-DEC,Maki Pitolo
Maki Pitolo,483.51,05-10-2019,L,U-DEC,Callan Potter
Jake Matthews,560.51,05-10-2019,W,U-DEC,Rostem Akman
Rostem Akman,471.34,05-10-2019,L,U-DEC,Jake Matthews
Yorgan De Castro,515.75,05-10-2019,W,KO/TKO,Justin Tafa
Justin Tafa,484.25,05-10-2019,L,KO/TKO,Yorgan De Castro
Dhiego Lima,499.18,05-10-2019,W,S-DEC,Luke Jumeau
Luke Jumeau,494.99,05-10-2019,L,S-DEC,Dhiego Lima
Serghei Spivac,504.48,05-10-2019,W,SUB,Tai Tuivasa
Tai Tuivasa,498.98,05-10-2019,L,SUB,Serghei Spivac
Dan Hooker,590.39,05-10-2019,W,U-DEC,Al Iaquinta
Al Iaquinta,565.8,05-10-2019,L,U-DEC,Dan Hooker
Israel Adesanya,640.77,05-10-2019,W,KO/TKO,Robert Whittaker
Robert Whittaker,649.48,05-10-2019,L,KO/TKO,Israel Adesanya
JJ Aldrich,531.9,12-10-2019,W,U-DEC,Lauren Mueller
Lauren Mueller,466.22,12-10-2019,L,U-DEC,JJ Aldrich
Marvin Vettori,536.84,12-10-2019,W,U-DEC,Andrew Sanchez
Andrew Sanchez,512.07,12-10-2019,L,U-DEC,Marvin Vettori
Miguel Baeza,514.36,12-10-2019,W,KO/TKO,Hector Aldana
Hector Aldana,454.79,12-10-2019,L,KO/TKO,Miguel Baeza
Marlon Vera,591.96,12-10-2019,W,KO/TKO,Andre Ewell
Andre Ewell,498.28,12-10-2019,L,KO/TKO,Marlon Vera
Deiveson Figueiredo,582.72,12-10-2019,W,SUB,Tim Elliott
Tim Elliott,466.49,12-10-2019,L,SUB,Deiveson Figueiredo
Alex Morono,546.98,12-10-2019,W,U-DEC,Max Griffin
Max Griffin,476.2,12-10-2019,L,U-DEC,Alex Morono
Mike Davis,499.31,12-10-2019,W,KO/TKO,Thomas Gifford
Thomas Gifford,468.59,12-10-2019,L,KO/TKO,Mike Davis
Ryan Spann,552.28,12-10-2019,W,SUB,Devin Clark
Devin Clark,492.43,12-10-2019,L,SUB,Ryan Spann
Eryk Anders,521.2,12-10-2019,W,S-DEC,Gerald Meerschaert
Gerald Meerschaert,517.05,12-10-2019,L,S-DEC,Eryk Anders
Matt Frevola,519.92,12-10-2019,W,S-DEC,Luis Pena
Luis Pena,519.4,12-10-2019,L,S-DEC,Matt Frevola
Amanda Ribas,537.26,12-10-2019,W,U-DEC,Mackenzie Dern
Mackenzie Dern,516.19,12-10-2019,L,U-DEC,Amanda Ribas
Niko Price,560.28,12-10-2019,W,KO/TKO,James Vick
James Vick,562.83,12-10-2019,L,KO/TKO,Niko Price
Cub Swanson,548.17,12-10-2019,W,U-DEC,Kron Gracie
Kron Gracie,503.99,12-10-2019,L,U-DEC,Cub Swanson
Joanna Jedrzejczyk,602.32,12-10-2019,W,U-DEC,Michelle Waterson-Gomez
Michelle Waterson-Gomez,540.33,12-10-2019,L,U-DEC,Joanna Jedrzejczyk
Tanner Boser,514.88,18-10-2019,W,U-DEC,Daniel Spitz
Daniel Spitz,466.0,18-10-2019,L,U-DEC,Tanner Boser
Brendan Allen,521.24,18-10-2019,W,SUB,Kevin Holland
Kevin Holland,518.69,18-10-2019,L,SUB,Brendan Allen
Sean Brady,515.99,18-10-2019,W,U-DEC,Court McGee
Court McGee,489.39,18-10-2019,L,U-DEC,Sean Brady
Randy Costa,495.09,18-10-2019,W,KO/TKO,Boston Salmon
Boston Salmon,467.59,18-10-2019,L,KO/TKO,Randy Costa
Sean Woodson,514.4,18-10-2019,W,U-DEC,Kyle Bochniak
Kyle Bochniak,455.72,18-10-2019,L,U-DEC,Sean Woodson
Molly McCann,529.44,18-10-2019,W,U-DEC,Diana Belbita
Diana Belbita,483.39,18-10-2019,L,U-DEC,Molly McCann
Charles Rosa,510.43,18-10-2019,W,SUB,Manny Bermudez
Manny Bermudez,515.17,18-10-2019,L,SUB,Charles Rosa
Darren Stewart,514.38,18-10-2019,W,S-DEC,Deron Winn
Deron Winn,497.1,18-10-2019,L,S-DEC,Darren Stewart
Maycee Barber,551.13,18-10-2019,W,KO/TKO,Gillian Robertson
Gillian Robertson,529.39,18-10-2019,L,KO/TKO,Maycee Barber
Joe Lauzon,526.94,18-10-2019,W,KO/TKO,Jonathan Pearce
Jonathan Pearce,484.78,18-10-2019,L,KO/TKO,Joe Lauzon
Greg Hardy,499.29,18-10-2019,L,Overturned,Ben Sosoli
Ben Sosoli,515.64,18-10-2019,W,Overturned,Greg Hardy
Yair Rodriguez,595.03,18-10-2019,W,U-DEC,Jeremy Stephens
Jeremy Stephens,526.13,18-10-2019,L,U-DEC,Yair Rodriguez
Dominick Reyes,607.1,18-10-2019,W,KO/TKO,Chris Weidman
Chris Weidman,599.15,18-10-2019,L,KO/TKO,Dominick Reyes
Raphael Pessoa,497.29,26-10-2019,W,U-DEC,Jeff Hughes
Jeff Hughes,484.17,26-10-2019,L,U-DEC,Raphael Pessoa
Loma Lookboonmee,516.21,26-10-2019,W,S-DEC,Aleksandra Albu
Aleksandra Albu,493.89,26-10-2019,L,S-DEC,Loma Lookboonmee
Sergei Pavlovich,521.06,26-10-2019,W,KO/TKO,Maurice Greene
Maurice Greene,530.31,26-10-2019,L,KO/TKO,Sergei Pavlovich
Movsar Evloev,534.23,26-10-2019,W,U-DEC,Enrique Barzola
Enrique Barzola,539.07,26-10-2019,L,U-DEC,Movsar Evloev
Rafael Fiziev,500.45,26-10-2019,W,U-DEC,Alex White
Alex White,465.22,26-10-2019,L,U-DEC,Rafael Fiziev
Randa Markos,501.68,26-10-2019,W,S-DEC,Ashley Yoder
Ashley Yoder,471.28,26-10-2019,L,S-DEC,Randa Markos
Muslim Salikhov,534.7,26-10-2019,W,U-DEC,Laureano Staropoli
Laureano Staropoli,515.53,26-10-2019,L,U-DEC,Muslim Salikhov
Ciryl Gane,537.91,26-10-2019,W,SUB,Don'Tale Mayes
Don'Tale Mayes,481.46,26-10-2019,L,SUB,Ciryl Gane
Beneil Dariush,614.72,26-10-2019,W,SUB,Frank Camacho
Frank Camacho,472.31,26-10-2019,L,SUB,Beneil Dariush
Stevie Ray,538.26,26-10-2019,W,M-DEC,Michael Johnson
Michael Johnson,505.43,26-10-2019,L,M-DEC,Stevie Ray
Demian Maia,670.42,26-10-2019,W,SUB,Ben Askren
Ben Askren,499.2,26-10-2019,L,SUB,Demian Maia
Hakeem Dawodu,547.16,02-11-2019,W,S-DEC,Julio Arce
Julio Arce,511.08,02-11-2019,L,S-DEC,Hakeem Dawodu
Lyman Good,519.03,02-11-2019,W,KO/TKO,Chance Rencountre
Chance Rencountre,505.0,02-11-2019,L,KO/TKO,Lyman Good
Katlyn Cerminara,558.29,02-11-2019,W,U-DEC,Jennifer Maia
Jennifer Maia,502.24,02-11-2019,L,U-DEC,Katlyn Cerminara
Jairzinho Rozenstruik,548.07,02-11-2019,W,KO/TKO,Andrei Arlovski
Andrei Arlovski,512.14,02-11-2019,L,KO/TKO,Jairzinho Rozenstruik
Edmen Shahbazyan,570.62,02-11-2019,W,KO/TKO,Brad Tavares
Brad Tavares,571.84,02-11-2019,L,KO/TKO,Edmen Shahbazyan
Shane Burgos,581.31,02-11-2019,W,KO/TKO,Makwan Amirkhani
Makwan Amirkhani,547.71,02-11-2019,L,KO/TKO,Shane Burgos
Corey Anderson,592.76,02-11-2019,W,KO/TKO,Johnny Walker
Johnny Walker,535.11,02-11-2019,L,KO/TKO,Corey Anderson
Kevin Lee,605.34,02-11-2019,W,KO/TKO,Gregor Gillespie
Gregor Gillespie,589.99,02-11-2019,L,KO/TKO,Kevin Lee
Derrick Lewis,608.78,02-11-2019,W,S-DEC,Blagoy Ivanov
Blagoy Ivanov,513.35,02-11-2019,L,S-DEC,Derrick Lewis
Stephen Thompson,596.7,02-11-2019,W,U-DEC,Vicente Luque
Vicente Luque,613.53,02-11-2019,L,U-DEC,Stephen Thompson
Darren Till,574.08,02-11-2019,W,S-DEC,Kelvin Gastelum
Kelvin Gastelum,594.24,02-11-2019,L,S-DEC,Darren Till
Jorge Masvidal,606.48,02-11-2019,W,KO/TKO,Nate Diaz
Nate Diaz,587.11,02-11-2019,L,KO/TKO,Jorge Masvidal
Davey Grant,477.18,09-11-2019,W,S-DEC,Grigory Popov
Grigory Popov,466.75,09-11-2019,L,S-DEC,Davey Grant
Pannie Kianzad,483.9,09-11-2019,W,U-DEC,Jessica-Rose Clark
Jessica-Rose Clark,494.8,09-11-2019,L,U-DEC,Pannie Kianzad
Roosevelt Roberts,533.15,09-11-2019,W,U-DEC,Alexander Yakovlev
Alexander Yakovlev,483.84,09-11-2019,L,U-DEC,Roosevelt Roberts
David Zawada,492.57,09-11-2019,W,SUB,Abubakar Nurmagomedov
Abubakar Nurmagomedov,479.05,09-11-2019,L,SUB,David Zawada
Karl Roberson,535.88,09-11-2019,W,SUB,Roman Kopylov
Roman Kopylov,481.34,09-11-2019,L,SUB,Karl Roberson
Rustam Khabilov,604.7,09-11-2019,W,U-DEC,Sergey Khandozhko
Sergey Khandozhko,503.42,09-11-2019,L,U-DEC,Rustam Khabilov
Magomed Ankalaev,530.61,09-11-2019,W,KO/TKO,Dalcha Lungiambula
Dalcha Lungiambula,498.38,09-11-2019,L,KO/TKO,Magomed Ankalaev
Shamil Gamzatov,515.83,09-11-2019,W,S-DEC,Klidson Abreu
Klidson Abreu,486.0,09-11-2019,L,S-DEC,Shamil Gamzatov
Anthony Rocco Martin,585.98,09-11-2019,W,U-DEC,Ramazan Emeev
Ramazan Emeev,537.49,09-11-2019,L,U-DEC,Anthony Rocco Martin
Ed Herman,543.83,09-11-2019,W,U-DEC,Khadis Ibragimov
Khadis Ibragimov,467.04,09-11-2019,L,U-DEC,Ed Herman
Danny Roberts,522.11,09-11-2019,W,KO/TKO,Zelim Imadaev
Zelim Imadaev,468.45,09-11-2019,L,KO/TKO,Danny Roberts
Alexander Volkov,572.6,09-11-2019,W,U-DEC,Greg Hardy
Greg Hardy,486.24,09-11-2019,L,U-DEC,Alexander Volkov
Zabit Magomedsharipov,605.21,09-11-2019,W,U-DEC,Calvin Kattar
Calvin Kattar,534.61,09-11-2019,L,U-DEC,Zabit Magomedsharipov
Tracy Cortez,515.05,16-11-2019,W,U-DEC,Vanessa Melo
Vanessa Melo,469.59,16-11-2019,L,U-DEC,Tracy Cortez
Ariane da Silva,485.3,16-11-2019,W,U-DEC,Isabela de Padua
Isabela de Padua,482.81,16-11-2019,L,U-DEC,Ariane da Silva
Douglas Silva de Andrade,514.65,16-11-2019,W,U-DEC,Renan Barao
Renan Barao,501.02,16-11-2019,L,U-DEC,Douglas Silva de Andrade
Randy Brown,553.13,16-11-2019,W,SUB,Warlley Alves
Warlley Alves,544.64,16-11-2019,L,SUB,Randy Brown
Francisco Trinaldo,607.69,16-11-2019,W,U-DEC,King Green
King Green,507.34,16-11-2019,L,U-DEC,Francisco Trinaldo
Ricardo Ramos,565.04,16-11-2019,W,SUB,Eduardo Garagorri
Eduardo Garagorri,496.55,16-11-2019,L,SUB,Ricardo Ramos
James Krause,594.59,16-11-2019,W,KO/TKO,Sergio Moraes
Sergio Moraes,545.24,16-11-2019,L,KO/TKO,James Krause
Wellington Turman,501.11,16-11-2019,W,U-DEC,Markus Perez
Markus Perez,490.6,16-11-2019,L,U-DEC,Wellington Turman
Andre Muniz,515.75,16-11-2019,W,U-DEC,Antonio Arroyo
Antonio Arroyo,484.25,16-11-2019,L,U-DEC,Andre Muniz
Charles Oliveira,656.16,16-11-2019,W,KO/TKO,Jared Gordon
Jared Gordon,501.07,16-11-2019,L,KO/TKO,Charles Oliveira
Mauricio Rua,539.05,16-11-2019,L,S-DEC,Paul Craig
Paul Craig,510.08,16-11-2019,W,S-DEC,Mauricio Rua
Jan Blachowicz,574.9,16-11-2019,W,S-DEC,Jacare Souza
Jacare Souza,572.96,16-11-2019,L,S-DEC,Jan Blachowicz
Makhmud Muradov,530.87,07-12-2019,W,KO/TKO,Trevor Smith
Trevor Smith,475.03,07-12-2019,L,KO/TKO,Makhmud Muradov
Virna Jandiroba,504.34,07-12-2019,W,SUB,Mallory Martin
Mallory Martin,480.09,07-12-2019,L,SUB,Virna Jandiroba
Joe Solecki,518.38,07-12-2019,W,U-DEC,Matt Wiman
Matt Wiman,540.2,07-12-2019,L,U-DEC,Joe Solecki
Bryce Mitchell,551.71,07-12-2019,W,SUB,Matt Sayles
Matt Sayles,482.84,07-12-2019,L,SUB,Bryce Mitchell
Billy Quarantillo,519.06,07-12-2019,W,SUB,Jacob Kilburn
Jacob Kilburn,480.94,07-12-2019,L,SUB,Billy Quarantillo
Tim Means,552.29,07-12-2019,W,SUB,Thiago Alves
Thiago Alves,520.92,07-12-2019,L,SUB,Tim Means
Rob Font,562.27,07-12-2019,W,U-DEC,Ricky Simon
Ricky Simon,522.27,07-12-2019,L,U-DEC,Rob Font
Cody Stamann,551.68,07-12-2019,L,M-DEC,Song Yadong
Song Yadong,568.94,07-12-2019,W,M-DEC,Cody Stamann
Aspen Ladd,545.41,07-12-2019,W,KO/TKO,Yana Santos
Yana Santos,503.96,07-12-2019,L,KO/TKO,Aspen Ladd
Ben Rothwell,535.6,07-12-2019,W,KO/TKO,Stefan Struve
Stefan Struve,534.38,07-12-2019,L,KO/TKO,Ben Rothwell
Marina Rodriguez,532.28,07-12-2019,L,M-DEC,Cynthia Calvillo
Cynthia Calvillo,566.42,07-12-2019,W,M-DEC,Marina Rodriguez
Jairzinho Rozenstruik,567.92,07-12-2019,W,KO/TKO,Alistair Overeem
Alistair Overeem,563.98,07-12-2019,L,KO/TKO,Jairzinho Rozenstruik
Punahele Soriano,515.36,14-12-2019,W,KO/TKO,Oskar Piechota
Oskar Piechota,476.1,14-12-2019,L,KO/TKO,Punahele Soriano
Jessica Eye,511.16,14-12-2019,W,U-DEC,Viviane Araujo
Viviane Araujo,514.22,14-12-2019,L,U-DEC,Jessica Eye
Brandon Moreno,539.01,14-12-2019,W,U-DEC,Kai Kara-France
Kai Kara-France,529.48,14-12-2019,L,U-DEC,Brandon Moreno
Chase Hooper,514.23,14-12-2019,W,KO/TKO,Daniel Teymur
Daniel Teymur,452.2,14-12-2019,L,KO/TKO,Chase Hooper
Matt Brown,574.92,14-12-2019,W,KO/TKO,Ben Saunders
Ben Saunders,481.96,14-12-2019,L,KO/TKO,Matt Brown
Omari Akhmedov,580.43,14-12-2019,W,U-DEC,Ian Heinisch
Ian Heinisch,507.63,14-12-2019,L,U-DEC,Omari Akhmedov
Irene Aldana,542.5,14-12-2019,W,KO/TKO,Ketlen Vieira
Ketlen Vieira,549.24,14-12-2019,L,KO/TKO,Irene Aldana
Geoff Neal,585.68,14-12-2019,W,KO/TKO,Mike Perry
Mike Perry,504.98,14-12-2019,L,KO/TKO,Geoff Neal
Petr Yan,604.01,14-12-2019,W,KO/TKO,Urijah Faber
Urijah Faber,563.57,14-12-2019,L,KO/TKO,Petr Yan
Marlon Moraes,576.61,14-12-2019,W,S-DEC,Jose Aldo
Jose Aldo,581.91,14-12-2019,L,S-DEC,Marlon Moraes
Amanda Nunes,685.04,14-12-2019,W,U-DEC,Germaine de Randamie
Germaine de Randamie,565.54,14-12-2019,L,U-DEC,Amanda Nunes
Alexander Volkanovski,653.67,14-12-2019,W,U-DEC,Max Holloway
Max Holloway,693.9,14-12-2019,L,U-DEC,Alexander Volkanovski
Kamaru Usman,709.76,14-12-2019,W,KO/TKO,Colby Covington
Colby Covington,641.06,14-12-2019,L,KO/TKO,Kamaru Usman
Alatengheili,531.41,21-12-2019,W,S-DEC,Ryan Benoit
Ryan Benoit,482.35,21-12-2019,L,S-DEC,Alatengheili
Amanda Lemos,504.69,21-12-2019,W,SUB,Miranda Granger
Miranda Granger,494.59,21-12-2019,L,SUB,Amanda Lemos
Raoni Barcelos,566.91,21-12-2019,W,U-DEC,Said Nurmagomedov
Said Nurmagomedov,516.09,21-12-2019,L,U-DEC,Raoni Barcelos
Alexandre Pantoja,567.91,21-12-2019,W,KO/TKO,Matt Schnell
Matt Schnell,532.33,21-12-2019,L,KO/TKO,Alexandre Pantoja
Omar Morales,515.1,21-12-2019,W,U-DEC,Dong Hyun Ma
Dong Hyun Ma,470.53,21-12-2019,L,U-DEC,Omar Morales
SeungWoo Choi,482.8,21-12-2019,W,U-DEC,Suman Mokhtarian
Suman Mokhtarian,467.68,21-12-2019,L,U-DEC,SeungWoo Choi
Ciryl Gane,554.02,21-12-2019,W,U-DEC,Tanner Boser
Tanner Boser,498.77,21-12-2019,L,U-DEC,Ciryl Gane
Kyung Ho Kang,579.06,21-12-2019,W,S-DEC,Pingyuan Liu
Pingyuan Liu,498.28,21-12-2019,L,S-DEC,Kyung Ho Kang
JunYong Park,495.18,21-12-2019,W,U-DEC,Marc-Andre Barriault
Marc-Andre Barriault,455.0,21-12-2019,L,U-DEC,JunYong Park
Da Woon Jung,533.63,21-12-2019,W,KO/TKO,Mike Rodriguez
Mike Rodriguez,469.91,21-12-2019,L,KO/TKO,Da Woon Jung
Charles Jourdain,501.03,21-12-2019,W,KO/TKO,Dooho Choi
Dooho Choi,500.29,21-12-2019,L,KO/TKO,Charles Jourdain
Volkan Oezdemir,541.69,21-12-2019,W,S-DEC,Aleksandar Rakic
Aleksandar Rakic,548.16,21-12-2019,L,S-DEC,Volkan Oezdemir
Chan Sung Jung,581.09,21-12-2019,W,KO/TKO,Frankie Edgar
Frankie Edgar,623.01,21-12-2019,L,KO/TKO,Chan Sung Jung
Sabina Mazo,518.63,18-01-2020,W,S-DEC,JJ Aldrich
JJ Aldrich,513.92,18-01-2020,L,S-DEC,Sabina Mazo
Aleksa Camur,516.44,18-01-2020,W,U-DEC,Justin Ledet
Justin Ledet,498.78,18-01-2020,L,U-DEC,Aleksa Camur
Drew Dober,556.76,18-01-2020,W,KO/TKO,Nasrat Haqparast
Nasrat Haqparast,516.31,18-01-2020,L,KO/TKO,Drew Dober
Askar Askarov,515.19,18-01-2020,W,U-DEC,Tim Elliott
Tim Elliott,452.3,18-01-2020,L,U-DEC,Askar Askarov
Sodiq Yusuff,568.04,18-01-2020,W,U-DEC,Andre Fili
Andre Fili,526.06,18-01-2020,L,U-DEC,Sodiq Yusuff
Roxanne Modafferi,491.69,18-01-2020,W,U-DEC,Maycee Barber
Maycee Barber,531.87,18-01-2020,L,U-DEC,Roxanne Modafferi
Diego Ferreira,616.32,18-01-2020,W,SUB,Anthony Pettis
Anthony Pettis,537.73,18-01-2020,L,SUB,Diego Ferreira
Brian Kelleher,521.44,18-01-2020,W,SUB,Ode Osbourne
Ode Osbourne,480.75,18-01-2020,L,SUB,Brian Kelleher
Aleksei Oleinik,557.53,18-01-2020,W,SUB,Maurice Greene
Maurice Greene,511.73,18-01-2020,L,SUB,Aleksei Oleinik
Holly Holm,519.11,18-01-2020,W,U-DEC,Raquel Pennington
Raquel Pennington,532.21,18-01-2020,L,U-DEC,Holly Holm
Conor McGregor,630.61,18-01-2020,W,KO/TKO,Donald Cerrone
Donald Cerrone,618.14,18-01-2020,L,KO/TKO,Conor McGregor
Herbert Burns,515.75,25-01-2020,W,KO/TKO,Nate Landwehr
Nate Landwehr,484.25,25-01-2020,L,KO/TKO,Herbert Burns
Brett Johns,538.65,25-01-2020,W,SUB,Tony Gravely
Tony Gravely,482.39,25-01-2020,L,SUB,Brett Johns
Sara McMann,513.45,25-01-2020,W,U-DEC,Lina Lansberg
Lina Lansberg,501.82,25-01-2020,L,U-DEC,Sara McMann
Montel Jackson,537.76,25-01-2020,W,U-DEC,Felipe Colares
Felipe Colares,484.49,25-01-2020,L,U-DEC,Montel Jackson
Justine Kish,511.04,25-01-2020,W,U-DEC,Lucie Pudilova
Lucie Pudilova,450.51,25-01-2020,L,U-DEC,Justine Kish
Arnold Allen,615.91,25-01-2020,W,U-DEC,Nik Lentz
Nik Lentz,551.17,25-01-2020,L,U-DEC,Arnold Allen
Bevon Lewis,484.6,25-01-2020,W,U-DEC,Dequan Townsend
Dequan Townsend,467.77,25-01-2020,L,U-DEC,Bevon Lewis
Jamahal Hill,514.92,25-01-2020,W,U-DEC,Darko Stosic
Darko Stosic,466.81,25-01-2020,L,U-DEC,Jamahal Hill
Angela Hill,488.03,25-01-2020,W,KO/TKO,Hannah Cifers
Hannah Cifers,496.34,25-01-2020,L,KO/TKO,Angela Hill
Alex Perez,568.82,25-01-2020,W,SUB,Jordan Espinosa
Jordan Espinosa,476.88,25-01-2020,L,SUB,Alex Perez
Michael Chiesa,604.6,25-01-2020,W,U-DEC,Rafael Dos Anjos
Rafael Dos Anjos,600.92,25-01-2020,L,U-DEC,Michael Chiesa
Curtis Blaydes,620.83,25-01-2020,W,KO/TKO,Junior Dos Santos
Junior Dos Santos,618.67,25-01-2020,L,KO/TKO,Curtis Blaydes
Youssef Zalal,515.75,08-02-2020,W,U-DEC,Austin Lingo
Austin Lingo,484.25,08-02-2020,L,U-DEC,Youssef Zalal
Andre Ewell,514.84,08-02-2020,W,S-DEC,Jonathan Martinez
Jonathan Martinez,499.51,08-02-2020,L,S-DEC,Andre Ewell
Domingo Pilarte,468.63,08-02-2020,L,Overturned,Journey Newson
Journey Newson,500.62,08-02-2020,W,Overturned,Domingo Pilarte
Mario Bautista,514.16,08-02-2020,W,KO/TKO,Miles Johns
Miles Johns,499.07,08-02-2020,L,KO/TKO,Mario Bautista
Khaos Williams,517.87,08-02-2020,W,KO/TKO,Alex Morono
Alex Morono,529.11,08-02-2020,L,KO/TKO,Khaos Williams
Lauren Murphy,508.06,08-02-2020,W,S-DEC,Andrea Lee
Andrea Lee,513.17,08-02-2020,L,S-DEC,Lauren Murphy
Trevin Giles,515.09,08-02-2020,W,S-DEC,James Krause
James Krause,574.44,08-02-2020,L,S-DEC,Trevin Giles
Derrick Lewis,622.08,08-02-2020,W,U-DEC,Ilir Latifi
Ilir Latifi,527.2,08-02-2020,L,U-DEC,Derrick Lewis
Dan Ige,575.08,08-02-2020,W,S-DEC,Mirsad Bektic
Mirsad Bektic,544.06,08-02-2020,L,S-DEC,Dan Ige
Justin Tafa,499.89,08-02-2020,W,KO/TKO,Juan Adams
Juan Adams,466.24,08-02-2020,L,KO/TKO,Justin Tafa
Valentina Shevchenko,607.47,08-02-2020,W,KO/TKO,Katlyn Cerminara
Katlyn Cerminara,541.27,08-02-2020,L,KO/TKO,Valentina Shevchenko
Jon Jones,815.51,08-02-2020,W,U-DEC,Dominick Reyes
Dominick Reyes,596.17,08-02-2020,L,U-DEC,Jon Jones
Raulian Paiva,485.59,15-02-2020,W,KO/TKO,Mark De La Rosa
Mark De La Rosa,467.08,15-02-2020,L,KO/TKO,Raulian Paiva
Macy Chiasson,544.15,15-02-2020,W,U-DEC,Shanna Young
Shanna Young,485.59,15-02-2020,L,U-DEC,Macy Chiasson
Merab Dvalishvili,519.43,15-02-2020,W,U-DEC,Casey Kenney
Casey Kenney,516.89,15-02-2020,L,U-DEC,Merab Dvalishvili
Devin Clark,507.06,15-02-2020,W,U-DEC,Dequan Townsend
Dequan Townsend,453.14,15-02-2020,L,U-DEC,Devin Clark
Scott Holtzman,565.31,15-02-2020,W,U-DEC,Jim Miller
Jim Miller,556.37,15-02-2020,L,U-DEC,Scott Holtzman
John Dodson,549.65,15-02-2020,W,KO/TKO,Nathaniel Wood
Nathaniel Wood,543.23,15-02-2020,L,KO/TKO,John Dodson
Daniel Rodriguez,521.9,15-02-2020,W,SUB,Tim Means
Tim Means,530.39,15-02-2020,L,SUB,Daniel Rodriguez
Lando Vannata,497.94,15-02-2020,W,U-DEC,Yancy Medeiros
Yancy Medeiros,519.43,15-02-2020,L,U-DEC,Lando Vannata
Ray Borg,554.38,15-02-2020,W,U-DEC,Rogerio Bontorin
Rogerio Bontorin,514.62,15-02-2020,L,U-DEC,Ray Borg
Brok Weaver,514.99,15-02-2020,W,DQ,Kazula Vargas
Kazula Vargas,468.34,15-02-2020,L,DQ,Brok Weaver
Montana De La Rosa,553.77,15-02-2020,W,U-DEC,Mara Romero Borella
Mara Romero Borella,486.36,15-02-2020,L,U-DEC,Montana De La Rosa
Diego Sanchez,564.11,15-02-2020,W,DQ,Michel Pereira
Michel Pereira,486.85,15-02-2020,L,DQ,Diego Sanchez
Jan Blachowicz,593.04,15-02-2020,W,KO/TKO,Corey Anderson
Corey Anderson,574.62,15-02-2020,L,KO/TKO,Jan Blachowicz
Priscila Cachoeira,469.33,22-02-2020,W,KO/TKO,Shana Dobson
Shana Dobson,465.72,22-02-2020,L,KO/TKO,Priscila Cachoeira
Angela Hill,506.68,22-02-2020,W,U-DEC,Loma Lookboonmee
Loma Lookboonmee,497.56,22-02-2020,L,U-DEC,Angela Hill
Kai Kara-France,543.27,22-02-2020,W,U-DEC,Tyson Nam
Tyson Nam,472.31,22-02-2020,L,U-DEC,Kai Kara-France
Song Kenan,542.76,22-02-2020,W,KO/TKO,Callan Potter
Callan Potter,484.92,22-02-2020,L,KO/TKO,Song Kenan
Jake Matthews,573.52,22-02-2020,W,U-DEC,Emil Meek
Emil Meek,472.94,22-02-2020,L,U-DEC,Jake Matthews
Jalin Turner,502.58,22-02-2020,W,KO/TKO,Josh Culibao
Josh Culibao,483.62,22-02-2020,L,KO/TKO,Jalin Turner
Zubaira Tukhugov,541.98,22-02-2020,W,KO/TKO,Kevin Aguilar
Kevin Aguilar,502.15,22-02-2020,L,KO/TKO,Zubaira Tukhugov
Brad Riddell,532.89,22-02-2020,W,S-DEC,Magomed Mustafaev
Magomed Mustafaev,512.09,22-02-2020,L,S-DEC,Brad Riddell
Marcos Rogerio de Lima,518.73,22-02-2020,W,KO/TKO,Ben Sosoli
Ben Sosoli,499.29,22-02-2020,L,KO/TKO,Marcos Rogerio de Lima
Yan Xiaonan,574.66,22-02-2020,W,U-DEC,Karolina Kowalkiewicz
Karolina Kowalkiewicz,480.6,22-02-2020,L,U-DEC,Yan Xiaonan
Jimmy Crute,538.41,22-02-2020,W,SUB,Michal Oleksiejczuk
Michal Oleksiejczuk,507.08,22-02-2020,L,SUB,Jimmy Crute
Dan Hooker,607.59,22-02-2020,W,S-DEC,Paul Felder
Paul Felder,572.14,22-02-2020,L,S-DEC,Dan Hooker
Sean Brady,532.73,29-02-2020,W,U-DEC,Ismail Naurdiev
Ismail Naurdiev,504.25,29-02-2020,L,U-DEC,Sean Brady
Spike Carlyle,515.75,29-02-2020,W,KO/TKO,Aalon Cruz
Aalon Cruz,484.25,29-02-2020,L,KO/TKO,Spike Carlyle
Jordan Griffin,490.94,29-02-2020,W,SUB,TJ Brown
TJ Brown,479.31,29-02-2020,L,SUB,Jordan Griffin
Luis Pena,534.27,29-02-2020,W,U-DEC,Steve Garcia
Steve Garcia,485.13,29-02-2020,L,U-DEC,Luis Pena
Marcin Tybura,512.53,29-02-2020,W,U-DEC,Serghei Spivac
Serghei Spivac,488.36,29-02-2020,L,U-DEC,Marcin Tybura
Brendan Allen,538.97,29-02-2020,W,KO/TKO,Tom Breese
Tom Breese,529.41,29-02-2020,L,KO/TKO,Brendan Allen
Kyler Phillips,515.08,29-02-2020,W,U-DEC,Gabriel Silva
Gabriel Silva,470.24,29-02-2020,L,U-DEC,Kyler Phillips
Grant Dawson,554.69,29-02-2020,W,SUB,Darrick Minner
Darrick Minner,481.28,29-02-2020,L,SUB,Grant Dawson
Megan Anderson,518.09,29-02-2020,W,KO/TKO,Norma Dumont
Norma Dumont,483.58,29-02-2020,L,KO/TKO,Megan Anderson
Magomed Ankalaev,547.93,29-02-2020,W,KO/TKO,Ion Cutelaba
Ion Cutelaba,500.16,29-02-2020,L,KO/TKO,Magomed Ankalaev
Felicia Spencer,520.12,29-02-2020,W,KO/TKO,Zarah Fairn
Zarah Fairn,465.01,29-02-2020,L,KO/TKO,Felicia Spencer
Deiveson Figueiredo,603.97,29-02-2020,W,KO/TKO,Joseph Benavidez
Joseph Benavidez,643.59,29-02-2020,L,KO/TKO,Deiveson Figueiredo
Batgerel Danaa,499.71,07-03-2020,W,KO/TKO,Guido Cannetti
Guido Cannetti,462.47,07-03-2020,L,KO/TKO,Batgerel Danaa
Giga Chikadze,530.4,07-03-2020,W,S-DEC,Jamall Emmers
Jamall Emmers,484.19,07-03-2020,L,S-DEC,Giga Chikadze
Gerald Meerschaert,534.72,07-03-2020,W,SUB,Deron Winn
Deron Winn,479.43,07-03-2020,L,SUB,Gerald Meerschaert
Rodolfo Vieira,537.89,07-03-2020,W,SUB,Saparbeg Safarov
Saparbeg Safarov,465.86,07-03-2020,L,SUB,Rodolfo Vieira
Mark Madsen,530.8,07-03-2020,W,U-DEC,Austin Hubbard
Austin Hubbard,484.41,07-03-2020,L,U-DEC,Mark Madsen
Sean O'Malley,548.17,07-03-2020,W,KO/TKO,Jose Quinonez
Jose Quinonez,527.61,07-03-2020,L,KO/TKO,Sean O'Malley
Alex Oliveira,548.44,07-03-2020,W,S-DEC,Max Griffin
Max Griffin,463.11,07-03-2020,L,S-DEC,Alex Oliveira
Neil Magny,617.94,07-03-2020,W,U-DEC,Li Jingliang
Li Jingliang,570.67,07-03-2020,L,U-DEC,Neil Magny
Beneil Dariush,630.05,07-03-2020,W,KO/TKO,Drakkar Klose
Drakkar Klose,547.38,07-03-2020,L,KO/TKO,Beneil Dariush
Zhang Weili,593.28,07-03-2020,W,S-DEC,Joanna Jedrzejczyk
Joanna Jedrzejczyk,581.99,07-03-2020,L,S-DEC,Zhang Weili
Israel Adesanya,659.38,07-03-2020,W,U-DEC,Yoel Romero
Yoel Romero,582.38,07-03-2020,L,U-DEC,Israel Adesanya
Bea Malecki,533.4,14-03-2020,W,U-DEC,Veronica Hardy
Veronica Hardy,458.88,14-03-2020,L,U-DEC,Bea Malecki
David Dvorak,516.43,14-03-2020,W,U-DEC,Bruno Silva
Bruno Silva,498.6,14-03-2020,L,U-DEC,David Dvorak
Maryna Moroz,531.91,14-03-2020,W,U-DEC,Mayra Bueno Silva
Mayra Bueno Silva,504.7,14-03-2020,L,U-DEC,Maryna Moroz
Rani Yahya,582.34,14-03-2020,L,M-DEC,Enrique Barzola
Enrique Barzola,541.01,14-03-2020,W,M-DEC,Rani Yahya
Elizeu Zaleski dos Santos,601.68,14-03-2020,W,U-DEC,Aleksei Kunchenko
Aleksei Kunchenko,510.46,14-03-2020,L,U-DEC,Elizeu Zaleski dos Santos
Amanda Ribas,552.75,14-03-2020,W,U-DEC,Randa Markos
Randa Markos,486.19,14-03-2020,L,U-DEC,Amanda Ribas
Brandon Moreno,557.56,14-03-2020,W,U-DEC,Jussier Formiga
Jussier Formiga,563.8,14-03-2020,L,U-DEC,Brandon Moreno
Francisco Trinaldo,621.76,14-03-2020,W,U-DEC,John Makdessi
John Makdessi,542.17,14-03-2020,L,U-DEC,Francisco Trinaldo
Nikita Krylov,554.68,14-03-2020,W,U-DEC,Johnny Walker
Johnny Walker,519.54,14-03-2020,L,U-DEC,Nikita Krylov
Renato Moicano,555.75,14-03-2020,W,SUB,Damir Hadzovic
Damir Hadzovic,485.31,14-03-2020,L,SUB,Renato Moicano
Gilbert Burns,632.26,14-03-2020,W,KO/TKO,Demian Maia
Demian Maia,648.46,14-03-2020,L,KO/TKO,Gilbert Burns
Charles Oliveira,676.76,14-03-2020,W,SUB,Kevin Lee
Kevin Lee,584.74,14-03-2020,L,SUB,Charles Oliveira
Ryan Spann,568.91,09-05-2020,W,S-DEC,Sam Alvey
Sam Alvey,509.23,09-05-2020,L,S-DEC,Ryan Spann
Bryce Mitchell,567.58,09-05-2020,W,U-DEC,Charles Rosa
Charles Rosa,494.56,09-05-2020,L,U-DEC,Bryce Mitchell
Vicente Luque,626.88,09-05-2020,W,KO/TKO,Niko Price
Niko Price,546.93,09-05-2020,L,KO/TKO,Vicente Luque
Carla Esparza,553.14,09-05-2020,W,S-DEC,Michelle Waterson-Gomez
Michelle Waterson-Gomez,522.85,09-05-2020,L,S-DEC,Carla Esparza
Aleksei Oleinik,576.43,09-05-2020,W,S-DEC,Fabricio Werdum
Fabricio Werdum,589.57,09-05-2020,L,S-DEC,Aleksei Oleinik
Anthony Pettis,557.06,09-05-2020,W,U-DEC,Donald Cerrone
Donald Cerrone,598.81,09-05-2020,L,U-DEC,Anthony Pettis
Greg Hardy,503.32,09-05-2020,W,U-DEC,Yorgan De Castro
Yorgan De Castro,498.67,09-05-2020,L,U-DEC,Greg Hardy
Calvin Kattar,549.98,09-05-2020,W,KO/TKO,Jeremy Stephens
Jeremy Stephens,510.76,09-05-2020,L,KO/TKO,Calvin Kattar
Francis Ngannou,643.75,09-05-2020,W,KO/TKO,Jairzinho Rozenstruik
Jairzinho Rozenstruik,553.05,09-05-2020,L,KO/TKO,Francis Ngannou
Henry Cejudo,647.89,09-05-2020,W,KO/TKO,Dominick Cruz
Dominick Cruz,557.56,09-05-2020,L,KO/TKO,Henry Cejudo
Justin Gaethje,584.18,09-05-2020,W,KO/TKO,Tony Ferguson
Tony Ferguson,720.23,09-05-2020,L,KO/TKO,Justin Gaethje
Chase Sherman,472.99,13-05-2020,W,KO/TKO,Ike Villanueva
Ike Villanueva,482.23,13-05-2020,L,KO/TKO,Chase Sherman
Brian Kelleher,537.7,13-05-2020,W,KO/TKO,Hunter Azure
Hunter Azure,500.04,13-05-2020,L,KO/TKO,Brian Kelleher
Omar Morales,532.38,13-05-2020,W,U-DEC,Gabriel Benitez
Gabriel Benitez,514.31,13-05-2020,L,U-DEC,Omar Morales
Sijara Eubanks,511.51,13-05-2020,W,U-DEC,Sarah Moras
Sarah Moras,471.52,13-05-2020,L,U-DEC,Sijara Eubanks
Thiago Moises,506.01,13-05-2020,W,SUB,Michael Johnson
Michael Johnson,485.3,13-05-2020,L,SUB,Thiago Moises
Andrei Arlovski,527.34,13-05-2020,W,U-DEC,Philipe Lins
Philipe Lins,484.8,13-05-2020,L,U-DEC,Andrei Arlovski
Ricky Simon,539.47,13-05-2020,W,S-DEC,Ray Borg
Ray Borg,537.18,13-05-2020,L,S-DEC,Ricky Simon
Drew Dober,573.57,13-05-2020,W,KO/TKO,Alexander Hernandez
Alexander Hernandez,531.03,13-05-2020,L,KO/TKO,Drew Dober
Ben Rothwell,553.22,13-05-2020,W,S-DEC,Ovince Saint Preux
Ovince Saint Preux,541.62,13-05-2020,L,S-DEC,Ben Rothwell
Glover Teixeira,648.17,13-05-2020,W,KO/TKO,Anthony Smith
Anthony Smith,564.87,13-05-2020,L,KO/TKO,Glover Teixeira
Rodrigo Nascimento,518.04,16-05-2020,W,SUB,Don'Tale Mayes
Don'Tale Mayes,463.42,16-05-2020,L,SUB,Rodrigo Nascimento
Cortney Casey,497.39,16-05-2020,W,SUB,Mara Romero Borella
Mara Romero Borella,466.5,16-05-2020,L,SUB,Cortney Casey
Nate Landwehr,504.34,16-05-2020,W,U-DEC,Darren Elkins
Darren Elkins,562.36,16-05-2020,L,U-DEC,Nate Landwehr
Giga Chikadze,546.14,16-05-2020,W,U-DEC,Irwin Rivera
Irwin Rivera,484.26,16-05-2020,L,U-DEC,Giga Chikadze
Kevin Holland,533.61,16-05-2020,W,KO/TKO,Anthony Hernandez
Anthony Hernandez,485.49,16-05-2020,L,KO/TKO,Kevin Holland
Miguel Baeza,533.71,16-05-2020,W,KO/TKO,Matt Brown
Matt Brown,555.57,16-05-2020,L,KO/TKO,Miguel Baeza
Song Yadong,588.93,16-05-2020,W,U-DEC,Marlon Vera
Marlon Vera,571.97,16-05-2020,L,U-DEC,Song Yadong
Krzysztof Jotko,570.83,16-05-2020,W,U-DEC,Eryk Anders
Eryk Anders,505.64,16-05-2020,L,U-DEC,Krzysztof Jotko
Dan Ige,593.65,16-05-2020,W,S-DEC,Edson Barboza
Edson Barboza,539.9,16-05-2020,L,S-DEC,Dan Ige
Claudia Gadelha,548.89,16-05-2020,W,S-DEC,Angela Hill
Angela Hill,491.46,16-05-2020,L,S-DEC,Claudia Gadelha
Alistair Overeem,578.39,16-05-2020,W,KO/TKO,Walt Harris
Walt Harris,519.9,16-05-2020,L,KO/TKO,Alistair Overeem
Chris Gutierrez,530.64,30-05-2020,W,KO/TKO,Vince Morales
Vince Morales,469.13,30-05-2020,L,KO/TKO,Chris Gutierrez
Casey Kenney,535.78,30-05-2020,W,SUB,Louis Smolka
Louis Smolka,489.28,30-05-2020,L,SUB,Casey Kenney
Brandon Royval,516.46,30-05-2020,W,SUB,Tim Elliott
Tim Elliott,435.84,30-05-2020,L,SUB,Brandon Royval
Jamahal Hill,498.67,30-05-2020,L,Overturned,Klidson Abreu
Klidson Abreu,502.25,30-05-2020,W,Overturned,Jamahal Hill
Daniel Rodriguez,537.36,30-05-2020,W,U-DEC,Gabe Green
Gabe Green,484.54,30-05-2020,L,U-DEC,Daniel Rodriguez
Katlyn Cerminara,555.92,30-05-2020,W,U-DEC,Antonina Shevchenko
Antonina Shevchenko,502.25,30-05-2020,L,U-DEC,Katlyn Cerminara
Mackenzie Dern,534.46,30-05-2020,W,SUB,Hannah Cifers
Hannah Cifers,478.07,30-05-2020,L,SUB,Mackenzie Dern
Roosevelt Roberts,552.07,30-05-2020,W,SUB,Brok Weaver
Brok Weaver,496.07,30-05-2020,L,SUB,Roosevelt Roberts
Billy Quarantillo,535.4,30-05-2020,W,U-DEC,Spike Carlyle
Spike Carlyle,499.41,30-05-2020,L,U-DEC,Billy Quarantillo
Augusto Sakai,564.13,30-05-2020,W,S-DEC,Blagoy Ivanov
Blagoy Ivanov,497.14,30-05-2020,L,S-DEC,Augusto Sakai
Gilbert Burns,651.51,30-05-2020,W,U-DEC,Tyron Woodley
Tyron Woodley,608.51,30-05-2020,L,U-DEC,Gilbert Burns
Herbert Burns,537.94,06-06-2020,W,SUB,Evan Dunham
Evan Dunham,526.18,06-06-2020,L,SUB,Herbert Burns
Devin Clark,524.73,06-06-2020,W,U-DEC,Alonzo Menifield
Alonzo Menifield,514.15,06-06-2020,L,U-DEC,Devin Clark
Alex Perez,585.82,06-06-2020,W,KO/TKO,Jussier Formiga
Jussier Formiga,546.8,06-06-2020,L,KO/TKO,Alex Perez
Maki Pitolo,499.33,06-06-2020,W,KO/TKO,Charles Byrd
Charles Byrd,469.31,06-06-2020,L,KO/TKO,Maki Pitolo
Cody Stamann,567.52,06-06-2020,W,U-DEC,Brian Kelleher
Brian Kelleher,521.86,06-06-2020,L,U-DEC,Cody Stamann
Ian Heinisch,524.61,06-06-2020,W,KO/TKO,Gerald Meerschaert
Gerald Meerschaert,517.74,06-06-2020,L,KO/TKO,Ian Heinisch
Alex Caceres,509.74,06-06-2020,W,U-DEC,Chase Hooper
Chase Hooper,496.69,06-06-2020,L,U-DEC,Alex Caceres
Sean O'Malley,563.74,06-06-2020,W,KO/TKO,Eddie Wineland
Eddie Wineland,485.5,06-06-2020,L,KO/TKO,Sean O'Malley
Neil Magny,632.93,06-06-2020,W,U-DEC,Anthony Rocco Martin
Anthony Rocco Martin,570.99,06-06-2020,L,U-DEC,Neil Magny
Aljamain Sterling,644.76,06-06-2020,W,SUB,Cory Sandhagen
Cory Sandhagen,574.28,06-06-2020,L,SUB,Aljamain Sterling
Cody Garbrandt,573.56,06-06-2020,W,KO/TKO,Raphael Assuncao
Raphael Assuncao,577.01,06-06-2020,L,KO/TKO,Cody Garbrandt
Amanda Nunes,697.6,06-06-2020,W,U-DEC,Felicia Spencer
Felicia Spencer,507.56,06-06-2020,L,U-DEC,Amanda Nunes
Christian Aguilera,515.75,13-06-2020,W,KO/TKO,Anthony Ivy
Anthony Ivy,484.25,13-06-2020,L,KO/TKO,Christian Aguilera
Tyson Nam,489.31,13-06-2020,W,KO/TKO,Zarrukh Adashev
Zarrukh Adashev,483.0,13-06-2020,L,KO/TKO,Tyson Nam
Julia Avila,529.06,13-06-2020,W,KO/TKO,Gina Mazany
Gina Mazany,451.41,13-06-2020,L,KO/TKO,Julia Avila
Merab Dvalishvili,536.42,13-06-2020,W,U-DEC,Gustavo Lopez
Gustavo Lopez,483.01,13-06-2020,L,U-DEC,Merab Dvalishvili
Mariya Agapova,518.15,13-06-2020,W,SUB,Hannah Cifers
Hannah Cifers,459.92,13-06-2020,L,SUB,Mariya Agapova
Jordan Espinosa,492.19,13-06-2020,W,U-DEC,Mark De La Rosa
Mark De La Rosa,451.77,13-06-2020,L,U-DEC,Jordan Espinosa
Andre Fili,540.68,13-06-2020,W,S-DEC,Charles Jourdain
Charles Jourdain,486.41,13-06-2020,L,S-DEC,Andre Fili
Charles Rosa,510.65,13-06-2020,W,S-DEC,Kevin Aguilar
Kevin Aguilar,486.06,13-06-2020,L,S-DEC,Charles Rosa
Marvin Vettori,558.0,13-06-2020,W,SUB,Karl Roberson
Karl Roberson,514.72,13-06-2020,L,SUB,Marvin Vettori
Cynthia Calvillo,580.95,13-06-2020,W,U-DEC,Jessica Eye
Jessica Eye,496.63,13-06-2020,L,U-DEC,Cynthia Calvillo
Austin Hubbard,500.87,20-06-2020,W,KO/TKO,Max Rohskopf
Max Rohskopf,483.54,20-06-2020,L,KO/TKO,Austin Hubbard
Lauren Murphy,524.5,20-06-2020,W,U-DEC,Roxanne Modafferi
Roxanne Modafferi,475.25,20-06-2020,L,U-DEC,Lauren Murphy
Justin Jaynes,514.5,20-06-2020,W,KO/TKO,Frank Camacho
Frank Camacho,457.81,20-06-2020,L,KO/TKO,Justin Jaynes
Gillian Robertson,546.41,20-06-2020,W,SUB,Cortney Casey
Cortney Casey,480.37,20-06-2020,L,SUB,Gillian Robertson
Marc-Andre Barriault,440.91,20-06-2020,L,Overturned,Oskar Piechota
Oskar Piechota,490.19,20-06-2020,W,Overturned,Marc-Andre Barriault
Tecia Pennington,526.92,20-06-2020,W,U-DEC,Brianna Fortino
Brianna Fortino,501.21,20-06-2020,L,U-DEC,Tecia Pennington
King Green,523.91,20-06-2020,W,U-DEC,Clay Guida
Clay Guida,508.82,20-06-2020,L,U-DEC,King Green
Jim Miller,575.5,20-06-2020,W,SUB,Roosevelt Roberts
Roosevelt Roberts,532.94,20-06-2020,L,SUB,Jim Miller
Belal Muhammad,584.73,20-06-2020,W,U-DEC,Lyman Good
Lyman Good,504.29,20-06-2020,L,U-DEC,Belal Muhammad
Raquel Pennington,547.23,20-06-2020,W,U-DEC,Marion Reneau
Marion Reneau,501.16,20-06-2020,L,U-DEC,Raquel Pennington
Josh Emmett,585.37,20-06-2020,W,U-DEC,Shane Burgos
Shane Burgos,563.37,20-06-2020,L,U-DEC,Josh Emmett
Curtis Blaydes,636.35,20-06-2020,W,U-DEC,Alexander Volkov
Alexander Volkov,557.08,20-06-2020,L,U-DEC,Curtis Blaydes
Youssef Zalal,531.07,27-06-2020,W,U-DEC,Jordan Griffin
Jordan Griffin,475.62,27-06-2020,L,U-DEC,Youssef Zalal
Kay Hansen,518.74,27-06-2020,W,SUB,Jinh Yu Frey
Jinh Yu Frey,481.26,27-06-2020,L,SUB,Kay Hansen
Tanner Boser,513.89,27-06-2020,W,KO/TKO,Philipe Lins
Philipe Lins,469.68,27-06-2020,L,KO/TKO,Tanner Boser
Khama Worthy,537.81,27-06-2020,W,SUB,Luis Pena
Luis Pena,513.67,27-06-2020,L,SUB,Khama Worthy
Julian Erosa,476.79,27-06-2020,W,SUB,Sean Woodson
Sean Woodson,492.48,27-06-2020,L,SUB,Julian Erosa
Takashi Sato,514.49,27-06-2020,W,KO/TKO,Jason Witt
Jason Witt,484.19,27-06-2020,L,KO/TKO,Takashi Sato
Brendan Allen,554.29,27-06-2020,W,U-DEC,Kyle Daukaus
Kyle Daukaus,484.68,27-06-2020,L,U-DEC,Brendan Allen
Maurice Greene,529.24,27-06-2020,W,SUB,Gian Villante
Gian Villante,471.3,27-06-2020,L,SUB,Maurice Greene
Mike Perry,522.91,27-06-2020,W,U-DEC,Mickey Gall
Mickey Gall,535.35,27-06-2020,L,U-DEC,Mike Perry
Dustin Poirier,680.09,27-06-2020,W,U-DEC,Dan Hooker
Dan Hooker,594.51,27-06-2020,L,U-DEC,Dustin Poirier
Davey Grant,494.01,11-07-2020,W,KO/TKO,Martin Day
Martin Day,467.4,11-07-2020,L,KO/TKO,Davey Grant
Karol Rosa,530.07,11-07-2020,W,U-DEC,Vanessa Melo
Vanessa Melo,455.27,11-07-2020,L,U-DEC,Karol Rosa
Raulian Paiva,502.77,11-07-2020,W,U-DEC,Zhalgas Zhumagulov
Zhalgas Zhumagulov,482.82,11-07-2020,L,U-DEC,Raulian Paiva
Marcin Tybura,528.44,11-07-2020,W,U-DEC,Maxim Grishin
Maxim Grishin,484.09,11-07-2020,L,U-DEC,Marcin Tybura
Leonardo Santos,619.65,11-07-2020,W,U-DEC,Roman Bogatov
Roman Bogatov,485.71,11-07-2020,L,U-DEC,Leonardo Santos
Makwan Amirkhani,565.14,11-07-2020,W,SUB,Danny Henry
Danny Henry,495.3,11-07-2020,L,SUB,Makwan Amirkhani
Muslim Salikhov,556.13,11-07-2020,W,S-DEC,Elizeu Zaleski dos Santos
Elizeu Zaleski dos Santos,580.25,11-07-2020,L,S-DEC,Muslim Salikhov
Jiri Prochazka,517.63,11-07-2020,W,KO/TKO,Volkan Oezdemir
Volkan Oezdemir,524.06,11-07-2020,L,KO/TKO,Jiri Prochazka
Amanda Ribas,573.08,11-07-2020,W,SUB,Paige VanZant
Paige VanZant,504.03,11-07-2020,L,SUB,Amanda Ribas
Rose Namajunas,583.57,11-07-2020,W,S-DEC,Jessica Andrade
Jessica Andrade,571.05,11-07-2020,L,S-DEC,Rose Namajunas
Petr Yan,622.97,11-07-2020,W,KO/TKO,Jose Aldo
Jose Aldo,562.95,11-07-2020,L,KO/TKO,Petr Yan
Alexander Volkanovski,677.93,11-07-2020,W,S-DEC,Max Holloway
Max Holloway,669.64,11-07-2020,L,S-DEC,Alexander Volkanovski
Kamaru Usman,725.76,11-07-2020,W,U-DEC,Jorge Masvidal
Jorge Masvidal,590.48,11-07-2020,L,U-DEC,Kamaru Usman
Jack Shore,534.87,15-07-2020,W,SUB,Aaron Phillips
Aaron Phillips,450.54,15-07-2020,L,SUB,Jack Shore
Liana Jojua,502.28,15-07-2020,W,SUB,Diana Belbita
Diana Belbita,463.99,15-07-2020,L,SUB,Liana Jojua
Jared Gordon,516.12,15-07-2020,W,U-DEC,Chris Fishgold
Chris Fishgold,470.64,15-07-2020,L,U-DEC,Jared Gordon
Modestas Bukauskas,515.75,15-07-2020,W,KO/TKO,Andreas Michailidis
Andreas Michailidis,484.25,15-07-2020,L,KO/TKO,Modestas Bukauskas
Lerone Murphy,519.81,15-07-2020,W,KO/TKO,Ricardo Ramos
Ricardo Ramos,546.43,15-07-2020,L,KO/TKO,Lerone Murphy
Khamzat Chimaev,517.13,15-07-2020,W,SUB,John Phillips
John Phillips,447.69,15-07-2020,L,SUB,Khamzat Chimaev
Mounir Lazzez,517.9,15-07-2020,W,U-DEC,Abdul Razak Alhassan
Abdul Razak Alhassan,529.76,15-07-2020,L,U-DEC,Mounir Lazzez
Taila Santos,502.14,15-07-2020,W,U-DEC,Molly McCann
Molly McCann,511.66,15-07-2020,L,U-DEC,Taila Santos
Jimmie Rivera,563.32,15-07-2020,W,U-DEC,Cody Stamann
Cody Stamann,550.82,15-07-2020,L,U-DEC,Jimmie Rivera
Tim Elliott,453.69,15-07-2020,W,U-DEC,Ryan Benoit
Ryan Benoit,464.5,15-07-2020,L,U-DEC,Tim Elliott
Calvin Kattar,568.54,15-07-2020,W,U-DEC,Dan Ige
Dan Ige,575.09,15-07-2020,L,U-DEC,Calvin Kattar
Serghei Spivac,504.64,18-07-2020,W,M-DEC,Carlos Felipe
Carlos Felipe,483.72,18-07-2020,L,M-DEC,Serghei Spivac
Arman Tsarukyan,522.78,18-07-2020,W,U-DEC,Davi Ramos
Davi Ramos,526.71,18-07-2020,L,U-DEC,Arman Tsarukyan
Amir Albazi,519.37,18-07-2020,W,SUB,Malcolm Gordon
Malcolm Gordon,480.63,18-07-2020,L,SUB,Amir Albazi
Brett Johns,555.11,18-07-2020,W,U-DEC,Montel Jackson
Montel Jackson,521.3,18-07-2020,L,U-DEC,Brett Johns
Joel Alvarez,522.21,18-07-2020,W,SUB,Joe Duffy
Joe Duffy,499.8,18-07-2020,L,SUB,Joel Alvarez
Grant Dawson,570.61,18-07-2020,W,U-DEC,Nad Narimani
Nad Narimani,498.41,18-07-2020,L,U-DEC,Grant Dawson
Roman Dolidze,514.26,18-07-2020,W,KO/TKO,Khadis Ibragimov
Khadis Ibragimov,452.78,18-07-2020,L,KO/TKO,Roman Dolidze
Askar Askarov,534.17,18-07-2020,W,U-DEC,Alexandre Pantoja
Alexandre Pantoja,548.93,18-07-2020,L,U-DEC,Askar Askarov
Ariane da Silva,507.28,18-07-2020,W,SUB,Luana Carolina
Luana Carolina,492.25,18-07-2020,L,SUB,Ariane da Silva
Rafael Fiziev,518.09,18-07-2020,W,U-DEC,Marc Diakiese
Marc Diakiese,506.95,18-07-2020,L,U-DEC,Rafael Fiziev
Jack Hermansson,591.09,18-07-2020,W,SUB,Kelvin Gastelum
Kelvin Gastelum,573.54,18-07-2020,L,SUB,Jack Hermansson
Deiveson Figueiredo,628.62,18-07-2020,W,SUB,Joseph Benavidez
Joseph Benavidez,618.94,18-07-2020,L,SUB,Deiveson Figueiredo
Nathaniel Wood,557.03,25-07-2020,W,U-DEC,John Castaneda
John Castaneda,486.2,25-07-2020,L,U-DEC,Nathaniel Wood
Ramazan Emeev,551.55,25-07-2020,W,U-DEC,Niklas Stolze
Niklas Stolze,485.94,25-07-2020,L,U-DEC,Ramazan Emeev
Pannie Kianzad,501.42,25-07-2020,W,U-DEC,Bethe Correia
Bethe Correia,487.88,25-07-2020,L,U-DEC,Pannie Kianzad
Tanner Boser,529.6,25-07-2020,W,KO/TKO,Raphael Pessoa
Raphael Pessoa,481.58,25-07-2020,L,KO/TKO,Tanner Boser
Movsar Evloev,550.63,25-07-2020,W,U-DEC,Mike Grundy
Mike Grundy,500.77,25-07-2020,L,U-DEC,Movsar Evloev
Tom Aspinall,515.76,25-07-2020,W,KO/TKO,Jake Collier
Jake Collier,484.42,25-07-2020,L,KO/TKO,Tom Aspinall
Nicolas Dalby,485.12,25-07-2020,L,Overturned,Jesse Ronson
Jesse Ronson,471.33,25-07-2020,W,Overturned,Nicolas Dalby
Francisco Trinaldo,633.2,25-07-2020,W,KO/TKO,Jai Herbert
Jai Herbert,488.56,25-07-2020,L,KO/TKO,Francisco Trinaldo
Khamzat Chimaev,532.82,25-07-2020,W,KO/TKO,Rhys McKee
Rhys McKee,484.31,25-07-2020,L,KO/TKO,Khamzat Chimaev
Alex Oliveira,562.68,25-07-2020,W,U-DEC,Peter Sobotta
Peter Sobotta,486.26,25-07-2020,L,U-DEC,Alex Oliveira
Paul Craig,530.09,25-07-2020,W,SUB,Gadzhimurad Antigulov
Gadzhimurad Antigulov,485.26,25-07-2020,L,SUB,Paul Craig
Carla Esparza,570.06,25-07-2020,W,S-DEC,Marina Rodriguez
Marina Rodriguez,515.36,25-07-2020,L,S-DEC,Carla Esparza
Fabricio Werdum,607.78,25-07-2020,W,SUB,Alexander Gustafsson
Alexander Gustafsson,550.4,25-07-2020,L,SUB,Fabricio Werdum
Mauricio Rua,554.45,25-07-2020,W,S-DEC,Rogerio Nogueira
Rogerio Nogueira,500.41,25-07-2020,L,S-DEC,Mauricio Rua
Robert Whittaker,661.86,25-07-2020,W,U-DEC,Darren Till
Darren Till,561.7,25-07-2020,L,U-DEC,Robert Whittaker
Chris Gutierrez,529.32,01-08-2020,L,U-DEC,Cody Durden
Cody Durden,501.32,01-08-2020,W,U-DEC,Chris Gutierrez
Jamall Emmers,500.66,01-08-2020,W,U-DEC,Vince Cachero
Vince Cachero,483.53,01-08-2020,L,U-DEC,Jamall Emmers
Nate Maness,515.75,01-08-2020,W,U-DEC,Johnny Munoz
Johnny Munoz,484.25,01-08-2020,L,U-DEC,Nate Maness
Jonathan Martinez,515.89,01-08-2020,W,KO/TKO,Frankie Saenz
Frankie Saenz,497.08,01-08-2020,L,KO/TKO,Jonathan Martinez
King Green,539.18,01-08-2020,W,U-DEC,Lando Vannata
Lando Vannata,482.67,01-08-2020,L,U-DEC,King Green
Vicente Luque,639.93,01-08-2020,W,KO/TKO,Randy Brown
Randy Brown,540.08,01-08-2020,L,KO/TKO,Vicente Luque
Jennifer Maia,523.05,01-08-2020,W,SUB,Joanne Wood
Joanne Wood,507.28,01-08-2020,L,SUB,Jennifer Maia
Derek Brunson,610.6,01-08-2020,W,KO/TKO,Edmen Shahbazyan
Edmen Shahbazyan,554.56,01-08-2020,L,KO/TKO,Derek Brunson
Irwin Rivera,500.72,08-08-2020,W,S-DEC,Ali AlQaisi
Ali AlQaisi,483.54,08-08-2020,L,S-DEC,Irwin Rivera
Youssef Zalal,546.78,08-08-2020,W,U-DEC,Peter Barrett
Peter Barrett,484.29,08-08-2020,L,U-DEC,Youssef Zalal
Gavin Tucker,535.17,08-08-2020,W,SUB,Justin Jaynes
Justin Jaynes,494.93,08-08-2020,L,SUB,Gavin Tucker
Andrew Sanchez,527.32,08-08-2020,W,KO/TKO,Wellington Turman
Wellington Turman,485.86,08-08-2020,L,KO/TKO,Andrew Sanchez
Nasrat Haqparast,531.32,08-08-2020,W,U-DEC,Alexander Munoz
Alexander Munoz,484.99,08-08-2020,L,U-DEC,Nasrat Haqparast
Kevin Holland,548.52,08-08-2020,W,KO/TKO,Joaquin Buckley
Joaquin Buckley,485.09,08-08-2020,L,KO/TKO,Kevin Holland
Tim Means,545.47,08-08-2020,W,U-DEC,Laureano Staropoli
Laureano Staropoli,500.45,08-08-2020,L,U-DEC,Tim Means
Beneil Dariush,645.35,08-08-2020,W,KO/TKO,Scott Holtzman
Scott Holtzman,550.01,08-08-2020,L,KO/TKO,Beneil Dariush
Yana Santos,518.82,08-08-2020,W,U-DEC,Julija Stoliarenko
Julija Stoliarenko,469.39,08-08-2020,L,U-DEC,Yana Santos
Darren Stewart,534.68,08-08-2020,W,SUB,Maki Pitolo
Maki Pitolo,479.03,08-08-2020,L,SUB,Darren Stewart
Chris Weidman,614.05,08-08-2020,W,U-DEC,Omari Akhmedov
Omari Akhmedov,565.53,08-08-2020,L,U-DEC,Chris Weidman
Derrick Lewis,637.08,08-08-2020,W,KO/TKO,Aleksei Oleinik
Aleksei Oleinik,561.43,08-08-2020,L,KO/TKO,Derrick Lewis
Kai Kamaka,515.75,15-08-2020,W,U-DEC,Tony Kelley
Tony Kelley,484.25,15-08-2020,L,U-DEC,Kai Kamaka
Chris Daukaus,515.75,15-08-2020,W,KO/TKO,Parker Porter
Parker Porter,484.25,15-08-2020,L,KO/TKO,Chris Daukaus
Livinha Souza,529.65,15-08-2020,W,U-DEC,Ashley Yoder
Ashley Yoder,457.54,15-08-2020,L,U-DEC,Livinha Souza
Danny Chavez,514.81,15-08-2020,W,U-DEC,TJ Brown
TJ Brown,464.5,15-08-2020,L,U-DEC,Danny Chavez
Virna Jandiroba,526.31,15-08-2020,W,SUB,Felice Herrig
Felice Herrig,511.05,15-08-2020,L,SUB,Virna Jandiroba
Vinc Pichel,564.65,15-08-2020,W,U-DEC,Jim Miller
Jim Miller,557.64,15-08-2020,L,U-DEC,Vinc Pichel
Merab Dvalishvili,555.88,15-08-2020,W,U-DEC,John Dodson
John Dodson,530.19,15-08-2020,L,U-DEC,Merab Dvalishvili
Daniel Pineda,505.65,15-08-2020,W,KO/TKO,Herbert Burns
Herbert Burns,519.93,15-08-2020,L,KO/TKO,Daniel Pineda
Jairzinho Rozenstruik,571.74,15-08-2020,W,KO/TKO,Junior Dos Santos
Junior Dos Santos,599.98,15-08-2020,L,KO/TKO,Jairzinho Rozenstruik
Marlon Vera,587.35,15-08-2020,W,KO/TKO,Sean O'Malley
Sean O'Malley,548.36,15-08-2020,L,KO/TKO,Marlon Vera
Stipe Miocic,685.42,15-08-2020,W,U-DEC,Daniel Cormier
Daniel Cormier,654.94,15-08-2020,L,U-DEC,Stipe Miocic
Timur Valiev,485.0,22-08-2020,L,Overturned,Trevin Jones
Trevin Jones,515.0,22-08-2020,W,Overturned,Timur Valiev
Matthew Semelsberger,515.75,22-08-2020,W,U-DEC,Carlton Minus
Carlton Minus,484.25,22-08-2020,L,U-DEC,Matthew Semelsberger
Jordan Wright,514.95,22-08-2020,W,KO/TKO,Ike Villanueva
Ike Villanueva,467.28,22-08-2020,L,KO/TKO,Jordan Wright
Amanda Lemos,521.73,22-08-2020,W,U-DEC,Mizuki
Mizuki,498.92,22-08-2020,L,U-DEC,Amanda Lemos
Daniel Rodriguez,553.71,22-08-2020,W,KO/TKO,Dwight Grant
Dwight Grant,502.86,22-08-2020,L,KO/TKO,Daniel Rodriguez
Shana Dobson,483.83,22-08-2020,W,KO/TKO,Mariya Agapova
Mariya Agapova,500.04,22-08-2020,L,KO/TKO,Shana Dobson
Joe Solecki,537.65,22-08-2020,W,SUB,Austin Hubbard
Austin Hubbard,481.6,22-08-2020,L,SUB,Joe Solecki
Mike Rodriguez,485.7,22-08-2020,W,KO/TKO,Marcin Prachnio
Marcin Prachnio,454.91,22-08-2020,L,KO/TKO,Mike Rodriguez
Frankie Edgar,636.42,22-08-2020,W,S-DEC,Pedro Munhoz
Pedro Munhoz,557.61,22-08-2020,L,S-DEC,Frankie Edgar
Mallory Martin,498.04,29-08-2020,W,SUB,Hannah Cifers
Hannah Cifers,441.97,29-08-2020,L,SUB,Mallory Martin
Polyana Viana,485.58,29-08-2020,W,SUB,Emily Whitmire
Emily Whitmire,478.06,29-08-2020,L,SUB,Polyana Viana
Sean Brady,552.58,29-08-2020,W,SUB,Christian Aguilera
Christian Aguilera,495.9,29-08-2020,L,SUB,Sean Brady
Alex Caceres,530.36,29-08-2020,W,SUB,Austin Springer
Austin Springer,479.38,29-08-2020,L,SUB,Alex Caceres
Zak Cummings,569.33,29-08-2020,W,U-DEC,Alessio Di Chirico
Alessio Di Chirico,468.18,29-08-2020,L,U-DEC,Zak Cummings
Impa Kasanganay,514.8,29-08-2020,W,U-DEC,Maki Pitolo
Maki Pitolo,464.23,29-08-2020,L,U-DEC,Impa Kasanganay
Ricardo Lamas,577.23,29-08-2020,W,U-DEC,Bill Algeo
Bill Algeo,487.13,29-08-2020,L,U-DEC,Ricardo Lamas
Alexa Grasso,512.3,29-08-2020,W,U-DEC,Ji Yeon Kim
Ji Yeon Kim,499.41,29-08-2020,L,U-DEC,Alexa Grasso
Neil Magny,647.38,29-08-2020,W,U-DEC,Robbie Lawler
Robbie Lawler,561.5,29-08-2020,L,U-DEC,Neil Magny
Aleksandar Rakic,564.67,29-08-2020,W,U-DEC,Anthony Smith
Anthony Smith,548.36,29-08-2020,L,U-DEC,Aleksandar Rakic
Hunter Azure,515.8,05-09-2020,W,U-DEC,Cole Smith
Cole Smith,484.54,05-09-2020,L,U-DEC,Hunter Azure
Viviane Araujo,531.76,05-09-2020,W,U-DEC,Montana De La Rosa
Montana De La Rosa,536.23,05-09-2020,L,U-DEC,Viviane Araujo
Brian Kelleher,540.02,05-09-2020,W,SUB,Ray Rodriguez
Ray Rodriguez,481.84,05-09-2020,L,SUB,Brian Kelleher
Andre Muniz,536.72,05-09-2020,W,SUB,Bartosz Fabinski
Bartosz Fabinski,506.41,05-09-2020,L,SUB,Andre Muniz
Michel Pereira,504.6,05-09-2020,W,SUB,Zelim Imadaev
Zelim Imadaev,450.7,05-09-2020,L,SUB,Michel Pereira
Ovince Saint Preux,556.13,05-09-2020,W,KO/TKO,Alonzo Menifield
Alonzo Menifield,499.64,05-09-2020,L,KO/TKO,Ovince Saint Preux
Alistair Overeem,594.21,05-09-2020,W,KO/TKO,Augusto Sakai
Augusto Sakai,548.31,05-09-2020,L,KO/TKO,Alistair Overeem
Sabina Mazo,538.71,12-09-2020,W,SUB,Justine Kish
Justine Kish,490.96,12-09-2020,L,SUB,Sabina Mazo
Bryan Barberena,519.92,12-09-2020,W,U-DEC,Anthony Ivy
Anthony Ivy,469.44,12-09-2020,L,U-DEC,Bryan Barberena
Jalin Turner,522.17,12-09-2020,W,SUB,Brok Weaver
Brok Weaver,476.48,12-09-2020,L,SUB,Jalin Turner
Alexandr Romanov,519.06,12-09-2020,W,SUB,Roque Martinez
Roque Martinez,480.94,12-09-2020,L,SUB,Alexandr Romanov
Roosevelt Roberts,516.52,12-09-2020,L,Overturned,Kevin Croom
Kevin Croom,516.42,12-09-2020,W,Overturned,Roosevelt Roberts
Sijara Eubanks,528.84,12-09-2020,W,U-DEC,Julia Avila
Julia Avila,511.73,12-09-2020,L,U-DEC,Sijara Eubanks
Billy Quarantillo,550.1,12-09-2020,W,KO/TKO,Kyle Nelson
Kyle Nelson,468.97,12-09-2020,L,KO/TKO,Billy Quarantillo
King Green,556.68,12-09-2020,W,U-DEC,Alan Patrick
Alan Patrick,526.79,12-09-2020,L,U-DEC,King Green
Ed Herman,560.95,12-09-2020,W,SUB,Mike Rodriguez
Mike Rodriguez,468.58,12-09-2020,L,SUB,Ed Herman
Roxanne Modafferi,492.71,12-09-2020,W,U-DEC,Andrea Lee
Andrea Lee,495.71,12-09-2020,L,U-DEC,Roxanne Modafferi
Ottman Azaitar,532.77,12-09-2020,W,KO/TKO,Khama Worthy
Khama Worthy,520.24,12-09-2020,L,KO/TKO,Ottman Azaitar
Michelle Waterson-Gomez,537.18,12-09-2020,W,S-DEC,Angela Hill
Angela Hill,477.13,12-09-2020,L,S-DEC,Michelle Waterson-Gomez
Tyson Nam,506.32,19-09-2020,W,KO/TKO,Jerome Rivera
Jerome Rivera,482.99,19-09-2020,L,KO/TKO,Tyson Nam
Andre Ewell,530.67,19-09-2020,W,S-DEC,Irwin Rivera
Irwin Rivera,484.89,19-09-2020,L,S-DEC,Andre Ewell
Randy Costa,511.85,19-09-2020,W,KO/TKO,Journey Newson
Journey Newson,483.86,19-09-2020,L,KO/TKO,Randy Costa
Darrick Minner,501.7,19-09-2020,W,SUB,TJ Laramie
TJ Laramie,479.58,19-09-2020,L,SUB,Darrick Minner
Jessica-Rose Clark,510.79,19-09-2020,W,KO/TKO,Sarah Alpar
Sarah Alpar,484.01,19-09-2020,L,KO/TKO,Jessica-Rose Clark
Mayra Bueno Silva,521.95,19-09-2020,W,SUB,Mara Romero Borella
Mara Romero Borella,449.25,19-09-2020,L,SUB,Mayra Bueno Silva
Damon Jackson,518.75,19-09-2020,W,SUB,Mirsad Bektic
Mirsad Bektic,522.82,19-09-2020,L,SUB,Damon Jackson
David Dvorak,531.78,19-09-2020,W,U-DEC,Jordan Espinosa
Jordan Espinosa,476.84,19-09-2020,L,U-DEC,David Dvorak
Kevin Holland,565.08,19-09-2020,W,S-DEC,Darren Stewart
Darren Stewart,518.12,19-09-2020,L,S-DEC,Kevin Holland
Mackenzie Dern,551.95,19-09-2020,W,SUB,Randa Markos
Randa Markos,468.7,19-09-2020,L,SUB,Mackenzie Dern
Johnny Walker,537.51,19-09-2020,W,KO/TKO,Ryan Spann
Ryan Spann,550.94,19-09-2020,L,KO/TKO,Johnny Walker
Khamzat Chimaev,549.32,19-09-2020,W,KO/TKO,Gerald Meerschaert
Gerald Meerschaert,501.24,19-09-2020,L,KO/TKO,Khamzat Chimaev
Donald Cerrone,581.59,19-09-2020,L,Overturned,Niko Price
Niko Price,564.15,19-09-2020,W,Overturned,Donald Cerrone
Colby Covington,655.34,19-09-2020,W,KO/TKO,Tyron Woodley
Tyron Woodley,594.23,19-09-2020,L,KO/TKO,Colby Covington
Danilo Marques,513.62,26-09-2020,W,U-DEC,Khadis Ibragimov
Khadis Ibragimov,439.16,26-09-2020,L,U-DEC,Danilo Marques
Juan Espino,537.62,26-09-2020,W,SUB,Jeff Hughes
Jeff Hughes,465.92,26-09-2020,L,SUB,Juan Espino
William Knight,516.49,26-09-2020,W,U-DEC,Aleksa Camur
Aleksa Camur,499.95,26-09-2020,L,U-DEC,William Knight
Ludovit Klein,516.47,26-09-2020,W,KO/TKO,Shane Young
Shane Young,499.39,26-09-2020,L,KO/TKO,Ludovit Klein
Jake Matthews,590.3,26-09-2020,W,U-DEC,Diego Sanchez
Diego Sanchez,547.33,26-09-2020,L,U-DEC,Jake Matthews
Brad Riddell,548.34,26-09-2020,W,U-DEC,Alex Da Silva
Alex Da Silva,480.98,26-09-2020,L,U-DEC,Brad Riddell
Hakeem Dawodu,565.63,26-09-2020,W,S-DEC,Zubaira Tukhugov
Zubaira Tukhugov,523.51,26-09-2020,L,S-DEC,Hakeem Dawodu
Ketlen Vieira,564.07,26-09-2020,W,U-DEC,Sijara Eubanks
Sijara Eubanks,514.01,26-09-2020,L,U-DEC,Ketlen Vieira
Brandon Royval,537.96,26-09-2020,W,SUB,Kai Kara-France
Kai Kara-France,521.77,26-09-2020,L,SUB,Brandon Royval
Jan Blachowicz,611.2,26-09-2020,W,KO/TKO,Dominick Reyes
Dominick Reyes,578.01,26-09-2020,L,KO/TKO,Jan Blachowicz
Israel Adesanya,676.66,26-09-2020,W,KO/TKO,Paulo Costa
Paulo Costa,569.69,26-09-2020,L,KO/TKO,Israel Adesanya
Luigi Vendramini,500.14,03-10-2020,W,KO/TKO,Jessin Ayari
Jessin Ayari,468.86,03-10-2020,L,KO/TKO,Luigi Vendramini
Casey Kenney,552.07,03-10-2020,W,U-DEC,Alatengheili
Alatengheili,515.12,03-10-2020,L,U-DEC,Casey Kenney
Loma Lookboonmee,512.57,03-10-2020,W,U-DEC,Jinh Yu Frey
Jinh Yu Frey,466.25,03-10-2020,L,U-DEC,Loma Lookboonmee
Nassourdine Imavov,515.75,03-10-2020,W,U-DEC,Jordan Williams
Jordan Williams,484.25,03-10-2020,L,U-DEC,Nassourdine Imavov
Charles Jourdain,486.29,03-10-2020,L,S-DEC,Josh Culibao
Josh Culibao,483.74,03-10-2020,W,S-DEC,Charles Jourdain
Carlos Condit,504.94,03-10-2020,W,U-DEC,Court McGee
Court McGee,473.63,03-10-2020,L,U-DEC,Carlos Condit
Dusko Todorovic,513.64,03-10-2020,W,KO/TKO,Dequan Townsend
Dequan Townsend,439.5,03-10-2020,L,KO/TKO,Dusko Todorovic
Kyler Phillips,530.86,03-10-2020,W,KO/TKO,Cameron Else
Cameron Else,484.22,03-10-2020,L,KO/TKO,Kyler Phillips
Germaine de Randamie,583.76,03-10-2020,W,SUB,Julianna Pena
Julianna Pena,537.57,03-10-2020,L,SUB,Germaine de Randamie
Carlos Felipe,500.15,03-10-2020,W,U-DEC,Yorgan De Castro
Yorgan De Castro,482.24,03-10-2020,L,U-DEC,Carlos Felipe
Holly Holm,536.72,03-10-2020,W,U-DEC,Irene Aldana
Irene Aldana,524.89,03-10-2020,L,U-DEC,Holly Holm
Tagir Ulanbekov,515.69,10-10-2020,W,U-DEC,Bruno Silva
Bruno Silva,482.91,10-10-2020,L,U-DEC,Tagir Ulanbekov
Tracy Cortez,530.84,10-10-2020,W,U-DEC,Stephanie Egger
Stephanie Egger,484.21,10-10-2020,L,U-DEC,Tracy Cortez
Giga Chikadze,563.43,10-10-2020,W,U-DEC,Omar Morales
Omar Morales,515.09,10-10-2020,L,U-DEC,Giga Chikadze
Tony Kelley,499.97,10-10-2020,W,U-DEC,Ali AlQaisi
Ali AlQaisi,467.82,10-10-2020,L,U-DEC,Tony Kelley
Joaquin Buckley,502.18,10-10-2020,W,KO/TKO,Impa Kasanganay
Impa Kasanganay,497.71,10-10-2020,L,KO/TKO,Joaquin Buckley
Chris Daukaus,532.36,10-10-2020,W,KO/TKO,Rodrigo Nascimento
Rodrigo Nascimento,501.43,10-10-2020,L,KO/TKO,Chris Daukaus
Tom Breese,543.83,10-10-2020,W,KO/TKO,KB Bhullar
KB Bhullar,485.58,10-10-2020,L,KO/TKO,Tom Breese
Ilia Topuria,517.86,10-10-2020,W,U-DEC,Youssef Zalal
Youssef Zalal,528.92,10-10-2020,L,U-DEC,Ilia Topuria
Tom Aspinall,531.51,10-10-2020,W,KO/TKO,Alan Baudot
Alan Baudot,484.25,10-10-2020,L,KO/TKO,Tom Aspinall
Dricus Du Plessis,515.32,10-10-2020,W,KO/TKO,Markus Perez
Markus Perez,475.28,10-10-2020,L,KO/TKO,Dricus Du Plessis
Marcin Tybura,546.92,10-10-2020,W,U-DEC,Ben Rothwell
Ben Rothwell,534.74,10-10-2020,L,U-DEC,Marcin Tybura
Edson Barboza,556.79,10-10-2020,W,U-DEC,Makwan Amirkhani
Makwan Amirkhani,548.25,10-10-2020,L,U-DEC,Edson Barboza
Cory Sandhagen,590.14,10-10-2020,W,KO/TKO,Marlon Moraes
Marlon Moraes,560.75,10-10-2020,L,KO/TKO,Cory Sandhagen
Said Nurmagomedov,531.11,17-10-2020,W,KO/TKO,Mark Striegl
Mark Striegl,484.98,17-10-2020,L,KO/TKO,Said Nurmagomedov
Maxim Grishin,499.89,17-10-2020,W,KO/TKO,Gadzhimurad Antigulov
Gadzhimurad Antigulov,469.46,17-10-2020,L,KO/TKO,Maxim Grishin
Fares Ziam,500.0,17-10-2020,W,U-DEC,Jamie Mullarkey
Jamie Mullarkey,468.5,17-10-2020,L,U-DEC,Fares Ziam
JunYong Park,509.44,17-10-2020,W,U-DEC,John Phillips
John Phillips,433.43,17-10-2020,L,U-DEC,JunYong Park
Gillian Robertson,562.0,17-10-2020,W,U-DEC,Poliana Botelho
Poliana Botelho,511.65,17-10-2020,L,U-DEC,Gillian Robertson
Guram Kutateladze,515.75,17-10-2020,W,S-DEC,Mateusz Gamrot
Mateusz Gamrot,484.25,17-10-2020,L,S-DEC,Guram Kutateladze
Jonathan Martinez,532.72,17-10-2020,W,U-DEC,Thomas Almeida
Thomas Almeida,505.98,17-10-2020,L,U-DEC,Jonathan Martinez
James Krause,591.05,17-10-2020,W,U-DEC,Claudio Silva
Claudio Silva,576.73,17-10-2020,L,U-DEC,James Krause
Jimmy Crute,553.84,17-10-2020,W,KO/TKO,Modestas Bukauskas
Modestas Bukauskas,500.32,17-10-2020,L,KO/TKO,Jimmy Crute
Jessica Andrade,586.11,17-10-2020,W,KO/TKO,Katlyn Cerminara
Katlyn Cerminara,540.86,17-10-2020,L,KO/TKO,Jessica Andrade
Brian Ortega,632.56,17-10-2020,W,U-DEC,Chan Sung Jung
Chan Sung Jung,567.03,17-10-2020,L,U-DEC,Brian Ortega
Joel Alvarez,541.09,24-10-2020,W,SUB,Alexander Yakovlev
Alexander Yakovlev,464.96,24-10-2020,L,SUB,Joel Alvarez
Miranda Maverick,515.85,24-10-2020,W,KO/TKO,Liana Jojua
Liana Jojua,486.43,24-10-2020,L,KO/TKO,Miranda Maverick
Da Woon Jung,532.58,24-10-2020,L,S-DEC,Sam Alvey
Sam Alvey,510.28,24-10-2020,W,S-DEC,Da Woon Jung
Shavkat Rakhmonov,522.83,24-10-2020,W,SUB,Alex Oliveira
Alex Oliveira,539.85,24-10-2020,L,SUB,Shavkat Rakhmonov
Casey Kenney,569.57,24-10-2020,W,U-DEC,Nathaniel Wood
Nathaniel Wood,539.53,24-10-2020,L,U-DEC,Casey Kenney
Tai Tuivasa,516.33,24-10-2020,W,KO/TKO,Stefan Struve
Stefan Struve,517.03,24-10-2020,L,KO/TKO,Tai Tuivasa
Magomed Ankalaev,564.12,24-10-2020,W,KO/TKO,Ion Cutelaba
Ion Cutelaba,483.97,24-10-2020,L,KO/TKO,Magomed Ankalaev
Lauren Murphy,544.75,24-10-2020,W,SUB,Liliya Shakirova
Liliya Shakirova,479.75,24-10-2020,L,SUB,Lauren Murphy
Phil Hawes,515.75,24-10-2020,W,KO/TKO,Jacob Malkoun
Jacob Malkoun,484.25,24-10-2020,L,KO/TKO,Phil Hawes
Alexander Volkov,571.15,24-10-2020,W,KO/TKO,Walt Harris
Walt Harris,505.83,24-10-2020,L,KO/TKO,Alexander Volkov
Robert Whittaker,673.12,24-10-2020,W,U-DEC,Jared Cannonier
Jared Cannonier,536.25,24-10-2020,L,U-DEC,Robert Whittaker
Khabib Nurmagomedov,745.61,24-10-2020,W,SUB,Justin Gaethje
Justin Gaethje,567.7,24-10-2020,L,SUB,Khabib Nurmagomedov
Miles Johns,514.86,31-10-2020,W,KO/TKO,Kevin Natividad
Kevin Natividad,484.21,31-10-2020,L,KO/TKO,Miles Johns
Dustin Jacoby,483.28,31-10-2020,W,KO/TKO,Justin Ledet
Justin Ledet,481.55,31-10-2020,L,KO/TKO,Dustin Jacoby
Jason Witt,503.12,31-10-2020,W,SUB,Cole Williams
Cole Williams,462.92,31-10-2020,L,SUB,Jason Witt
Sean Strickland,572.62,31-10-2020,W,U-DEC,Jack Marshman
Jack Marshman,464.63,31-10-2020,L,U-DEC,Sean Strickland
Adrian Yanez,515.75,31-10-2020,W,KO/TKO,Victor Rodriguez
Victor Rodriguez,484.25,31-10-2020,L,KO/TKO,Adrian Yanez
Alexander Hernandez,545.24,31-10-2020,W,KO/TKO,Chris Gruetzemacher
Chris Gruetzemacher,482.65,31-10-2020,L,KO/TKO,Alexander Hernandez
Thiago Moises,524.9,31-10-2020,W,U-DEC,King Green
King Green,537.79,31-10-2020,L,U-DEC,Thiago Moises
Kevin Holland,583.12,31-10-2020,W,SUB,Charlie Ontiveros
Charlie Ontiveros,481.96,31-10-2020,L,SUB,Kevin Holland
Greg Hardy,521.05,31-10-2020,W,KO/TKO,Maurice Greene
Maurice Greene,511.51,31-10-2020,L,KO/TKO,Greg Hardy
Bryce Mitchell,584.88,31-10-2020,W,U-DEC,Andre Fili
Andre Fili,523.38,31-10-2020,L,U-DEC,Bryce Mitchell
Uriah Hall,550.76,31-10-2020,W,KO/TKO,Anderson Silva
Anderson Silva,590.22,31-10-2020,L,KO/TKO,Uriah Hall
Gustavo Lopez,503.12,07-11-2020,W,SUB,Anthony Birchak
Anthony Birchak,476.22,07-11-2020,L,SUB,Gustavo Lopez
Max Griffin,480.53,07-11-2020,W,KO/TKO,Ramiz Brahimaj
Ramiz Brahimaj,482.58,07-11-2020,L,KO/TKO,Max Griffin
Darren Elkins,577.59,07-11-2020,W,SUB,Eduardo Garagorri
Eduardo Garagorri,481.32,07-11-2020,L,SUB,Darren Elkins
Alexandr Romanov,539.34,07-11-2020,W,SUB,Marcos Rogerio de Lima
Marcos Rogerio de Lima,498.45,07-11-2020,L,SUB,Alexandr Romanov
Trevin Giles,530.15,07-11-2020,W,KO/TKO,Bevon Lewis
Bevon Lewis,469.54,07-11-2020,L,KO/TKO,Trevin Giles
Yan Xiaonan,592.72,07-11-2020,W,U-DEC,Claudia Gadelha
Claudia Gadelha,530.83,07-11-2020,L,U-DEC,Yan Xiaonan
Giga Chikadze,578.79,07-11-2020,W,KO/TKO,Jamey Simmons
Jamey Simmons,484.64,07-11-2020,L,KO/TKO,Giga Chikadze
Raoni Barcelos,581.35,07-11-2020,W,U-DEC,Khalid Taha
Khalid Taha,471.24,07-11-2020,L,U-DEC,Raoni Barcelos
Andrei Arlovski,543.95,07-11-2020,W,U-DEC,Tanner Boser
Tanner Boser,512.99,07-11-2020,L,U-DEC,Andrei Arlovski
Glover Teixeira,667.73,07-11-2020,W,SUB,Thiago Santos
Thiago Santos,585.6,07-11-2020,L,SUB,Glover Teixeira
Don'Tale Mayes,479.96,14-11-2020,W,U-DEC,Roque Martinez
Roque Martinez,464.4,14-11-2020,L,U-DEC,Don'Tale Mayes
Alex Morono,542.84,14-11-2020,W,U-DEC,Rhys McKee
Rhys McKee,470.58,14-11-2020,L,U-DEC,Alex Morono
Tony Gravely,498.86,14-11-2020,W,S-DEC,Geraldo de Freitas
Geraldo de Freitas,481.91,14-11-2020,L,S-DEC,Tony Gravely
Kanako Murata,514.33,14-11-2020,W,U-DEC,Randa Markos
Randa Markos,454.37,14-11-2020,L,U-DEC,Kanako Murata
Cory McKenna,516.6,14-11-2020,W,U-DEC,Kay Hansen
Kay Hansen,502.14,14-11-2020,L,U-DEC,Cory McKenna
Sean Strickland,588.96,14-11-2020,W,KO/TKO,Brendan Allen
Brendan Allen,537.95,14-11-2020,L,KO/TKO,Sean Strickland
Ashley Yoder,474.96,14-11-2020,W,U-DEC,Miranda Granger
Miranda Granger,477.17,14-11-2020,L,U-DEC,Ashley Yoder
Khaos Williams,534.93,14-11-2020,W,KO/TKO,Abdul Razak Alhassan
Abdul Razak Alhassan,512.7,14-11-2020,L,KO/TKO,Khaos Williams
Rafael Dos Anjos,615.37,14-11-2020,W,S-DEC,Paul Felder
Paul Felder,557.69,14-11-2020,L,S-DEC,Rafael Dos Anjos
Sasha Palatnikov,515.75,21-11-2020,W,KO/TKO,Louis Cosce
Louis Cosce,484.25,21-11-2020,L,KO/TKO,Sasha Palatnikov
Kyle Daukaus,501.12,21-11-2020,W,U-DEC,Dustin Stoltzfus
Dustin Stoltzfus,483.56,21-11-2020,L,U-DEC,Kyle Daukaus
Alan Jouban,538.19,21-11-2020,W,U-DEC,Jared Gooden
Jared Gooden,485.31,21-11-2020,L,U-DEC,Alan Jouban
Nicolas Dalby,504.84,21-11-2020,W,U-DEC,Daniel Rodriguez
Daniel Rodriguez,533.99,21-11-2020,L,U-DEC,Nicolas Dalby
Antonina Shevchenko,518.23,21-11-2020,W,KO/TKO,Ariane da Silva
Ariane da Silva,491.3,21-11-2020,L,KO/TKO,Antonina Shevchenko
Joaquin Buckley,519.29,21-11-2020,W,KO/TKO,Jordan Wright
Jordan Wright,497.84,21-11-2020,L,KO/TKO,Joaquin Buckley
Brandon Moreno,573.84,21-11-2020,W,KO/TKO,Brandon Royval
Brandon Royval,521.68,21-11-2020,L,KO/TKO,Brandon Moreno
Paul Craig,548.55,21-11-2020,W,KO/TKO,Mauricio Rua
Mauricio Rua,535.99,21-11-2020,L,KO/TKO,Paul Craig
Katlyn Cerminara,558.42,21-11-2020,W,U-DEC,Cynthia Calvillo
Cynthia Calvillo,563.39,21-11-2020,L,U-DEC,Katlyn Cerminara
Tim Means,560.9,21-11-2020,W,U-DEC,Mike Perry
Mike Perry,507.48,21-11-2020,L,U-DEC,Tim Means
Valentina Shevchenko,622.32,21-11-2020,W,U-DEC,Jennifer Maia
Jennifer Maia,508.2,21-11-2020,L,U-DEC,Valentina Shevchenko
Deiveson Figueiredo,648.86,21-11-2020,W,SUB,Alex Perez
Alex Perez,565.58,21-11-2020,L,SUB,Deiveson Figueiredo
Nate Maness,534.96,28-11-2020,W,SUB,Luke Sanders
Luke Sanders,483.47,28-11-2020,L,SUB,Nate Maness
Sumudaerji,511.82,28-11-2020,W,KO/TKO,Malcolm Gordon
Malcolm Gordon,464.86,28-11-2020,L,KO/TKO,Sumudaerji
Gina Mazany,468.5,28-11-2020,W,KO/TKO,Rachael Ostovich
Rachael Ostovich,463.92,28-11-2020,L,KO/TKO,Gina Mazany
Anderson Dos Santos,488.42,28-11-2020,W,SUB,Martin Day
Martin Day,448.13,28-11-2020,L,SUB,Anderson Dos Santos
Jonathan Pearce,501.93,28-11-2020,W,KO/TKO,Kai Kamaka
Kai Kamaka,498.6,28-11-2020,L,KO/TKO,Jonathan Pearce
Norma Dumont,499.12,28-11-2020,W,U-DEC,Ashlee Evans-Smith
Ashlee Evans-Smith,463.36,28-11-2020,L,U-DEC,Norma Dumont
Bill Algeo,503.44,28-11-2020,W,U-DEC,Spike Carlyle
Spike Carlyle,483.1,28-11-2020,L,U-DEC,Bill Algeo
Parker Porter,500.71,28-11-2020,W,U-DEC,Josh Parisian
Josh Parisian,483.54,28-11-2020,L,U-DEC,Parker Porter
Miguel Baeza,553.43,28-11-2020,W,SUB,Takashi Sato
Takashi Sato,494.77,28-11-2020,L,SUB,Miguel Baeza
Anthony Smith,566.42,28-11-2020,W,SUB,Devin Clark
Devin Clark,506.67,28-11-2020,L,SUB,Anthony Smith
Jake Collier,499.58,05-12-2020,W,U-DEC,Gian Villante
Gian Villante,456.14,05-12-2020,L,U-DEC,Jake Collier
Ilia Topuria,534.4,05-12-2020,W,KO/TKO,Damon Jackson
Damon Jackson,502.21,05-12-2020,L,KO/TKO,Ilia Topuria
Louis Smolka,506.76,05-12-2020,W,KO/TKO,Jose Quinonez
Jose Quinonez,510.13,05-12-2020,L,KO/TKO,Louis Smolka
Jordan Leavitt,517.56,05-12-2020,W,KO/TKO,Matt Wiman
Matt Wiman,522.64,05-12-2020,L,KO/TKO,Jordan Leavitt
Roman Dolidze,530.79,05-12-2020,W,S-DEC,John Allan
John Allan,498.46,05-12-2020,L,S-DEC,Roman Dolidze
Gabriel Benitez,529.18,05-12-2020,W,KO/TKO,Justin Jaynes
Justin Jaynes,480.06,05-12-2020,L,KO/TKO,Gabriel Benitez
Jamahal Hill,517.87,05-12-2020,W,KO/TKO,Ovince Saint Preux
Ovince Saint Preux,536.93,05-12-2020,L,KO/TKO,Jamahal Hill
Marvin Vettori,577.71,05-12-2020,W,U-DEC,Jack Hermansson
Jack Hermansson,571.38,05-12-2020,L,U-DEC,Marvin Vettori
Chase Hooper,514.76,12-12-2020,W,SUB,Peter Barrett
Peter Barrett,466.22,12-12-2020,L,SUB,Chase Hooper
Tecia Pennington,542.14,12-12-2020,W,KO/TKO,Sam Hughes
Sam Hughes,484.78,12-12-2020,L,KO/TKO,Tecia Pennington
Gavin Tucker,553.16,12-12-2020,W,U-DEC,Billy Quarantillo
Billy Quarantillo,532.11,12-12-2020,L,U-DEC,Gavin Tucker
Rafael Fiziev,537.2,12-12-2020,W,KO/TKO,Renato Moicano
Renato Moicano,536.64,12-12-2020,L,KO/TKO,Rafael Fiziev
Cub Swanson,562.66,12-12-2020,W,KO/TKO,Daniel Pineda
Daniel Pineda,491.16,12-12-2020,L,KO/TKO,Cub Swanson
Ciryl Gane,574.39,12-12-2020,W,KO/TKO,Junior Dos Santos
Junior Dos Santos,579.61,12-12-2020,L,KO/TKO,Ciryl Gane
Kevin Holland,601.32,12-12-2020,W,KO/TKO,Jacare Souza
Jacare Souza,554.76,12-12-2020,L,KO/TKO,Kevin Holland
Mackenzie Dern,567.93,12-12-2020,W,U-DEC,Virna Jandiroba
Virna Jandiroba,510.33,12-12-2020,L,U-DEC,Mackenzie Dern
Charles Oliveira,700.37,12-12-2020,W,U-DEC,Tony Ferguson
Tony Ferguson,696.62,12-12-2020,L,U-DEC,Charles Oliveira
Deiveson Figueiredo,645.67,12-12-2020,L,M-DEC,Brandon Moreno
Brandon Moreno,577.03,12-12-2020,W,M-DEC,Deiveson Figueiredo
Christos Giagos,503.59,19-12-2020,W,U-DEC,Carlton Minus
Carlton Minus,468.67,19-12-2020,L,U-DEC,Christos Giagos
Jimmy Flick,519.45,19-12-2020,W,SUB,Cody Durden
Cody Durden,481.87,19-12-2020,L,SUB,Jimmy Flick
Tafon Nchukwi,515.75,19-12-2020,W,U-DEC,Jamie Pickett
Jamie Pickett,484.25,19-12-2020,L,U-DEC,Tafon Nchukwi
Taila Santos,521.46,19-12-2020,W,U-DEC,Gillian Robertson
Gillian Robertson,542.68,19-12-2020,L,U-DEC,Taila Santos
Deron Winn,495.4,19-12-2020,W,U-DEC,Antonio Arroyo
Antonio Arroyo,468.28,19-12-2020,L,U-DEC,Deron Winn
Pannie Kianzad,519.29,19-12-2020,W,U-DEC,Sijara Eubanks
Sijara Eubanks,496.14,19-12-2020,L,U-DEC,Pannie Kianzad
Anthony Pettis,572.89,19-12-2020,W,U-DEC,Alex Morono
Alex Morono,527.01,19-12-2020,L,U-DEC,Anthony Pettis
Marcin Tybura,563.58,19-12-2020,W,KO/TKO,Greg Hardy
Greg Hardy,504.39,19-12-2020,L,KO/TKO,Marcin Tybura
Rob Font,579.44,19-12-2020,W,KO/TKO,Marlon Moraes
Marlon Moraes,543.58,19-12-2020,L,KO/TKO,Rob Font
Michel Pereira,522.54,19-12-2020,W,U-DEC,Khaos Williams
Khaos Williams,516.99,19-12-2020,L,U-DEC,Michel Pereira
Jose Aldo,579.8,19-12-2020,W,U-DEC,Marlon Vera
Marlon Vera,570.5,19-12-2020,L,U-DEC,Jose Aldo
Stephen Thompson,612.68,19-12-2020,W,U-DEC,Geoff Neal
Geoff Neal,569.7,19-12-2020,L,U-DEC,Stephen Thompson
Austin Lingo,499.85,16-01-2021,W,U-DEC,Jacob Kilburn
Jacob Kilburn,465.34,16-01-2021,L,U-DEC,Austin Lingo
Vanessa Melo,471.76,16-01-2021,W,U-DEC,Sarah Moras
Sarah Moras,455.03,16-01-2021,L,U-DEC,Vanessa Melo
Ramazan Emeev,565.28,16-01-2021,W,S-DEC,David Zawada
David Zawada,478.84,16-01-2021,L,S-DEC,Ramazan Emeev
Carlos Felipe,516.64,16-01-2021,W,S-DEC,Justin Tafa
Justin Tafa,483.4,16-01-2021,L,S-DEC,Carlos Felipe
Joselyne Edwards,515.23,16-01-2021,W,U-DEC,Wu Yanan
Wu Yanan,473.36,16-01-2021,L,U-DEC,Joselyne Edwards
Punahele Soriano,531.78,16-01-2021,W,KO/TKO,Dusko Todorovic
Dusko Todorovic,497.22,16-01-2021,L,KO/TKO,Punahele Soriano
Alessio Di Chirico,486.23,16-01-2021,W,KO/TKO,Joaquin Buckley
Joaquin Buckley,501.24,16-01-2021,L,KO/TKO,Alessio Di Chirico
Li Jingliang,588.98,16-01-2021,W,KO/TKO,Santiago Ponzinibbio
Santiago Ponzinibbio,609.26,16-01-2021,L,KO/TKO,Li Jingliang
Carlos Condit,523.83,16-01-2021,W,U-DEC,Matt Brown
Matt Brown,536.68,16-01-2021,L,U-DEC,Carlos Condit
Max Holloway,680.93,16-01-2021,W,U-DEC,Calvin Kattar
Calvin Kattar,557.25,16-01-2021,L,U-DEC,Max Holloway
Manon Fiorot,515.75,20-01-2021,W,KO/TKO,Victoria Leonardo
Victoria Leonardo,484.25,20-01-2021,L,KO/TKO,Manon Fiorot
Umar Nurmagomedov,519.06,20-01-2021,W,SUB,Sergey Morozov
Sergey Morozov,480.94,20-01-2021,L,SUB,Umar Nurmagomedov
Mike Davis,515.84,20-01-2021,W,U-DEC,Mason Jones
Mason Jones,483.47,20-01-2021,L,U-DEC,Mike Davis
Francisco Figueiredo,514.98,20-01-2021,W,U-DEC,Jerome Rivera
Jerome Rivera,468.01,20-01-2021,L,U-DEC,Francisco Figueiredo
Dalcha Lungiambula,513.08,20-01-2021,W,U-DEC,Markus Perez
Markus Perez,460.58,20-01-2021,L,U-DEC,Dalcha Lungiambula
Sumudaerji,527.64,20-01-2021,W,U-DEC,Zarrukh Adashev
Zarrukh Adashev,467.18,20-01-2021,L,U-DEC,Sumudaerji
Ricky Simon,557.18,20-01-2021,W,SUB,Gaetano Pirrello
Gaetano Pirrello,482.29,20-01-2021,L,SUB,Ricky Simon
Omari Akhmedov,583.4,20-01-2021,W,SUB,Tom Breese
Tom Breese,525.96,20-01-2021,L,SUB,Omari Akhmedov
Lerone Murphy,536.06,20-01-2021,W,U-DEC,Douglas Silva de Andrade
Douglas Silva de Andrade,498.4,20-01-2021,L,U-DEC,Lerone Murphy
Matt Schnell,546.9,20-01-2021,W,S-DEC,Tyson Nam
Tyson Nam,491.75,20-01-2021,L,S-DEC,Matt Schnell
Viviane Araujo,546.41,20-01-2021,W,U-DEC,Roxanne Modafferi
Roxanne Modafferi,478.06,20-01-2021,L,U-DEC,Viviane Araujo
Ike Villanueva,482.27,20-01-2021,W,KO/TKO,Vinicius Moreira
Vinicius Moreira,435.51,20-01-2021,L,KO/TKO,Ike Villanueva
Warlley Alves,559.18,20-01-2021,W,KO/TKO,Mounir Lazzez
Mounir Lazzez,503.36,20-01-2021,L,KO/TKO,Warlley Alves
Michael Chiesa,624.81,20-01-2021,W,U-DEC,Neil Magny
Neil Magny,627.17,20-01-2021,L,U-DEC,Michael Chiesa
Amir Albazi,534.14,23-01-2021,W,U-DEC,Zhalgas Zhumagulov
Zhalgas Zhumagulov,468.05,23-01-2021,L,U-DEC,Amir Albazi
Movsar Evloev,568.66,23-01-2021,W,S-DEC,Nik Lentz
Nik Lentz,533.14,23-01-2021,L,S-DEC,Movsar Evloev
Marcin Prachnio,472.17,23-01-2021,W,U-DEC,Khalil Rountree Jr.
Khalil Rountree Jr.,471.08,23-01-2021,L,U-DEC,Marcin Prachnio
Julianna Pena,555.01,23-01-2021,W,SUB,Sara McMann
Sara McMann,496.01,23-01-2021,L,SUB,Julianna Pena
Brad Tavares,586.39,23-01-2021,W,U-DEC,Antonio Carlos Junior
Antonio Carlos Junior,530.73,23-01-2021,L,U-DEC,Brad Tavares
Arman Tsarukyan,539.89,23-01-2021,W,U-DEC,Matt Frevola
Matt Frevola,502.81,23-01-2021,L,U-DEC,Arman Tsarukyan
Marina Rodriguez,533.7,23-01-2021,W,KO/TKO,Amanda Ribas
Amanda Ribas,554.74,23-01-2021,L,KO/TKO,Marina Rodriguez
Makhmud Muradov,547.94,23-01-2021,W,KO/TKO,Andrew Sanchez
Andrew Sanchez,510.25,23-01-2021,L,KO/TKO,Makhmud Muradov
Joanne Wood,522.55,23-01-2021,W,U-DEC,Jessica Eye
Jessica Eye,481.36,23-01-2021,L,U-DEC,Joanne Wood
Michael Chandler,519.93,23-01-2021,W,KO/TKO,Dan Hooker
Dan Hooker,574.58,23-01-2021,L,KO/TKO,Michael Chandler
Dustin Poirier,694.26,23-01-2021,W,KO/TKO,Conor McGregor
Conor McGregor,616.44,23-01-2021,L,KO/TKO,Dustin Poirier
Ode Osbourne,495.92,06-02-2021,W,KO/TKO,Jerome Rivera
Jerome Rivera,452.84,06-02-2021,L,KO/TKO,Ode Osbourne
Timur Valiev,499.08,06-02-2021,W,U-DEC,Martin Day
Martin Day,434.05,06-02-2021,L,U-DEC,Timur Valiev
SeungWoo Choi,501.48,06-02-2021,W,U-DEC,Youssef Zalal
Youssef Zalal,510.24,06-02-2021,L,U-DEC,SeungWoo Choi
Lara Procopio,501.24,06-02-2021,W,U-DEC,Molly McCann
Molly McCann,494.67,06-02-2021,L,U-DEC,Lara Procopio
Karol Rosa,546.58,06-02-2021,W,U-DEC,Joselyne Edwards
Joselyne Edwards,498.72,06-02-2021,L,U-DEC,Karol Rosa
Devonte Smith,529.21,06-02-2021,W,KO/TKO,Justin Jaynes
Justin Jaynes,465.89,06-02-2021,L,KO/TKO,Devonte Smith
Danilo Marques,531.01,06-02-2021,W,SUB,Mike Rodriguez
Mike Rodriguez,451.19,06-02-2021,L,SUB,Danilo Marques
Beneil Dariush,663.22,06-02-2021,W,S-DEC,Diego Ferreira
Diego Ferreira,598.45,06-02-2021,L,S-DEC,Beneil Dariush
Alexandre Pantoja,562.48,06-02-2021,W,U-DEC,Manel Kape
Manel Kape,486.45,06-02-2021,L,U-DEC,Alexandre Pantoja
Clay Guida,523.51,06-02-2021,W,U-DEC,Michael Johnson
Michael Johnson,470.61,06-02-2021,L,U-DEC,Clay Guida
Cory Sandhagen,608.82,06-02-2021,W,KO/TKO,Frankie Edgar
Frankie Edgar,617.74,06-02-2021,L,KO/TKO,Cory Sandhagen
Alexander Volkov,588.74,06-02-2021,W,KO/TKO,Alistair Overeem
Alistair Overeem,576.62,06-02-2021,L,KO/TKO,Alexander Volkov
Gabe Green,500.99,13-02-2021,W,U-DEC,Phil Rowe
Phil Rowe,483.55,13-02-2021,L,U-DEC,Gabe Green
Chris Gutierrez,547.39,13-02-2021,W,U-DEC,Andre Ewell
Andre Ewell,512.6,13-02-2021,L,U-DEC,Chris Gutierrez
Polyana Viana,506.6,13-02-2021,W,SUB,Mallory Martin
Mallory Martin,477.02,13-02-2021,L,SUB,Polyana Viana
Belal Muhammad,598.39,13-02-2021,W,U-DEC,Dhiego Lima
Dhiego Lima,485.52,13-02-2021,L,U-DEC,Belal Muhammad
Anthony Hernandez,507.4,13-02-2021,W,SUB,Rodolfo Vieira
Rodolfo Vieira,515.98,13-02-2021,L,SUB,Anthony Hernandez
Julian Marquez,517.15,13-02-2021,W,SUB,Maki Pitolo
Maki Pitolo,447.43,13-02-2021,L,SUB,Julian Marquez
Ricky Simon,573.58,13-02-2021,W,U-DEC,Brian Kelleher
Brian Kelleher,523.62,13-02-2021,L,U-DEC,Ricky Simon
Kelvin Gastelum,587.09,13-02-2021,W,U-DEC,Ian Heinisch
Ian Heinisch,511.06,13-02-2021,L,U-DEC,Kelvin Gastelum
Alexa Grasso,529.73,13-02-2021,W,U-DEC,Maycee Barber
Maycee Barber,514.44,13-02-2021,L,U-DEC,Alexa Grasso
Kamaru Usman,743.52,13-02-2021,W,KO/TKO,Gilbert Burns
Gilbert Burns,633.75,13-02-2021,L,KO/TKO,Kamaru Usman
Serghei Spivac,520.92,20-02-2021,W,KO/TKO,Jared Vanderaa
Jared Vanderaa,483.72,20-02-2021,L,KO/TKO,Serghei Spivac
Aiemann Zahabi,499.2,20-02-2021,W,KO/TKO,Drako Rodriguez
Drako Rodriguez,483.47,20-02-2021,L,KO/TKO,Aiemann Zahabi
Casey O'Neill,515.02,20-02-2021,W,KO/TKO,Shana Dobson
Shana Dobson,468.81,20-02-2021,L,KO/TKO,Casey O'Neill
Julian Erosa,494.6,20-02-2021,W,KO/TKO,Nate Landwehr
Nate Landwehr,486.53,20-02-2021,L,KO/TKO,Julian Erosa
John Castaneda,501.92,20-02-2021,W,KO/TKO,Eddie Wineland
Eddie Wineland,469.78,20-02-2021,L,KO/TKO,John Castaneda
Jared Gordon,532.56,20-02-2021,W,U-DEC,Danny Chavez
Danny Chavez,498.37,20-02-2021,L,U-DEC,Jared Gordon
Tom Aspinall,553.13,20-02-2021,W,SUB,Andrei Arlovski
Andrei Arlovski,522.33,20-02-2021,L,SUB,Tom Aspinall
Phil Hawes,532.25,20-02-2021,W,M-DEC,Nassourdine Imavov
Nassourdine Imavov,499.25,20-02-2021,L,M-DEC,Phil Hawes
Chris Daukaus,551.05,20-02-2021,W,KO/TKO,Aleksei Oleinik
Aleksei Oleinik,542.74,20-02-2021,L,KO/TKO,Chris Daukaus
Darrick Minner,518.62,20-02-2021,W,U-DEC,Charles Rosa
Charles Rosa,493.73,20-02-2021,L,U-DEC,Darrick Minner
Yana Santos,537.46,20-02-2021,W,U-DEC,Ketlen Vieira
Ketlen Vieira,545.43,20-02-2021,L,U-DEC,Yana Santos
Derrick Lewis,655.04,20-02-2021,W,KO/TKO,Curtis Blaydes
Curtis Blaydes,618.39,20-02-2021,L,KO/TKO,Derrick Lewis
Dustin Jacoby,500.57,27-02-2021,W,U-DEC,Maxim Grishin
Maxim Grishin,482.6,27-02-2021,L,U-DEC,Dustin Jacoby
Ronnie Lawrence,515.0,27-02-2021,W,KO/TKO,Vince Cachero
Vince Cachero,468.53,27-02-2021,L,KO/TKO,Ronnie Lawrence
Alexis Davis,518.18,27-02-2021,W,U-DEC,Sabina Mazo
Sabina Mazo,521.24,27-02-2021,L,U-DEC,Alexis Davis
Thiago Moises,543.16,27-02-2021,W,U-DEC,Alexander Hernandez
Alexander Hernandez,526.98,27-02-2021,L,U-DEC,Thiago Moises
Alex Caceres,547.64,27-02-2021,W,U-DEC,Kevin Croom
Kevin Croom,499.14,27-02-2021,L,U-DEC,Alex Caceres
Pedro Munhoz,573.62,27-02-2021,W,U-DEC,Jimmie Rivera
Jimmie Rivera,547.31,27-02-2021,L,U-DEC,Pedro Munhoz
Montana De La Rosa,535.61,27-02-2021,L,M-DEC,Mayra Bueno Silva
Mayra Bueno Silva,522.57,27-02-2021,W,M-DEC,Montana De La Rosa
Magomed Ankalaev,583.09,27-02-2021,W,U-DEC,Nikita Krylov
Nikita Krylov,535.71,27-02-2021,L,U-DEC,Magomed Ankalaev
Ciryl Gane,593.0,27-02-2021,W,U-DEC,Jairzinho Rozenstruik
Jairzinho Rozenstruik,553.13,27-02-2021,L,U-DEC,Ciryl Gane
Trevin Jones,530.71,06-03-2021,W,KO/TKO,Mario Bautista
Mario Bautista,498.45,06-03-2021,L,KO/TKO,Trevin Jones
Uros Medic,515.04,06-03-2021,W,KO/TKO,Aalon Cruz
Aalon Cruz,469.21,06-03-2021,L,KO/TKO,Uros Medic
Amanda Lemos,539.37,06-03-2021,W,KO/TKO,Livinha Souza
Livinha Souza,512.01,06-03-2021,L,KO/TKO,Amanda Lemos
Sean Brady,576.32,06-03-2021,W,SUB,Jake Matthews
Jake Matthews,566.56,06-03-2021,L,SUB,Sean Brady
Kennedy Nzechukwu,513.76,06-03-2021,W,KO/TKO,Carlos Ulberg
Carlos Ulberg,483.36,06-03-2021,L,KO/TKO,Kennedy Nzechukwu
Tim Elliott,471.29,06-03-2021,W,U-DEC,Jordan Espinosa
Jordan Espinosa,459.24,06-03-2021,L,U-DEC,Tim Elliott
Kai Kara-France,537.2,06-03-2021,W,KO/TKO,Rogerio Bontorin
Rogerio Bontorin,499.19,06-03-2021,L,KO/TKO,Kai Kara-France
Askar Askarov,555.55,06-03-2021,W,U-DEC,Joseph Benavidez
Joseph Benavidez,597.56,06-03-2021,L,U-DEC,Askar Askarov
Kyler Phillips,550.97,06-03-2021,W,U-DEC,Song Yadong
Song Yadong,568.82,06-03-2021,L,U-DEC,Kyler Phillips
Dominick Cruz,573.85,06-03-2021,W,S-DEC,Casey Kenney
Casey Kenney,553.28,06-03-2021,L,S-DEC,Dominick Cruz
Aleksandar Rakic,582.16,06-03-2021,W,U-DEC,Thiago Santos
Thiago Santos,568.11,06-03-2021,L,U-DEC,Aleksandar Rakic
Islam Makhachev,633.87,06-03-2021,W,SUB,Drew Dober
Drew Dober,552.16,06-03-2021,L,SUB,Islam Makhachev
Aljamain Sterling,663.04,06-03-2021,W,DQ,Petr Yan
Petr Yan,604.69,06-03-2021,L,DQ,Aljamain Sterling
Amanda Nunes,712.13,06-03-2021,W,SUB,Megan Anderson
Megan Anderson,503.56,06-03-2021,L,SUB,Amanda Nunes
Jan Blachowicz,633.44,06-03-2021,W,U-DEC,Israel Adesanya
Israel Adesanya,654.42,06-03-2021,L,U-DEC,Jan Blachowicz
Matthew Semelsberger,531.65,13-03-2021,W,KO/TKO,Jason Witt
Jason Witt,487.22,13-03-2021,L,KO/TKO,Matthew Semelsberger
Jinh Yu Frey,483.53,13-03-2021,W,U-DEC,Gloria de Paula
Gloria de Paula,482.72,13-03-2021,L,U-DEC,Jinh Yu Frey
JJ Aldrich,528.15,13-03-2021,W,S-DEC,Cortney Casey
Cortney Casey,466.14,13-03-2021,L,S-DEC,JJ Aldrich
Nasrat Haqparast,546.34,13-03-2021,W,U-DEC,Rafa Garcia
Rafa Garcia,484.98,13-03-2021,L,U-DEC,Nasrat Haqparast
Rani Yahya,596.03,13-03-2021,W,SUB,Ray Rodriguez
Ray Rodriguez,468.15,13-03-2021,L,SUB,Rani Yahya
Charles Jourdain,502.66,13-03-2021,W,KO/TKO,Marcelo Rojo
Marcelo Rojo,483.63,13-03-2021,L,KO/TKO,Charles Jourdain
Angela Hill,492.78,13-03-2021,W,U-DEC,Ashley Yoder
Ashley Yoder,459.31,13-03-2021,L,U-DEC,Angela Hill
Eryk Anders,491.18,13-03-2021,L,CNC,Darren Stewart
Darren Stewart,532.58,13-03-2021,W,CNC,Eryk Anders
Matheus Nicolau,547.48,13-03-2021,W,S-DEC,Manel Kape
Manel Kape,472.84,13-03-2021,L,S-DEC,Matheus Nicolau
Davey Grant,513.17,13-03-2021,W,KO/TKO,Jonathan Martinez
Jonathan Martinez,513.56,13-03-2021,L,KO/TKO,Davey Grant
Dan Ige,589.85,13-03-2021,W,KO/TKO,Gavin Tucker
Gavin Tucker,538.4,13-03-2021,L,KO/TKO,Dan Ige
Ryan Spann,567.19,13-03-2021,W,KO/TKO,Misha Cirkunov
Misha Cirkunov,545.8,13-03-2021,L,KO/TKO,Ryan Spann
Leon Edwards,635.44,13-03-2021,L,CNC,Belal Muhammad
Belal Muhammad,615.72,13-03-2021,W,CNC,Leon Edwards
Bruno Silva,499.43,20-03-2021,W,KO/TKO,JP Buys
JP Buys,483.48,20-03-2021,L,KO/TKO,Bruno Silva
Montel Jackson,536.09,20-03-2021,W,KO/TKO,Jesse Strader
Jesse Strader,485.21,20-03-2021,L,KO/TKO,Montel Jackson
Trevin Giles,547.43,20-03-2021,W,U-DEC,Roman Dolidze
Roman Dolidze,513.51,20-03-2021,L,U-DEC,Trevin Giles
Grant Dawson,591.99,20-03-2021,W,KO/TKO,Leonardo Santos
Leonardo Santos,598.27,20-03-2021,L,KO/TKO,Grant Dawson
Macy Chiasson,558.62,20-03-2021,W,U-DEC,Marion Reneau
Marion Reneau,486.69,20-03-2021,L,U-DEC,Macy Chiasson
Tai Tuivasa,532.06,20-03-2021,W,KO/TKO,Harry Hunsucker
Harry Hunsucker,484.27,20-03-2021,L,KO/TKO,Tai Tuivasa
Adrian Yanez,531.65,20-03-2021,W,KO/TKO,Gustavo Lopez
Gustavo Lopez,487.22,20-03-2021,L,KO/TKO,Adrian Yanez
Montserrat Conejo Ruiz,515.75,20-03-2021,W,U-DEC,Cheyanne Vlismas
Cheyanne Vlismas,484.25,20-03-2021,L,U-DEC,Montserrat Conejo Ruiz
Max Griffin,499.95,20-03-2021,W,KO/TKO,Song Kenan
Song Kenan,523.34,20-03-2021,L,KO/TKO,Max Griffin
Derek Brunson,628.12,20-03-2021,W,U-DEC,Kevin Holland
Kevin Holland,583.8,20-03-2021,L,U-DEC,Derek Brunson
Marc-Andre Barriault,460.0,27-03-2021,W,KO/TKO,Abu Azaitar
Abu Azaitar,496.71,27-03-2021,L,KO/TKO,Marc-Andre Barriault
Omar Morales,530.13,27-03-2021,W,U-DEC,Shane Young
Shane Young,484.35,27-03-2021,L,U-DEC,Omar Morales
Michal Oleksiejczuk,522.52,27-03-2021,W,S-DEC,Modestas Bukauskas
Modestas Bukauskas,484.88,27-03-2021,L,S-DEC,Michal Oleksiejczuk
Abubakar Nurmagomedov,495.08,27-03-2021,W,U-DEC,Jared Gooden
Jared Gooden,469.28,27-03-2021,L,U-DEC,Abubakar Nurmagomedov
Alonzo Menifield,519.03,27-03-2021,W,SUB,Fabio Cherant
Fabio Cherant,480.61,27-03-2021,L,SUB,Alonzo Menifield
Jamie Mullarkey,486.58,27-03-2021,W,KO/TKO,Khama Worthy
Khama Worthy,502.16,27-03-2021,L,KO/TKO,Jamie Mullarkey
Miranda Maverick,533.62,27-03-2021,W,U-DEC,Gillian Robertson
Gillian Robertson,524.91,27-03-2021,L,U-DEC,Miranda Maverick
Sean O'Malley,562.2,27-03-2021,W,KO/TKO,Thomas Almeida
Thomas Almeida,492.14,27-03-2021,L,KO/TKO,Sean O'Malley
Vicente Luque,658.37,27-03-2021,W,SUB,Tyron Woodley
Tyron Woodley,575.79,27-03-2021,L,SUB,Vicente Luque
Francis Ngannou,664.74,27-03-2021,W,KO/TKO,Stipe Miocic
Stipe Miocic,664.43,27-03-2021,L,KO/TKO,Francis Ngannou
Impa Kasanganay,517.76,10-04-2021,W,SUB,Sasha Palatnikov
Sasha Palatnikov,495.7,10-04-2021,L,SUB,Impa Kasanganay
Da Woon Jung,549.03,10-04-2021,W,U-DEC,William Knight
William Knight,500.04,10-04-2021,L,U-DEC,Da Woon Jung
Luis Saldana,514.65,10-04-2021,W,U-DEC,Jordan Griffin
Jordan Griffin,460.97,10-04-2021,L,U-DEC,Luis Saldana
Jack Shore,551.17,10-04-2021,W,S-DEC,Hunter Azure
Hunter Azure,499.5,10-04-2021,L,S-DEC,Jack Shore
Jarjis Danho,499.83,10-04-2021,W,KO/TKO,Yorgan De Castro
Yorgan De Castro,466.58,10-04-2021,L,KO/TKO,Jarjis Danho
John Makdessi,556.02,10-04-2021,W,S-DEC,Ignacio Bahamondes
Ignacio Bahamondes,486.15,10-04-2021,L,S-DEC,John Makdessi
Mateusz Gamrot,502.95,10-04-2021,W,KO/TKO,Scott Holtzman
Scott Holtzman,531.31,10-04-2021,L,KO/TKO,Mateusz Gamrot
Joe Solecki,555.89,10-04-2021,W,U-DEC,Jim Miller
Jim Miller,539.4,10-04-2021,L,U-DEC,Joe Solecki
Daniel Rodriguez,548.54,10-04-2021,W,U-DEC,Mike Perry
Mike Perry,492.93,10-04-2021,L,U-DEC,Daniel Rodriguez
Mackenzie Dern,587.19,10-04-2021,W,SUB,Nina Nunes
Nina Nunes,503.17,10-04-2021,L,SUB,Mackenzie Dern
Julian Marquez,536.72,10-04-2021,W,SUB,Sam Alvey
Sam Alvey,490.71,10-04-2021,L,SUB,Julian Marquez
Arnold Allen,634.03,10-04-2021,W,U-DEC,Sodiq Yusuff
Sodiq Yusuff,549.92,10-04-2021,L,U-DEC,Arnold Allen
Marvin Vettori,596.79,10-04-2021,W,U-DEC,Kevin Holland
Kevin Holland,564.72,10-04-2021,L,U-DEC,Marvin Vettori
Tony Gravely,514.29,17-04-2021,W,KO/TKO,Anthony Birchak
Anthony Birchak,460.79,17-04-2021,L,KO/TKO,Tony Gravely
Austin Hubbard,498.18,17-04-2021,W,U-DEC,Dakota Bush
Dakota Bush,483.42,17-04-2021,L,U-DEC,Austin Hubbard
Gerald Meerschaert,520.9,17-04-2021,W,SUB,Bartosz Fabinski
Bartosz Fabinski,486.75,17-04-2021,L,SUB,Gerald Meerschaert
Jessica Penne,485.64,17-04-2021,W,S-DEC,Loopy Godinez
Loopy Godinez,482.82,17-04-2021,L,S-DEC,Jessica Penne
Alexandr Romanov,556.5,17-04-2021,W,S-DEC,Juan Espino
Juan Espino,520.46,17-04-2021,L,S-DEC,Alexandr Romanov
Luis Pena,528.12,17-04-2021,W,S-DEC,Alexander Munoz
Alexander Munoz,470.54,17-04-2021,L,S-DEC,Luis Pena
Tracy Cortez,546.12,17-04-2021,W,S-DEC,Justine Kish
Justine Kish,475.68,17-04-2021,L,S-DEC,Tracy Cortez
Jacob Malkoun,501.29,17-04-2021,W,U-DEC,Abdul Razak Alhassan
Abdul Razak Alhassan,495.66,17-04-2021,L,U-DEC,Jacob Malkoun
Andrei Arlovski,535.86,17-04-2021,W,U-DEC,Chase Sherman
Chase Sherman,459.46,17-04-2021,L,U-DEC,Andrei Arlovski
Robert Whittaker,686.18,17-04-2021,W,U-DEC,Kelvin Gastelum
Kelvin Gastelum,574.03,17-04-2021,L,U-DEC,Robert Whittaker
Ariane Carnelossi,498.62,24-04-2021,W,KO/TKO,Liang Na
Liang Na,483.44,24-04-2021,L,KO/TKO,Ariane Carnelossi
Jeff Molina,515.75,24-04-2021,W,U-DEC,Aoriqileng
Aoriqileng,484.25,24-04-2021,L,U-DEC,Jeff Molina
Kazula Vargas,485.52,24-04-2021,W,U-DEC,Rongzhu
Rongzhu,482.82,24-04-2021,L,U-DEC,Kazula Vargas
Batgerel Danaa,515.47,24-04-2021,W,KO/TKO,Kevin Natividad
Kevin Natividad,468.45,24-04-2021,L,KO/TKO,Batgerel Danaa
Pat Sabatini,516.5,24-04-2021,W,U-DEC,Tristan Connelly
Tristan Connelly,500.01,24-04-2021,L,U-DEC,Pat Sabatini
Brendan Allen,556.03,24-04-2021,W,SUB,Karl Roberson
Karl Roberson,496.64,24-04-2021,L,SUB,Brendan Allen
Dwight Grant,517.78,24-04-2021,W,S-DEC,Stefan Sekulic
Stefan Sekulic,469.66,24-04-2021,L,S-DEC,Dwight Grant
Randy Brown,559.44,24-04-2021,W,SUB,Alex Oliveira
Alex Oliveira,520.49,24-04-2021,L,SUB,Randy Brown
Anthony Smith,582.32,24-04-2021,W,KO/TKO,Jimmy Crute
Jimmy Crute,537.94,24-04-2021,L,KO/TKO,Anthony Smith
Uriah Hall,572.0,24-04-2021,W,KO/TKO,Chris Weidman
Chris Weidman,592.81,24-04-2021,L,KO/TKO,Uriah Hall
Valentina Shevchenko,640.47,24-04-2021,W,KO/TKO,Jessica Andrade
Jessica Andrade,567.96,24-04-2021,L,KO/TKO,Valentina Shevchenko
Rose Namajunas,600.53,24-04-2021,W,KO/TKO,Zhang Weili
Zhang Weili,576.32,24-04-2021,L,KO/TKO,Rose Namajunas
Kamaru Usman,756.7,24-04-2021,W,KO/TKO,Jorge Masvidal
Jorge Masvidal,577.3,24-04-2021,L,KO/TKO,Kamaru Usman
Felipe Colares,500.19,01-05-2021,W,U-DEC,Luke Sanders
Luke Sanders,467.77,01-05-2021,L,U-DEC,Felipe Colares
Andreas Michailidis,500.06,01-05-2021,W,U-DEC,KB Bhullar
KB Bhullar,469.77,01-05-2021,L,U-DEC,Andreas Michailidis
Loma Lookboonmee,527.75,01-05-2021,W,U-DEC,Sam Hughes
Sam Hughes,469.6,01-05-2021,L,U-DEC,Loma Lookboonmee
Luana Carolina,508.88,01-05-2021,W,S-DEC,Poliana Botelho
Poliana Botelho,495.02,01-05-2021,L,S-DEC,Luana Carolina
TJ Brown,481.79,01-05-2021,W,S-DEC,Kai Kamaka
Kai Kamaka,481.31,01-05-2021,L,S-DEC,TJ Brown
Luana Pinheiro,513.69,01-05-2021,W,DQ,Randa Markos
Randa Markos,440.68,01-05-2021,L,DQ,Luana Pinheiro
Merab Dvalishvili,575.1,01-05-2021,W,U-DEC,Cody Stamann
Cody Stamann,531.6,01-05-2021,L,U-DEC,Merab Dvalishvili
Sean Strickland,606.02,01-05-2021,W,U-DEC,Krzysztof Jotko
Krzysztof Jotko,553.77,01-05-2021,L,U-DEC,Sean Strickland
Ion Cutelaba,484.69,01-05-2021,L,S-DEC,Dustin Jacoby
Dustin Jacoby,499.85,01-05-2021,W,S-DEC,Ion Cutelaba
Giga Chikadze,597.39,01-05-2021,W,KO/TKO,Cub Swanson
Cub Swanson,544.06,01-05-2021,L,KO/TKO,Giga Chikadze
Jiri Prochazka,536.97,01-05-2021,W,KO/TKO,Dominick Reyes
Dominick Reyes,558.67,01-05-2021,L,KO/TKO,Jiri Prochazka
Carlston Harris,519.14,08-05-2021,W,SUB,Christian Aguilera
Christian Aguilera,476.76,08-05-2021,L,SUB,Carlston Harris
JunYong Park,527.0,08-05-2021,W,M-DEC,Tafon Nchukwi
Tafon Nchukwi,498.19,08-05-2021,L,M-DEC,JunYong Park
Michael Trizano,527.43,08-05-2021,W,U-DEC,Ludovit Klein
Ludovit Klein,500.49,08-05-2021,L,U-DEC,Michael Trizano
Phil Hawes,547.96,08-05-2021,W,U-DEC,Kyle Daukaus
Kyle Daukaus,485.41,08-05-2021,L,U-DEC,Phil Hawes
Gregor Gillespie,606.12,08-05-2021,W,KO/TKO,Diego Ferreira
Diego Ferreira,582.32,08-05-2021,L,KO/TKO,Gregor Gillespie
Marcos Rogerio de Lima,514.79,08-05-2021,W,U-DEC,Maurice Greene
Maurice Greene,495.17,08-05-2021,L,U-DEC,Marcos Rogerio de Lima
Neil Magny,640.34,08-05-2021,W,U-DEC,Geoff Neal
Geoff Neal,556.53,08-05-2021,L,U-DEC,Neil Magny
Alex Morono,545.21,08-05-2021,W,KO/TKO,Donald Cerrone
Donald Cerrone,563.39,08-05-2021,L,KO/TKO,Alex Morono
Marina Rodriguez,550.37,08-05-2021,W,U-DEC,Michelle Waterson-Gomez
Michelle Waterson-Gomez,520.51,08-05-2021,L,U-DEC,Marina Rodriguez
Christos Giagos,520.38,15-05-2021,W,SUB,Sean Soriano
Sean Soriano,431.14,15-05-2021,L,SUB,Christos Giagos
Tucker Lutz,515.12,15-05-2021,W,U-DEC,Kevin Aguilar
Kevin Aguilar,470.94,15-05-2021,L,U-DEC,Tucker Lutz
Priscila Cachoeira,485.79,15-05-2021,W,KO/TKO,Gina Mazany
Gina Mazany,452.04,15-05-2021,L,KO/TKO,Priscila Cachoeira
Andrea Lee,516.0,15-05-2021,W,SUB,Antonina Shevchenko
Antonina Shevchenko,497.94,15-05-2021,L,SUB,Andrea Lee
Jordan Wright,512.97,15-05-2021,W,KO/TKO,Jamie Pickett
Jamie Pickett,469.12,15-05-2021,L,KO/TKO,Jordan Wright
Lando Vannata,499.24,15-05-2021,W,S-DEC,Mike Grundy
Mike Grundy,484.2,15-05-2021,L,S-DEC,Lando Vannata
Andre Muniz,559.04,15-05-2021,W,SUB,Jacare Souza
Jacare Souza,532.44,15-05-2021,L,SUB,Andre Muniz
Edson Barboza,573.6,15-05-2021,W,KO/TKO,Shane Burgos
Shane Burgos,546.56,15-05-2021,L,KO/TKO,Edson Barboza
Katlyn Cerminara,574.35,15-05-2021,W,U-DEC,Viviane Araujo
Viviane Araujo,530.48,15-05-2021,L,U-DEC,Katlyn Cerminara
Matt Schnell,529.85,15-05-2021,L,Overturned,Rogerio Bontorin
Rogerio Bontorin,516.24,15-05-2021,W,Overturned,Matt Schnell
Beneil Dariush,685.41,15-05-2021,W,U-DEC,Tony Ferguson
Tony Ferguson,674.43,15-05-2021,L,U-DEC,Beneil Dariush
Charles Oliveira,711.74,15-05-2021,W,KO/TKO,Michael Chandler
Michael Chandler,508.56,15-05-2021,L,KO/TKO,Charles Oliveira
Damir Ismagulov,562.84,22-05-2021,W,U-DEC,Rafael Alves
Rafael Alves,484.43,22-05-2021,L,U-DEC,Damir Ismagulov
David Dvorak,551.06,22-05-2021,W,SUB,Juancamilo Ronderos
Juancamilo Ronderos,480.72,22-05-2021,L,SUB,David Dvorak
Josh Culibao,500.23,22-05-2021,W,U-DEC,Shayilan Nuerdanbieke
Shayilan Nuerdanbieke,483.51,22-05-2021,L,U-DEC,Josh Culibao
Bruno Silva,515.21,22-05-2021,W,KO/TKO,Victor Rodriguez
Victor Rodriguez,468.47,22-05-2021,L,KO/TKO,Bruno Silva
Court McGee,493.92,22-05-2021,W,U-DEC,Claudio Silva
Claudio Silva,556.44,22-05-2021,L,U-DEC,Court McGee
Ben Rothwell,551.9,22-05-2021,W,SUB,Chris Barnett
Chris Barnett,482.84,22-05-2021,L,SUB,Ben Rothwell
Jack Hermansson,586.37,22-05-2021,W,U-DEC,Edmen Shahbazyan
Edmen Shahbazyan,539.57,22-05-2021,L,U-DEC,Jack Hermansson
Ricardo Ramos,560.24,22-05-2021,W,U-DEC,Bill Algeo
Bill Algeo,489.63,22-05-2021,L,U-DEC,Ricardo Ramos
Norma Dumont,516.02,22-05-2021,W,S-DEC,Felicia Spencer
Felicia Spencer,490.66,22-05-2021,L,S-DEC,Norma Dumont
Jared Vanderaa,499.46,22-05-2021,W,U-DEC,Justin Tafa
Justin Tafa,467.66,22-05-2021,L,U-DEC,Jared Vanderaa
Carla Esparza,590.03,22-05-2021,W,KO/TKO,Yan Xiaonan
Yan Xiaonan,572.75,22-05-2021,L,KO/TKO,Carla Esparza
Rob Font,597.14,22-05-2021,W,U-DEC,Cody Garbrandt
Cody Garbrandt,555.86,22-05-2021,L,U-DEC,Rob Font
Claudio Puelles,536.25,05-06-2021,W,U-DEC,Jordan Leavitt
Jordan Leavitt,500.39,05-06-2021,L,U-DEC,Claudio Puelles
Sean Woodson,509.03,05-06-2021,W,S-DEC,Youssef Zalal
Youssef Zalal,493.69,05-06-2021,L,S-DEC,Sean Woodson
Manon Fiorot,531.5,05-06-2021,W,KO/TKO,Tabatha Ricci
Tabatha Ricci,484.25,05-06-2021,L,KO/TKO,Manon Fiorot
Alan Patrick,509.93,05-06-2021,L,CNC,Mason Jones
Mason Jones,500.33,05-06-2021,W,CNC,Alan Patrick
Kamuela Kirk,517.92,05-06-2021,W,U-DEC,Makwan Amirkhani
Makwan Amirkhani,530.33,05-06-2021,L,U-DEC,Kamuela Kirk
Muslim Salikhov,578.97,05-06-2021,W,U-DEC,Francisco Trinaldo
Francisco Trinaldo,610.36,05-06-2021,L,U-DEC,Muslim Salikhov
Ilir Latifi,542.31,05-06-2021,W,S-DEC,Tanner Boser
Tanner Boser,497.88,05-06-2021,L,S-DEC,Ilir Latifi
Montana De La Rosa,549.36,05-06-2021,W,KO/TKO,Ariane da Silva
Ariane da Silva,477.55,05-06-2021,L,KO/TKO,Montana De La Rosa
Gregory Rodrigues,515.62,05-06-2021,W,U-DEC,Dusko Todorovic
Dusko Todorovic,481.6,05-06-2021,L,U-DEC,Gregory Rodrigues
Santiago Ponzinibbio,622.5,05-06-2021,W,U-DEC,Miguel Baeza
Miguel Baeza,540.19,05-06-2021,L,U-DEC,Santiago Ponzinibbio
Roman Dolidze,528.67,05-06-2021,W,U-DEC,Laureano Staropoli
Laureano Staropoli,485.29,05-06-2021,L,U-DEC,Roman Dolidze
Marcin Tybura,579.24,05-06-2021,W,KO/TKO,Walt Harris
Walt Harris,490.17,05-06-2021,L,KO/TKO,Marcin Tybura
Jairzinho Rozenstruik,568.66,05-06-2021,W,KO/TKO,Augusto Sakai
Augusto Sakai,532.78,05-06-2021,L,KO/TKO,Jairzinho Rozenstruik
Carlos Felipe,533.04,12-06-2021,W,S-DEC,Jake Collier
Jake Collier,483.18,12-06-2021,L,S-DEC,Carlos Felipe
Fares Ziam,516.51,12-06-2021,W,M-DEC,Luigi Vendramini
Luigi Vendramini,483.63,12-06-2021,L,M-DEC,Fares Ziam
Steven Peterson,502.0,12-06-2021,W,U-DEC,Chase Hooper
Chase Hooper,496.8,12-06-2021,L,U-DEC,Steven Peterson
Terrance McKinney,515.88,12-06-2021,W,KO/TKO,Matt Frevola
Matt Frevola,486.93,12-06-2021,L,KO/TKO,Terrance McKinney
Pannie Kianzad,537.23,12-06-2021,W,U-DEC,Alexis Davis
Alexis Davis,500.24,12-06-2021,L,U-DEC,Pannie Kianzad
Movsar Evloev,587.25,12-06-2021,W,U-DEC,Hakeem Dawodu
Hakeem Dawodu,547.04,12-06-2021,L,U-DEC,Movsar Evloev
Lauren Murphy,562.3,12-06-2021,W,S-DEC,Joanne Wood
Joanne Wood,505.0,12-06-2021,L,S-DEC,Lauren Murphy
Eryk Anders,508.8,12-06-2021,W,U-DEC,Darren Stewart
Darren Stewart,514.96,12-06-2021,L,U-DEC,Eryk Anders
Brad Riddell,566.54,12-06-2021,W,U-DEC,Drew Dober
Drew Dober,533.96,12-06-2021,L,U-DEC,Brad Riddell
Paul Craig,564.96,12-06-2021,W,KO/TKO,Jamahal Hill
Jamahal Hill,501.46,12-06-2021,L,KO/TKO,Paul Craig
Belal Muhammad,636.23,12-06-2021,W,U-DEC,Demian Maia
Demian Maia,627.95,12-06-2021,L,U-DEC,Belal Muhammad
Leon Edwards,654.18,12-06-2021,W,U-DEC,Nate Diaz
Nate Diaz,568.37,12-06-2021,L,U-DEC,Leon Edwards
Brandon Moreno,602.63,12-06-2021,W,SUB,Deiveson Figueiredo
Deiveson Figueiredo,620.07,12-06-2021,L,SUB,Brandon Moreno
Israel Adesanya,667.58,12-06-2021,W,U-DEC,Marvin Vettori
Marvin Vettori,583.63,12-06-2021,L,U-DEC,Israel Adesanya
Casey O'Neill,533.88,19-06-2021,W,SUB,Lara Procopio
Lara Procopio,482.38,19-06-2021,L,SUB,Casey O'Neill
Ricky Glenn,520.53,19-06-2021,W,KO/TKO,Joaquim Silva
Joaquim Silva,509.01,19-06-2021,L,KO/TKO,Ricky Glenn
Josh Parisian,498.42,19-06-2021,W,S-DEC,Roque Martinez
Roque Martinez,449.52,19-06-2021,L,S-DEC,Josh Parisian
Khaos Williams,533.4,19-06-2021,W,U-DEC,Matthew Semelsberger
Matthew Semelsberger,515.24,19-06-2021,L,U-DEC,Khaos Williams
Virna Jandiroba,526.26,19-06-2021,W,KO/TKO,Kanako Murata
Kanako Murata,498.4,19-06-2021,L,KO/TKO,Virna Jandiroba
Nicolae Negumereanu,499.28,19-06-2021,W,S-DEC,Aleksa Camur
Aleksa Camur,483.42,19-06-2021,L,S-DEC,Nicolae Negumereanu
Matt Brown,550.13,19-06-2021,W,KO/TKO,Dhiego Lima
Dhiego Lima,472.07,19-06-2021,L,KO/TKO,Matt Brown
Bruno Silva,531.01,19-06-2021,W,KO/TKO,Wellington Turman
Wellington Turman,470.06,19-06-2021,L,KO/TKO,Bruno Silva
SeungWoo Choi,518.39,19-06-2021,W,KO/TKO,Julian Erosa
Julian Erosa,477.69,19-06-2021,L,KO/TKO,SeungWoo Choi
Marlon Vera,583.67,19-06-2021,W,U-DEC,Davey Grant
Davey Grant,500.0,19-06-2021,L,U-DEC,Marlon Vera
Serghei Spivac,539.25,19-06-2021,W,U-DEC,Aleksei Oleinik
Aleksei Oleinik,524.41,19-06-2021,L,U-DEC,Serghei Spivac
Chan Sung Jung,583.81,19-06-2021,W,U-DEC,Dan Ige
Dan Ige,573.07,19-06-2021,L,U-DEC,Chan Sung Jung
Damir Hadzovic,502.6,26-06-2021,W,U-DEC,Yancy Medeiros
Yancy Medeiros,502.14,26-06-2021,L,U-DEC,Damir Hadzovic
Charles Rosa,508.22,26-06-2021,W,S-DEC,Justin Jaynes
Justin Jaynes,451.4,26-06-2021,L,S-DEC,Charles Rosa
Julia Avila,528.2,26-06-2021,W,SUB,Julija Stoliarenko
Julija Stoliarenko,452.92,26-06-2021,L,SUB,Julia Avila
Marcin Prachnio,489.15,26-06-2021,W,KO/TKO,Ike Villanueva
Ike Villanueva,465.29,26-06-2021,L,KO/TKO,Marcin Prachnio
Jeremiah Wells,518.41,26-06-2021,W,KO/TKO,Warlley Alves
Warlley Alves,540.77,26-06-2021,L,KO/TKO,Jeremiah Wells
Shavkat Rakhmonov,548.09,26-06-2021,W,SUB,Michel Prazeres
Michel Prazeres,591.99,26-06-2021,L,SUB,Shavkat Rakhmonov
Kennedy Nzechukwu,531.87,26-06-2021,W,KO/TKO,Danilo Marques
Danilo Marques,512.9,26-06-2021,L,KO/TKO,Kennedy Nzechukwu
Renato Moicano,553.08,26-06-2021,W,SUB,Jai Herbert
Jai Herbert,472.12,26-06-2021,L,SUB,Renato Moicano
Tim Means,575.39,26-06-2021,W,U-DEC,Nicolas Dalby
Nicolas Dalby,490.35,26-06-2021,L,U-DEC,Tim Means
Andre Fili,506.99,26-06-2021,L,CNC,Daniel Pineda
Daniel Pineda,507.55,26-06-2021,W,CNC,Andre Fili
Timur Valiev,519.42,26-06-2021,W,M-DEC,Raoni Barcelos
Raoni Barcelos,561.01,26-06-2021,L,M-DEC,Timur Valiev
Tanner Boser,515.39,26-06-2021,W,KO/TKO,Ovince Saint Preux
Ovince Saint Preux,519.42,26-06-2021,L,KO/TKO,Tanner Boser
Ciryl Gane,612.26,26-06-2021,W,U-DEC,Alexander Volkov
Alexander Volkov,569.48,26-06-2021,L,U-DEC,Ciryl Gane
Zhalgas Zhumagulov,486.57,10-07-2021,W,SUB,Jerome Rivera
Jerome Rivera,434.32,10-07-2021,L,SUB,Zhalgas Zhumagulov
Brad Tavares,602.75,10-07-2021,W,S-DEC,Omari Akhmedov
Omari Akhmedov,567.04,10-07-2021,L,S-DEC,Brad Tavares
Jennifer Maia,522.74,10-07-2021,W,U-DEC,Jessica Eye
Jessica Eye,466.82,10-07-2021,L,U-DEC,Jennifer Maia
Dricus Du Plessis,533.34,10-07-2021,W,KO/TKO,Trevin Giles
Trevin Giles,529.41,10-07-2021,L,KO/TKO,Dricus Du Plessis
Ilia Topuria,553.67,10-07-2021,W,KO/TKO,Ryan Hall
Ryan Hall,555.95,10-07-2021,L,KO/TKO,Ilia Topuria
Michel Pereira,541.85,10-07-2021,W,U-DEC,Niko Price
Niko Price,544.84,10-07-2021,L,U-DEC,Michel Pereira
Max Griffin,518.38,10-07-2021,W,U-DEC,Carlos Condit
Carlos Condit,505.4,10-07-2021,L,U-DEC,Max Griffin
Sean O'Malley,575.78,10-07-2021,W,KO/TKO,Kris Moutinho
Kris Moutinho,486.42,10-07-2021,L,KO/TKO,Sean O'Malley
Irene Aldana,541.21,10-07-2021,W,KO/TKO,Yana Santos
Yana Santos,521.14,10-07-2021,L,KO/TKO,Irene Aldana
Tai Tuivasa,547.94,10-07-2021,W,KO/TKO,Greg Hardy
Greg Hardy,488.51,10-07-2021,L,KO/TKO,Tai Tuivasa
Gilbert Burns,648.55,10-07-2021,W,U-DEC,Stephen Thompson
Stephen Thompson,597.88,10-07-2021,L,U-DEC,Gilbert Burns
Dustin Poirier,707.71,10-07-2021,W,KO/TKO,Conor McGregor
Conor McGregor,602.99,10-07-2021,L,KO/TKO,Dustin Poirier
Alan Baudot,469.99,17-07-2021,L,Overturned,Rodrigo Nascimento
Rodrigo Nascimento,515.69,17-07-2021,W,Overturned,Alan Baudot
Malcolm Gordon,482.87,17-07-2021,W,U-DEC,Francisco Figueiredo
Francisco Figueiredo,496.97,17-07-2021,L,U-DEC,Malcolm Gordon
Sergey Morozov,496.25,17-07-2021,W,U-DEC,Khalid Taha
Khalid Taha,455.93,17-07-2021,L,U-DEC,Sergey Morozov
Amanda Lemos,556.15,17-07-2021,W,KO/TKO,Montserrat Conejo Ruiz
Montserrat Conejo Ruiz,498.97,17-07-2021,L,KO/TKO,Amanda Lemos
Daniel Rodriguez,562.75,17-07-2021,W,KO/TKO,Preston Parsons
Preston Parsons,485.79,17-07-2021,L,KO/TKO,Daniel Rodriguez
Billy Quarantillo,547.73,17-07-2021,W,KO/TKO,Gabriel Benitez
Gabriel Benitez,513.56,17-07-2021,L,KO/TKO,Billy Quarantillo
Rodolfo Vieira,532.98,17-07-2021,W,SUB,Dustin Stoltzfus
Dustin Stoltzfus,466.56,17-07-2021,L,SUB,Rodolfo Vieira
Mateusz Gamrot,523.7,17-07-2021,W,SUB,Jeremy Stephens
Jeremy Stephens,490.01,17-07-2021,L,SUB,Mateusz Gamrot
Miesha Tate,534.41,17-07-2021,W,KO/TKO,Marion Reneau
Marion Reneau,472.45,17-07-2021,L,KO/TKO,Miesha Tate
Islam Makhachev,652.17,17-07-2021,W,SUB,Thiago Moises
Thiago Moises,524.86,17-07-2021,L,SUB,Islam Makhachev
Diana Belbita,480.66,24-07-2021,W,U-DEC,Hannah Goldy
Hannah Goldy,467.58,24-07-2021,L,U-DEC,Diana Belbita
Sijara Eubanks,512.06,24-07-2021,W,KO/TKO,Elise Reed
Elise Reed,484.08,24-07-2021,L,KO/TKO,Sijara Eubanks
Julio Arce,526.9,24-07-2021,W,KO/TKO,Andre Ewell
Andre Ewell,496.78,24-07-2021,L,KO/TKO,Julio Arce
Mickey Gall,551.89,24-07-2021,W,SUB,Jordan Williams
Jordan Williams,467.71,24-07-2021,L,SUB,Mickey Gall
Nassourdine Imavov,515.54,24-07-2021,W,KO/TKO,Ian Heinisch
Ian Heinisch,494.77,24-07-2021,L,KO/TKO,Nassourdine Imavov
Brendan Allen,571.38,24-07-2021,W,U-DEC,Punahele Soriano
Punahele Soriano,516.43,24-07-2021,L,U-DEC,Brendan Allen
Adrian Yanez,547.92,24-07-2021,W,KO/TKO,Randy Costa
Randy Costa,495.58,24-07-2021,L,KO/TKO,Adrian Yanez
Maycee Barber,531.06,24-07-2021,W,S-DEC,Miranda Maverick
Miranda Maverick,517.0,24-07-2021,L,S-DEC,Maycee Barber
Darren Elkins,591.32,24-07-2021,W,KO/TKO,Darrick Minner
Darrick Minner,504.89,24-07-2021,L,KO/TKO,Darren Elkins
Raulian Paiva,522.4,24-07-2021,W,M-DEC,Kyler Phillips
Kyler Phillips,531.34,24-07-2021,L,M-DEC,Raulian Paiva
TJ Dillashaw,644.54,24-07-2021,W,S-DEC,Cory Sandhagen
Cory Sandhagen,594.02,24-07-2021,L,S-DEC,TJ Dillashaw
Phil Rowe,500.05,31-07-2021,W,KO/TKO,Orion Cosce
Orion Cosce,483.5,31-07-2021,L,KO/TKO,Phil Rowe
Zarrukh Adashev,482.81,31-07-2021,W,U-DEC,Ryan Benoit
Ryan Benoit,448.87,31-07-2021,L,U-DEC,Zarrukh Adashev
Jinh Yu Frey,498.88,31-07-2021,W,U-DEC,Ashley Yoder
Ashley Yoder,443.96,31-07-2021,L,U-DEC,Jinh Yu Frey
Danny Chavez,497.63,31-07-2021,L,M-DEC,Kai Kamaka
Kai Kamaka,482.05,31-07-2021,W,M-DEC,Danny Chavez
Chris Gruetzemacher,498.51,31-07-2021,W,U-DEC,Rafa Garcia
Rafa Garcia,469.12,31-07-2021,L,U-DEC,Chris Gruetzemacher
Jason Witt,504.45,31-07-2021,W,M-DEC,Bryan Barberena
Bryan Barberena,502.69,31-07-2021,L,M-DEC,Jason Witt
Melsik Baghdasaryan,515.75,31-07-2021,W,KO/TKO,Collin Anglin
Collin Anglin,484.25,31-07-2021,L,KO/TKO,Melsik Baghdasaryan
Jared Gooden,485.78,31-07-2021,W,KO/TKO,Niklas Stolze
Niklas Stolze,469.44,31-07-2021,L,KO/TKO,Jared Gooden
Cheyanne Vlismas,499.93,31-07-2021,W,KO/TKO,Gloria de Paula
Gloria de Paula,467.04,31-07-2021,L,KO/TKO,Cheyanne Vlismas
Sean Strickland,622.94,31-07-2021,W,U-DEC,Uriah Hall
Uriah Hall,555.08,31-07-2021,L,U-DEC,Sean Strickland
Johnny Munoz,503.33,07-08-2021,W,SUB,Jamey Simmons
Jamey Simmons,465.56,07-08-2021,L,SUB,Johnny Munoz
Melissa Gatto,515.04,07-08-2021,W,KO/TKO,Victoria Leonardo
Victoria Leonardo,469.21,07-08-2021,L,KO/TKO,Melissa Gatto
Miles Johns,530.11,07-08-2021,W,KO/TKO,Anderson Dos Santos
Anderson Dos Santos,473.17,07-08-2021,L,KO/TKO,Miles Johns
Manel Kape,489.63,07-08-2021,W,KO/TKO,Ode Osbourne
Ode Osbourne,479.13,07-08-2021,L,KO/TKO,Manel Kape
Jessica Penne,505.64,07-08-2021,W,SUB,Karolina Kowalkiewicz
Karolina Kowalkiewicz,460.6,07-08-2021,L,SUB,Jessica Penne
Alonzo Menifield,537.51,07-08-2021,W,U-DEC,Ed Herman
Ed Herman,542.47,07-08-2021,L,U-DEC,Alonzo Menifield
Vince Morales,485.53,07-08-2021,W,U-DEC,Drako Rodriguez
Drako Rodriguez,467.07,07-08-2021,L,U-DEC,Vince Morales
Rafael Fiziev,555.23,07-08-2021,W,U-DEC,King Green
King Green,519.76,07-08-2021,L,U-DEC,Rafael Fiziev
Song Yadong,583.87,07-08-2021,W,S-DEC,Casey Kenney
Casey Kenney,538.23,07-08-2021,L,S-DEC,Song Yadong
Tecia Pennington,556.96,07-08-2021,W,U-DEC,Angela Hill
Angela Hill,477.96,07-08-2021,L,U-DEC,Tecia Pennington
Vicente Luque,678.38,07-08-2021,W,SUB,Michael Chiesa
Michael Chiesa,604.8,07-08-2021,L,SUB,Vicente Luque
Jose Aldo,596.01,07-08-2021,W,U-DEC,Pedro Munhoz
Pedro Munhoz,557.41,07-08-2021,L,U-DEC,Jose Aldo
Ciryl Gane,634.99,07-08-2021,W,KO/TKO,Derrick Lewis
Derrick Lewis,632.31,07-08-2021,L,KO/TKO,Ciryl Gane
Ramiz Brahimaj,502.68,21-08-2021,W,SUB,Sasha Palatnikov
Sasha Palatnikov,475.6,21-08-2021,L,SUB,Ramiz Brahimaj
Ignacio Bahamondes,503.27,21-08-2021,W,KO/TKO,Roosevelt Roberts
Roosevelt Roberts,499.4,21-08-2021,L,KO/TKO,Ignacio Bahamondes
William Knight,514.91,21-08-2021,W,KO/TKO,Fabio Cherant
Fabio Cherant,465.74,21-08-2021,L,KO/TKO,William Knight
Josiane Nunes,517.26,21-08-2021,W,KO/TKO,Bea Malecki
Bea Malecki,516.14,21-08-2021,L,KO/TKO,Josiane Nunes
Brian Kelleher,536.9,21-08-2021,W,U-DEC,Domingo Pilarte
Domingo Pilarte,455.35,21-08-2021,L,U-DEC,Brian Kelleher
Austin Lingo,517.05,21-08-2021,W,U-DEC,Luis Saldana
Luis Saldana,497.45,21-08-2021,L,U-DEC,Austin Lingo
Alexandre Pantoja,580.11,21-08-2021,W,SUB,Brandon Royval
Brandon Royval,504.05,21-08-2021,L,SUB,Alexandre Pantoja
Vinc Pichel,578.64,21-08-2021,W,U-DEC,Austin Hubbard
Austin Hubbard,484.19,21-08-2021,L,U-DEC,Vinc Pichel
Saidyokub Kakhramonov,520.39,21-08-2021,W,SUB,Trevin Jones
Trevin Jones,510.32,21-08-2021,L,SUB,Saidyokub Kakhramonov
Parker Porter,515.26,21-08-2021,W,U-DEC,Chase Sherman
Chase Sherman,444.91,21-08-2021,L,U-DEC,Parker Porter
Mark Madsen,547.69,21-08-2021,W,S-DEC,Clay Guida
Clay Guida,506.62,21-08-2021,L,S-DEC,Mark Madsen
Jared Cannonier,553.71,21-08-2021,W,U-DEC,Kelvin Gastelum
Kelvin Gastelum,556.57,21-08-2021,L,U-DEC,Jared Cannonier
Mana Martinez,514.06,28-08-2021,W,S-DEC,Guido Cannetti
Guido Cannetti,448.41,28-08-2021,L,S-DEC,Mana Martinez
Pat Sabatini,535.87,28-08-2021,W,SUB,Jamall Emmers
Jamall Emmers,481.29,28-08-2021,L,SUB,Pat Sabatini
JJ Aldrich,543.32,28-08-2021,W,U-DEC,Vanessa Demopoulos
Vanessa Demopoulos,484.83,28-08-2021,L,U-DEC,JJ Aldrich
Dustin Jacoby,517.85,28-08-2021,W,KO/TKO,Darren Stewart
Darren Stewart,496.96,28-08-2021,L,KO/TKO,Dustin Jacoby
Wellington Turman,486.75,28-08-2021,W,S-DEC,Sam Alvey
Sam Alvey,474.02,28-08-2021,L,S-DEC,Wellington Turman
Abdul Razak Alhassan,510.98,28-08-2021,W,KO/TKO,Alessio Di Chirico
Alessio Di Chirico,470.91,28-08-2021,L,KO/TKO,Abdul Razak Alhassan
Gerald Meerschaert,542.42,28-08-2021,W,SUB,Makhmud Muradov
Makhmud Muradov,526.42,28-08-2021,L,SUB,Gerald Meerschaert
Andre Petroski,515.75,28-08-2021,W,KO/TKO,Micheal Gillmore
Micheal Gillmore,484.25,28-08-2021,L,KO/TKO,Andre Petroski
Daniel Rodriguez,581.09,28-08-2021,W,U-DEC,Kevin Lee
Kevin Lee,566.4,28-08-2021,L,U-DEC,Daniel Rodriguez
Ricky Turcios,515.75,28-08-2021,W,S-DEC,Brady Hiestand
Brady Hiestand,484.25,28-08-2021,L,S-DEC,Ricky Turcios
Bryan Battle,519.06,28-08-2021,W,SUB,Gilbert Urbina
Gilbert Urbina,480.94,28-08-2021,L,SUB,Bryan Battle
Giga Chikadze,616.26,28-08-2021,W,KO/TKO,Edson Barboza
Edson Barboza,554.73,28-08-2021,L,KO/TKO,Giga Chikadze
Marc-Andre Barriault,479.0,04-09-2021,W,U-DEC,Dalcha Lungiambula
Dalcha Lungiambula,494.08,04-09-2021,L,U-DEC,Marc-Andre Barriault
Julian Erosa,497.78,04-09-2021,W,SUB,Charles Jourdain
Charles Jourdain,482.57,04-09-2021,L,SUB,Julian Erosa
Jack Shore,566.54,04-09-2021,W,U-DEC,Liudvik Sholinian
Liudvik Sholinian,484.63,04-09-2021,L,U-DEC,Jack Shore
Molly McCann,510.63,04-09-2021,W,U-DEC,Ji Yeon Kim
Ji Yeon Kim,483.45,04-09-2021,L,U-DEC,Molly McCann
Paddy Pimblett,515.01,04-09-2021,W,KO/TKO,Luigi Vendramini
Luigi Vendramini,468.62,04-09-2021,L,KO/TKO,Paddy Pimblett
Khalil Rountree Jr.,487.46,04-09-2021,W,KO/TKO,Modestas Bukauskas
Modestas Bukauskas,468.5,04-09-2021,L,KO/TKO,Khalil Rountree Jr.
Alex Morono,558.6,04-09-2021,W,U-DEC,David Zawada
David Zawada,465.45,04-09-2021,L,U-DEC,Alex Morono
Tom Aspinall,570.41,04-09-2021,W,KO/TKO,Serghei Spivac
Serghei Spivac,521.97,04-09-2021,L,KO/TKO,Tom Aspinall
Derek Brunson,646.22,04-09-2021,W,SUB,Darren Till
Darren Till,543.6,04-09-2021,L,SUB,Derek Brunson
Hannah Goldy,487.54,18-09-2021,W,SUB,Emily Whitmire
Emily Whitmire,458.1,18-09-2021,L,SUB,Hannah Goldy
Gustavo Lopez,488.42,18-09-2021,L,U-DEC,Alatengheili
Alatengheili,513.92,18-09-2021,W,U-DEC,Gustavo Lopez
Carlston Harris,535.57,18-09-2021,W,KO/TKO,Impa Kasanganay
Impa Kasanganay,501.33,18-09-2021,L,KO/TKO,Carlston Harris
Erin Blanchfield,515.03,18-09-2021,W,U-DEC,Sarah Alpar
Sarah Alpar,468.98,18-09-2021,L,U-DEC,Erin Blanchfield
Montel Jackson,550.11,18-09-2021,W,U-DEC,JP Buys
JP Buys,469.46,18-09-2021,L,U-DEC,Montel Jackson
Rongzhu,499.35,18-09-2021,W,KO/TKO,Brandon Jenkins
Brandon Jenkins,483.47,18-09-2021,L,KO/TKO,Rongzhu
Raquel Pennington,563.26,18-09-2021,W,U-DEC,Pannie Kianzad
Pannie Kianzad,521.2,18-09-2021,L,U-DEC,Raquel Pennington
Tafon Nchukwi,511.82,18-09-2021,W,U-DEC,Mike Rodriguez
Mike Rodriguez,437.56,18-09-2021,L,U-DEC,Tafon Nchukwi
Joaquin Buckley,515.5,18-09-2021,W,KO/TKO,Antonio Arroyo
Antonio Arroyo,454.02,18-09-2021,L,KO/TKO,Joaquin Buckley
Nate Maness,551.18,18-09-2021,W,KO/TKO,Tony Gravely
Tony Gravely,498.07,18-09-2021,L,KO/TKO,Nate Maness
Arman Tsarukyan,556.88,18-09-2021,W,KO/TKO,Christos Giagos
Christos Giagos,503.39,18-09-2021,L,KO/TKO,Arman Tsarukyan
Ariane da Silva,494.32,18-09-2021,W,U-DEC,Mandy Bohm
Mandy Bohm,483.23,18-09-2021,L,U-DEC,Ariane da Silva
Ion Cutelaba,501.44,18-09-2021,W,U-DEC,Devin Clark
Devin Clark,489.92,18-09-2021,L,U-DEC,Ion Cutelaba
Anthony Smith,602.61,18-09-2021,W,SUB,Ryan Spann
Ryan Spann,546.9,18-09-2021,L,SUB,Anthony Smith
Jonathan Pearce,523.51,25-09-2021,W,SUB,Omar Morales
Omar Morales,508.55,25-09-2021,L,SUB,Jonathan Pearce
Matthew Semelsberger,530.3,25-09-2021,W,KO/TKO,Martin Sano
Martin Sano,484.94,25-09-2021,L,KO/TKO,Matthew Semelsberger
Nick Maximov,515.75,25-09-2021,W,U-DEC,Cody Brundage
Cody Brundage,484.25,25-09-2021,L,U-DEC,Nick Maximov
Jalin Turner,542.95,25-09-2021,W,SUB,Uros Medic
Uros Medic,494.26,25-09-2021,L,SUB,Jalin Turner
Taila Santos,536.57,25-09-2021,W,U-DEC,Roxanne Modafferi
Roxanne Modafferi,462.95,25-09-2021,L,U-DEC,Taila Santos
Chris Daukaus,568.32,25-09-2021,W,KO/TKO,Shamil Abdurakhimov
Shamil Abdurakhimov,519.71,25-09-2021,L,KO/TKO,Chris Daukaus
Dan Hooker,589.05,25-09-2021,W,U-DEC,Nasrat Haqparast
Nasrat Haqparast,531.87,25-09-2021,L,U-DEC,Dan Hooker
Merab Dvalishvili,593.52,25-09-2021,W,KO/TKO,Marlon Moraes
Marlon Moraes,525.16,25-09-2021,L,KO/TKO,Merab Dvalishvili
Jessica Andrade,583.5,25-09-2021,W,KO/TKO,Cynthia Calvillo
Cynthia Calvillo,547.85,25-09-2021,L,KO/TKO,Jessica Andrade
Curtis Blaydes,631.9,25-09-2021,W,U-DEC,Jairzinho Rozenstruik
Jairzinho Rozenstruik,555.15,25-09-2021,L,U-DEC,Curtis Blaydes
Robbie Lawler,576.57,25-09-2021,W,KO/TKO,Nick Diaz
Nick Diaz,531.43,25-09-2021,L,KO/TKO,Robbie Lawler
Valentina Shevchenko,656.82,25-09-2021,W,KO/TKO,Lauren Murphy
Lauren Murphy,545.95,25-09-2021,L,KO/TKO,Valentina Shevchenko
Alexander Volkanovski,697.51,25-09-2021,W,U-DEC,Brian Ortega
Brian Ortega,612.98,25-09-2021,L,U-DEC,Alexander Volkanovski
Alejandro Perez,566.04,02-10-2021,W,SUB,Johnny Eduardo
Johnny Eduardo,461.97,02-10-2021,L,SUB,Alejandro Perez
Stephanie Egger,500.02,02-10-2021,W,KO/TKO,Shanna Young
Shanna Young,469.78,02-10-2021,L,KO/TKO,Stephanie Egger
Douglas Silva de Andrade,513.42,02-10-2021,W,KO/TKO,Gaetano Pirrello
Gaetano Pirrello,467.27,02-10-2021,L,KO/TKO,Douglas Silva de Andrade
Jamie Mullarkey,505.09,02-10-2021,W,KO/TKO,Devonte Smith
Devonte Smith,510.7,02-10-2021,L,KO/TKO,Jamie Mullarkey
Karol Rosa,561.57,02-10-2021,W,U-DEC,Bethe Correia
Bethe Correia,472.89,02-10-2021,L,U-DEC,Karol Rosa
Casey O'Neill,549.35,02-10-2021,W,KO/TKO,Antonina Shevchenko
Antonina Shevchenko,482.47,02-10-2021,L,KO/TKO,Casey O'Neill
Jared Gordon,550.97,02-10-2021,W,S-DEC,Joe Solecki
Joe Solecki,537.48,02-10-2021,L,S-DEC,Jared Gordon
Alexander Hernandez,541.51,02-10-2021,W,KO/TKO,Mike Breeden
Mike Breeden,485.47,02-10-2021,L,KO/TKO,Alexander Hernandez
Krzysztof Jotko,569.16,02-10-2021,W,S-DEC,Misha Cirkunov
Misha Cirkunov,530.41,02-10-2021,L,S-DEC,Krzysztof Jotko
Niko Price,559.49,02-10-2021,W,U-DEC,Alex Oliveira
Alex Oliveira,505.84,02-10-2021,L,U-DEC,Niko Price
Kevin Holland,546.35,02-10-2021,L,Overturned,Kyle Daukaus
Kyle Daukaus,503.78,02-10-2021,W,Overturned,Kevin Holland
Thiago Santos,582.48,02-10-2021,W,U-DEC,Johnny Walker
Johnny Walker,523.14,02-10-2021,L,U-DEC,Thiago Santos
Steve Garcia,500.74,09-10-2021,W,KO/TKO,Charlie Ontiveros
Charlie Ontiveros,466.35,09-10-2021,L,KO/TKO,Steve Garcia
Loopy Godinez,503.15,09-10-2021,W,SUB,Silvana Gomez Juarez
Silvana Gomez Juarez,479.67,09-10-2021,L,SUB,Loopy Godinez
Damon Jackson,518.23,09-10-2021,W,U-DEC,Charles Rosa
Charles Rosa,492.2,09-10-2021,L,U-DEC,Damon Jackson
Alexandr Romanov,571.57,09-10-2021,W,KO/TKO,Jared Vanderaa
Jared Vanderaa,484.39,09-10-2021,L,KO/TKO,Alexandr Romanov
Chris Gutierrez,563.61,09-10-2021,W,S-DEC,Felipe Colares
Felipe Colares,483.97,09-10-2021,L,S-DEC,Chris Gutierrez
Mariya Agapova,519.92,09-10-2021,W,SUB,Sabina Mazo
Sabina Mazo,501.36,09-10-2021,L,SUB,Mariya Agapova
Matheus Nicolau,560.42,09-10-2021,W,U-DEC,Tim Elliott
Tim Elliott,458.35,09-10-2021,L,U-DEC,Matheus Nicolau
Randy Brown,572.49,09-10-2021,W,U-DEC,Jared Gooden
Jared Gooden,472.73,09-10-2021,L,U-DEC,Randy Brown
Marina Rodriguez,569.44,09-10-2021,W,U-DEC,Mackenzie Dern
Mackenzie Dern,568.12,09-10-2021,L,U-DEC,Marina Rodriguez
Ariane Carnelossi,518.33,16-10-2021,W,SUB,Istela Nunes
Istela Nunes,480.29,16-10-2021,L,SUB,Ariane Carnelossi
Batgerel Danaa,529.97,16-10-2021,W,KO/TKO,Brandon Davis
Brandon Davis,445.18,16-10-2021,L,KO/TKO,Batgerel Danaa
Luana Carolina,525.11,16-10-2021,W,U-DEC,Loopy Godinez
Loopy Godinez,486.92,16-10-2021,L,U-DEC,Luana Carolina
Danny Roberts,540.65,16-10-2021,W,S-DEC,Ramazan Emeev
Ramazan Emeev,546.74,16-10-2021,L,S-DEC,Danny Roberts
Bruno Silva,547.94,16-10-2021,W,KO/TKO,Andrew Sanchez
Andrew Sanchez,493.32,16-10-2021,L,KO/TKO,Bruno Silva
Nate Landwehr,506.03,16-10-2021,W,SUB,Ludovit Klein
Ludovit Klein,480.99,16-10-2021,L,SUB,Nate Landwehr
Manon Fiorot,548.31,16-10-2021,W,U-DEC,Mayra Bueno Silva
Mayra Bueno Silva,505.76,16-10-2021,L,U-DEC,Manon Fiorot
Jim Miller,553.37,16-10-2021,W,KO/TKO,Erick Gonzalez
Erick Gonzalez,486.03,16-10-2021,L,KO/TKO,Jim Miller
Andrei Arlovski,552.23,16-10-2021,W,U-DEC,Carlos Felipe
Carlos Felipe,516.67,16-10-2021,L,U-DEC,Andrei Arlovski
Norma Dumont,534.73,16-10-2021,W,U-DEC,Aspen Ladd
Aspen Ladd,526.7,16-10-2021,L,U-DEC,Norma Dumont
Jonathan Martinez,528.7,23-10-2021,W,U-DEC,Zviad Lazishvili
Zviad Lazishvili,484.86,23-10-2021,L,U-DEC,Jonathan Martinez
Randa Markos,459.62,23-10-2021,W,U-DEC,Livinha Souza
Livinha Souza,493.07,23-10-2021,L,U-DEC,Randa Markos
Jeff Molina,531.5,23-10-2021,W,KO/TKO,Daniel Lacerda
Daniel Lacerda,484.25,23-10-2021,L,KO/TKO,Jeff Molina
Jai Herbert,489.23,23-10-2021,W,KO/TKO,Khama Worthy
Khama Worthy,485.05,23-10-2021,L,KO/TKO,Jai Herbert
Jamie Pickett,485.6,23-10-2021,W,U-DEC,Laureano Staropoli
Laureano Staropoli,468.81,23-10-2021,L,U-DEC,Jamie Pickett
Tabatha Ricci,500.71,23-10-2021,W,U-DEC,Maria Oliveira
Maria Oliveira,483.54,23-10-2021,L,U-DEC,Tabatha Ricci
Mason Jones,516.07,23-10-2021,W,U-DEC,David Onama
David Onama,484.26,23-10-2021,L,U-DEC,Mason Jones
Gregory Rodrigues,532.66,23-10-2021,W,KO/TKO,JunYong Park
JunYong Park,509.96,23-10-2021,L,KO/TKO,Gregory Rodrigues
Nicolae Negumereanu,514.17,23-10-2021,W,KO/TKO,Ike Villanueva
Ike Villanueva,450.4,23-10-2021,L,KO/TKO,Nicolae Negumereanu
Francisco Trinaldo,622.01,23-10-2021,W,S-DEC,Dwight Grant
Dwight Grant,506.13,23-10-2021,L,S-DEC,Francisco Trinaldo
Alex Caceres,568.42,23-10-2021,W,SUB,SeungWoo Choi
SeungWoo Choi,497.61,23-10-2021,L,SUB,Alex Caceres
Jessica-Rose Clark,526.72,23-10-2021,W,U-DEC,Joselyne Edwards
Joselyne Edwards,482.79,23-10-2021,L,U-DEC,Jessica-Rose Clark
Grant Dawson,588.95,23-10-2021,L,M-DEC,Ricky Glenn
Ricky Glenn,523.57,23-10-2021,W,M-DEC,Grant Dawson
Marvin Vettori,598.75,23-10-2021,W,U-DEC,Paulo Costa
Paulo Costa,554.57,23-10-2021,L,U-DEC,Marvin Vettori
Tagir Ulanbekov,531.45,30-10-2021,W,S-DEC,Allan Nascimento
Allan Nascimento,484.24,30-10-2021,L,S-DEC,Tagir Ulanbekov
Andre Petroski,532.42,30-10-2021,W,SUB,Hu Yaozong
Hu Yaozong,446.25,30-10-2021,L,SUB,Andre Petroski
Lerone Murphy,553.03,30-10-2021,W,KO/TKO,Makwan Amirkhani
Makwan Amirkhani,513.36,30-10-2021,L,KO/TKO,Lerone Murphy
Michal Oleksiejczuk,538.7,30-10-2021,W,KO/TKO,Shamil Gamzatov
Shamil Gamzatov,499.65,30-10-2021,L,KO/TKO,Michal Oleksiejczuk
Elizeu Zaleski dos Santos,592.43,30-10-2021,W,U-DEC,Benoit Saint Denis
Benoit Saint Denis,487.82,30-10-2021,L,U-DEC,Elizeu Zaleski dos Santos
Albert Duraev,514.9,30-10-2021,W,U-DEC,Roman Kopylov
Roman Kopylov,466.44,30-10-2021,L,U-DEC,Albert Duraev
Zubaira Tukhugov,540.92,30-10-2021,W,U-DEC,Ricardo Ramos
Ricardo Ramos,542.83,30-10-2021,L,U-DEC,Zubaira Tukhugov
Amanda Ribas,569.2,30-10-2021,W,U-DEC,Virna Jandiroba
Virna Jandiroba,511.8,30-10-2021,L,U-DEC,Amanda Ribas
Magomed Ankalaev,599.93,30-10-2021,W,U-DEC,Volkan Oezdemir
Volkan Oezdemir,507.22,30-10-2021,L,U-DEC,Magomed Ankalaev
Khamzat Chimaev,573.98,30-10-2021,W,SUB,Li Jingliang
Li Jingliang,564.32,30-10-2021,L,SUB,Khamzat Chimaev
Alexander Volkov,585.67,30-10-2021,W,U-DEC,Marcin Tybura
Marcin Tybura,563.05,30-10-2021,L,U-DEC,Alexander Volkov
Islam Makhachev,674.12,30-10-2021,W,SUB,Dan Hooker
Dan Hooker,567.1,30-10-2021,L,SUB,Islam Makhachev
Petr Yan,619.96,30-10-2021,W,U-DEC,Cory Sandhagen
Cory Sandhagen,578.75,30-10-2021,L,U-DEC,Petr Yan
Glover Teixeira,689.0,30-10-2021,W,SUB,Jan Blachowicz
Jan Blachowicz,612.17,30-10-2021,L,SUB,Glover Teixeira
Ode Osbourne,495.82,06-11-2021,W,U-DEC,CJ Vergara
CJ Vergara,483.31,06-11-2021,L,U-DEC,Ode Osbourne
Melsik Baghdasaryan,531.5,06-11-2021,W,U-DEC,Bruno Souza
Bruno Souza,484.25,06-11-2021,L,U-DEC,Melsik Baghdasaryan
Dustin Jacoby,534.85,06-11-2021,W,U-DEC,John Allan
John Allan,481.46,06-11-2021,L,U-DEC,Dustin Jacoby
Chris Barnett,497.38,06-11-2021,W,KO/TKO,Gian Villante
Gian Villante,441.6,06-11-2021,L,KO/TKO,Chris Barnett
Ian Machado Garry,514.29,06-11-2021,W,KO/TKO,Jordan Williams
Jordan Williams,453.42,06-11-2021,L,KO/TKO,Ian Machado Garry
Nassourdine Imavov,533.18,06-11-2021,W,KO/TKO,Edmen Shahbazyan
Edmen Shahbazyan,521.93,06-11-2021,L,KO/TKO,Nassourdine Imavov
Chris Curtis,517.91,06-11-2021,W,KO/TKO,Phil Hawes
Phil Hawes,530.05,06-11-2021,L,KO/TKO,Chris Curtis
King Green,537.58,06-11-2021,W,KO/TKO,Al Iaquinta
Al Iaquinta,547.98,06-11-2021,L,KO/TKO,King Green
Alex Pereira,515.75,06-11-2021,W,KO/TKO,Andreas Michailidis
Andreas Michailidis,484.31,06-11-2021,L,KO/TKO,Alex Pereira
Justin Gaethje,580.79,06-11-2021,W,U-DEC,Michael Chandler
Michael Chandler,495.47,06-11-2021,L,U-DEC,Justin Gaethje
Shane Burgos,562.36,06-11-2021,W,U-DEC,Billy Quarantillo
Billy Quarantillo,531.93,06-11-2021,L,U-DEC,Shane Burgos
Marlon Vera,601.78,06-11-2021,W,KO/TKO,Frankie Edgar
Frankie Edgar,599.63,06-11-2021,L,KO/TKO,Marlon Vera
Rose Namajunas,616.58,06-11-2021,W,S-DEC,Zhang Weili
Zhang Weili,560.27,06-11-2021,L,S-DEC,Rose Namajunas
Kamaru Usman,772.82,06-11-2021,W,U-DEC,Colby Covington
Colby Covington,639.22,06-11-2021,L,U-DEC,Kamaru Usman
Da Woon Jung,566.14,13-11-2021,W,KO/TKO,Kennedy Nzechukwu
Kennedy Nzechukwu,514.76,13-11-2021,L,KO/TKO,Da Woon Jung
Rafael Alves,505.06,13-11-2021,W,SUB,Marc Diakiese
Marc Diakiese,486.32,13-11-2021,L,SUB,Rafael Alves
Cortney Casey,482.81,13-11-2021,W,U-DEC,Liana Jojua
Liana Jojua,469.76,13-11-2021,L,U-DEC,Cortney Casey
Sean Woodson,524.36,13-11-2021,W,KO/TKO,Collin Anglin
Collin Anglin,468.92,13-11-2021,L,KO/TKO,Sean Woodson
Andrea Lee,534.01,13-11-2021,W,KO/TKO,Cynthia Calvillo
Cynthia Calvillo,529.84,13-11-2021,L,KO/TKO,Andrea Lee
Joel Alvarez,558.25,13-11-2021,W,KO/TKO,Thiago Moises
Thiago Moises,507.7,13-11-2021,L,KO/TKO,Joel Alvarez
Song Yadong,597.69,13-11-2021,W,KO/TKO,Julio Arce
Julio Arce,513.08,13-11-2021,L,KO/TKO,Song Yadong
Khaos Williams,550.22,13-11-2021,W,KO/TKO,Miguel Baeza
Miguel Baeza,523.37,13-11-2021,L,KO/TKO,Khaos Williams
Felicia Spencer,507.55,13-11-2021,W,KO/TKO,Leah Letson
Leah Letson,498.86,13-11-2021,L,KO/TKO,Felicia Spencer
Marcos Rogerio de Lima,533.05,13-11-2021,W,KO/TKO,Ben Rothwell
Ben Rothwell,533.64,13-11-2021,L,KO/TKO,Marcos Rogerio de Lima
Max Holloway,693.43,13-11-2021,W,U-DEC,Yair Rodriguez
Yair Rodriguez,582.53,13-11-2021,L,U-DEC,Max Holloway
Luana Pinheiro,528.11,20-11-2021,W,U-DEC,Sam Hughes
Sam Hughes,455.18,20-11-2021,L,U-DEC,Luana Pinheiro
Shayilan Nuerdanbieke,496.9,20-11-2021,W,U-DEC,Sean Soriano
Sean Soriano,417.75,20-11-2021,L,U-DEC,Shayilan Nuerdanbieke
Cody Durden,497.73,20-11-2021,W,U-DEC,Aoriqileng
Aoriqileng,468.39,20-11-2021,L,U-DEC,Cody Durden
Loopy Godinez,504.51,20-11-2021,W,U-DEC,Loma Lookboonmee
Loma Lookboonmee,510.16,20-11-2021,L,U-DEC,Loopy Godinez
Rafa Garcia,486.27,20-11-2021,W,U-DEC,Natan Levy
Natan Levy,482.85,20-11-2021,L,U-DEC,Rafa Garcia
Pat Sabatini,552.09,20-11-2021,W,U-DEC,Tucker Lutz
Tucker Lutz,498.9,20-11-2021,L,U-DEC,Pat Sabatini
Adrian Yanez,563.45,20-11-2021,W,S-DEC,Davey Grant
Davey Grant,484.47,20-11-2021,L,S-DEC,Adrian Yanez
Rani Yahya,611.72,20-11-2021,W,U-DEC,Kyung Ho Kang
Kyung Ho Kang,563.37,20-11-2021,L,U-DEC,Rani Yahya
Taila Santos,556.7,20-11-2021,W,SUB,Joanne Wood
Joanne Wood,484.87,20-11-2021,L,SUB,Taila Santos
Sean Brady,596.6,20-11-2021,W,U-DEC,Michael Chiesa
Michael Chiesa,584.52,20-11-2021,L,U-DEC,Sean Brady
Ketlen Vieira,560.68,20-11-2021,W,U-DEC,Miesha Tate
Miesha Tate,519.16,20-11-2021,L,U-DEC,Ketlen Vieira
Vince Morales,503.04,04-12-2021,W,KO/TKO,Louis Smolka
Louis Smolka,489.25,04-12-2021,L,KO/TKO,Vince Morales
Claudio Puelles,555.35,04-12-2021,W,SUB,Chris Gruetzemacher
Chris Gruetzemacher,479.41,04-12-2021,L,SUB,Claudio Puelles
William Knight,532.48,04-12-2021,W,U-DEC,Alonzo Menifield
Alonzo Menifield,519.94,04-12-2021,L,U-DEC,William Knight
Cheyanne Vlismas,515.34,04-12-2021,W,U-DEC,Mallory Martin
Mallory Martin,461.61,04-12-2021,L,U-DEC,Cheyanne Vlismas
Bryan Barberena,518.32,04-12-2021,W,U-DEC,Darian Weeks
Darian Weeks,484.37,04-12-2021,L,U-DEC,Bryan Barberena
Manel Kape,505.98,04-12-2021,W,KO/TKO,Zhalgas Zhumagulov
Zhalgas Zhumagulov,470.22,04-12-2021,L,KO/TKO,Manel Kape
Dusko Todorovic,495.81,04-12-2021,W,KO/TKO,Maki Pitolo
Maki Pitolo,433.22,04-12-2021,L,KO/TKO,Dusko Todorovic
Alex Morono,575.52,04-12-2021,W,U-DEC,Mickey Gall
Mickey Gall,534.97,04-12-2021,L,U-DEC,Alex Morono
Chris Curtis,536.93,04-12-2021,W,KO/TKO,Brendan Allen
Brendan Allen,552.36,04-12-2021,L,KO/TKO,Chris Curtis
Clay Guida,530.59,04-12-2021,W,SUB,Leonardo Santos
Leonardo Santos,574.3,04-12-2021,L,SUB,Clay Guida
Jamahal Hill,518.86,04-12-2021,W,KO/TKO,Jimmy Crute
Jimmy Crute,520.54,04-12-2021,L,KO/TKO,Jamahal Hill
Rafael Fiziev,574.59,04-12-2021,W,KO/TKO,Brad Riddell
Brad Riddell,547.18,04-12-2021,L,KO/TKO,Rafael Fiziev
Jose Aldo,613.32,04-12-2021,W,U-DEC,Rob Font
Rob Font,579.83,04-12-2021,L,U-DEC,Jose Aldo
Gillian Robertson,542.11,11-12-2021,W,SUB,Priscila Cachoeira
Priscila Cachoeira,468.59,11-12-2021,L,SUB,Gillian Robertson
Tony Kelley,516.26,11-12-2021,W,KO/TKO,Randy Costa
Randy Costa,479.29,11-12-2021,L,KO/TKO,Tony Kelley
Ryan Hall,569.4,11-12-2021,W,U-DEC,Darrick Minner
Darrick Minner,491.44,11-12-2021,L,U-DEC,Ryan Hall
Erin Blanchfield,531.62,11-12-2021,W,U-DEC,Miranda Maverick
Miranda Maverick,500.41,11-12-2021,L,U-DEC,Erin Blanchfield
Andre Muniz,578.0,11-12-2021,W,SUB,Eryk Anders
Eryk Anders,489.84,11-12-2021,L,SUB,Andre Muniz
Bruno Silva,564.81,11-12-2021,W,KO/TKO,Jordan Wright
Jordan Wright,496.1,11-12-2021,L,KO/TKO,Bruno Silva
Tai Tuivasa,565.16,11-12-2021,W,KO/TKO,Augusto Sakai
Augusto Sakai,515.56,11-12-2021,L,KO/TKO,Tai Tuivasa
Dominick Cruz,589.57,11-12-2021,W,U-DEC,Pedro Munhoz
Pedro Munhoz,541.69,11-12-2021,L,U-DEC,Dominick Cruz
Josh Emmett,602.73,11-12-2021,W,U-DEC,Dan Ige
Dan Ige,555.71,11-12-2021,L,U-DEC,Josh Emmett
Sean O'Malley,590.4,11-12-2021,W,KO/TKO,Raulian Paiva
Raulian Paiva,507.78,11-12-2021,L,KO/TKO,Sean O'Malley
Kai Kara-France,554.59,11-12-2021,W,KO/TKO,Cody Garbrandt
Cody Garbrandt,538.47,11-12-2021,L,KO/TKO,Kai Kara-France
Geoff Neal,575.24,11-12-2021,W,S-DEC,Santiago Ponzinibbio
Santiago Ponzinibbio,603.79,11-12-2021,L,S-DEC,Geoff Neal
Julianna Pena,583.43,11-12-2021,W,SUB,Amanda Nunes
Amanda Nunes,683.71,11-12-2021,L,SUB,Julianna Pena
Charles Oliveira,738.2,11-12-2021,W,SUB,Dustin Poirier
Dustin Poirier,681.25,11-12-2021,L,SUB,Charles Oliveira
Jordan Leavitt,518.49,18-12-2021,W,SUB,Matt Sayles
Matt Sayles,464.74,18-12-2021,L,SUB,Jordan Leavitt
Don'Tale Mayes,497.34,18-12-2021,W,KO/TKO,Josh Parisian
Josh Parisian,481.04,18-12-2021,L,KO/TKO,Don'Tale Mayes
Raquel Pennington,583.85,18-12-2021,W,SUB,Macy Chiasson
Macy Chiasson,538.03,18-12-2021,L,SUB,Raquel Pennington
Charles Jourdain,498.96,18-12-2021,W,U-DEC,Andre Ewell
Andre Ewell,480.39,18-12-2021,L,U-DEC,Charles Jourdain
Melissa Gatto,531.4,18-12-2021,W,KO/TKO,Sijara Eubanks
Sijara Eubanks,495.7,18-12-2021,L,KO/TKO,Melissa Gatto
Justin Tafa,484.16,18-12-2021,W,KO/TKO,Harry Hunsucker
Harry Hunsucker,467.77,18-12-2021,L,KO/TKO,Justin Tafa
Gerald Meerschaert,558.54,18-12-2021,W,SUB,Dustin Stoltzfus
Dustin Stoltzfus,450.44,18-12-2021,L,SUB,Gerald Meerschaert
Cub Swanson,561.94,18-12-2021,W,KO/TKO,Darren Elkins
Darren Elkins,573.44,18-12-2021,L,KO/TKO,Cub Swanson
Mateusz Gamrot,543.83,18-12-2021,W,KO/TKO,Diego Ferreira
Diego Ferreira,562.19,18-12-2021,L,KO/TKO,Mateusz Gamrot
Ricky Simon,591.76,18-12-2021,W,KO/TKO,Raphael Assuncao
Raphael Assuncao,558.83,18-12-2021,L,KO/TKO,Ricky Simon
Amanda Lemos,570.75,18-12-2021,W,S-DEC,Angela Hill
Angela Hill,463.36,18-12-2021,L,S-DEC,Amanda Lemos
Belal Muhammad,653.59,18-12-2021,W,U-DEC,Stephen Thompson
Stephen Thompson,580.52,18-12-2021,L,U-DEC,Belal Muhammad
Derrick Lewis,645.19,18-12-2021,W,KO/TKO,Chris Daukaus
Chris Daukaus,555.44,18-12-2021,L,KO/TKO,Derrick Lewis
TJ Brown,498.78,15-01-2022,W,U-DEC,Charles Rosa
Charles Rosa,475.21,15-01-2022,L,U-DEC,TJ Brown
Brian Kelleher,551.61,15-01-2022,W,U-DEC,Kevin Croom
Kevin Croom,484.43,15-01-2022,L,U-DEC,Brian Kelleher
Court McGee,510.84,15-01-2022,W,U-DEC,Ramiz Brahimaj
Ramiz Brahimaj,485.76,15-01-2022,L,U-DEC,Court McGee
Jamie Pickett,502.78,15-01-2022,W,U-DEC,Joseph Holmes
Joseph Holmes,482.82,15-01-2022,L,U-DEC,Jamie Pickett
Bill Algeo,505.85,15-01-2022,W,U-DEC,Joanderson Brito
Joanderson Brito,483.78,15-01-2022,L,U-DEC,Bill Algeo
Viacheslav Borshchev,515.0,15-01-2022,W,KO/TKO,Dakota Bush
Dakota Bush,468.42,15-01-2022,L,KO/TKO,Viacheslav Borshchev
Katlyn Cerminara,589.06,15-01-2022,W,U-DEC,Jennifer Maia
Jennifer Maia,508.03,15-01-2022,L,U-DEC,Katlyn Cerminara
Brandon Royval,520.35,15-01-2022,W,S-DEC,Rogerio Bontorin
Rogerio Bontorin,499.94,15-01-2022,L,S-DEC,Brandon Royval
Jake Collier,500.43,15-01-2022,W,SUB,Chase Sherman
Chase Sherman,427.66,15-01-2022,L,SUB,Jake Collier
Calvin Kattar,575.65,15-01-2022,W,U-DEC,Giga Chikadze
Giga Chikadze,597.86,15-01-2022,L,U-DEC,Calvin Kattar
Jasmine Jasudavicius,515.85,22-01-2022,W,U-DEC,Kay Hansen
Kay Hansen,486.29,22-01-2022,L,U-DEC,Jasmine Jasudavicius
Vanessa Demopoulos,503.91,22-01-2022,W,SUB,Silvana Gomez Juarez
Silvana Gomez Juarez,460.59,22-01-2022,L,SUB,Vanessa Demopoulos
Matt Frevola,503.27,22-01-2022,W,KO/TKO,Genaro Valdez
Genaro Valdez,483.66,22-01-2022,L,KO/TKO,Matt Frevola
Tony Gravely,513.91,22-01-2022,W,U-DEC,Saimon Oliveira
Saimon Oliveira,484.16,22-01-2022,L,U-DEC,Tony Gravely
Jack Della Maddalena,515.75,22-01-2022,W,KO/TKO,Pete Rodriguez
Pete Rodriguez,484.25,22-01-2022,L,KO/TKO,Jack Della Maddalena
Victor Henry,518.49,22-01-2022,W,U-DEC,Raoni Barcelos
Raoni Barcelos,542.52,22-01-2022,L,U-DEC,Victor Henry
Michael Morales,517.08,22-01-2022,W,KO/TKO,Trevin Giles
Trevin Giles,512.33,22-01-2022,L,KO/TKO,Michael Morales
Said Nurmagomedov,551.43,22-01-2022,W,SUB,Cody Stamann
Cody Stamann,511.28,22-01-2022,L,SUB,Said Nurmagomedov
Michel Pereira,557.69,22-01-2022,W,U-DEC,Andre Fialho
Andre Fialho,484.16,22-01-2022,L,U-DEC,Michel Pereira
Deiveson Figueiredo,635.03,22-01-2022,W,U-DEC,Brandon Moreno
Brandon Moreno,587.67,22-01-2022,L,U-DEC,Deiveson Figueiredo
Francis Ngannou,682.57,22-01-2022,W,U-DEC,Ciryl Gane
Ciryl Gane,617.16,22-01-2022,L,U-DEC,Francis Ngannou
Malcolm Gordon,500.18,05-02-2022,W,KO/TKO,Denys Bondar
Denys Bondar,482.69,05-02-2022,L,KO/TKO,Malcolm Gordon
Phil Rowe,516.76,05-02-2022,W,KO/TKO,Jason Witt
Jason Witt,487.74,05-02-2022,L,KO/TKO,Phil Rowe
Jailton Almeida,516.33,05-02-2022,W,KO/TKO,Danilo Marques
Danilo Marques,496.57,05-02-2022,L,KO/TKO,Jailton Almeida
Alexis Davis,513.86,05-02-2022,W,U-DEC,Julija Stoliarenko
Julija Stoliarenko,439.3,05-02-2022,L,U-DEC,Alexis Davis
Chidi Njokuani,514.8,05-02-2022,W,KO/TKO,Marc-Andre Barriault
Marc-Andre Barriault,464.2,05-02-2022,L,KO/TKO,Chidi Njokuani
Hakeem Dawodu,561.9,05-02-2022,W,U-DEC,Michael Trizano
Michael Trizano,512.57,05-02-2022,L,U-DEC,Hakeem Dawodu
John Castaneda,523.14,05-02-2022,W,SUB,Miles Johns
Miles Johns,508.89,05-02-2022,L,SUB,John Castaneda
Julian Erosa,514.48,05-02-2022,W,S-DEC,Steven Peterson
Steven Peterson,485.3,05-02-2022,L,S-DEC,Julian Erosa
Bryan Battle,534.66,05-02-2022,W,U-DEC,Tresean Gore
Tresean Gore,484.4,05-02-2022,L,U-DEC,Bryan Battle
Brendan Allen,567.19,05-02-2022,W,SUB,Sam Alvey
Sam Alvey,459.19,05-02-2022,L,SUB,Brendan Allen
Shavkat Rakhmonov,564.72,05-02-2022,W,KO/TKO,Carlston Harris
Carlston Harris,518.94,05-02-2022,L,KO/TKO,Shavkat Rakhmonov
Nick Maximov,532.28,05-02-2022,W,S-DEC,Punahele Soriano
Punahele Soriano,499.9,05-02-2022,L,S-DEC,Nick Maximov
Sean Strickland,640.4,05-02-2022,W,S-DEC,Jack Hermansson
Jack Hermansson,568.91,05-02-2022,L,S-DEC,Sean Strickland
Maxim Grishin,500.6,12-02-2022,W,U-DEC,William Knight
William Knight,514.48,12-02-2022,L,U-DEC,Maxim Grishin
Jeremiah Wells,537.63,12-02-2022,W,SUB,Blood Diamond
Blood Diamond,480.78,12-02-2022,L,SUB,Jeremiah Wells
Douglas Silva de Andrade,532.4,12-02-2022,W,SUB,Sergey Morozov
Sergey Morozov,477.27,12-02-2022,L,SUB,Douglas Silva de Andrade
Jacob Malkoun,517.73,12-02-2022,W,U-DEC,AJ Dobson
AJ Dobson,483.56,12-02-2022,L,U-DEC,Jacob Malkoun
Ronnie Lawrence,531.46,12-02-2022,W,U-DEC,Mana Martinez
Mana Martinez,497.6,12-02-2022,L,U-DEC,Ronnie Lawrence
Carlos Ulberg,498.31,12-02-2022,W,U-DEC,Fabio Cherant
Fabio Cherant,450.79,12-02-2022,L,U-DEC,Carlos Ulberg
Kyler Phillips,547.52,12-02-2022,W,SUB,Marcelo Rojo
Marcelo Rojo,467.45,12-02-2022,L,SUB,Kyler Phillips
Casey O'Neill,562.96,12-02-2022,W,S-DEC,Roxanne Modafferi
Roxanne Modafferi,449.34,12-02-2022,L,S-DEC,Casey O'Neill
Andrei Arlovski,566.15,12-02-2022,W,S-DEC,Jared Vanderaa
Jared Vanderaa,470.47,12-02-2022,L,S-DEC,Andrei Arlovski
King Green,553.81,12-02-2022,W,U-DEC,Nasrat Haqparast
Nasrat Haqparast,515.64,12-02-2022,L,U-DEC,King Green
Renato Moicano,572.38,12-02-2022,W,SUB,Alexander Hernandez
Alexander Hernandez,522.21,12-02-2022,L,SUB,Renato Moicano
Jared Cannonier,574.5,12-02-2022,W,KO/TKO,Derek Brunson
Derek Brunson,625.43,12-02-2022,L,KO/TKO,Jared Cannonier
Tai Tuivasa,588.15,12-02-2022,W,KO/TKO,Derrick Lewis
Derrick Lewis,622.2,12-02-2022,L,KO/TKO,Tai Tuivasa
Israel Adesanya,684.96,12-02-2022,W,U-DEC,Robert Whittaker
Robert Whittaker,668.8,12-02-2022,L,U-DEC,Israel Adesanya
Mario Bautista,514.27,19-02-2022,W,U-DEC,Jay Perrin
Jay Perrin,484.18,19-02-2022,L,U-DEC,Mario Bautista
Jonathan Pearce,539.59,19-02-2022,W,U-DEC,Christian Rodriguez
Christian Rodriguez,483.92,19-02-2022,L,U-DEC,Jonathan Pearce
Chad Anheliger,515.08,19-02-2022,W,KO/TKO,Jesse Strader
Jesse Strader,470.13,19-02-2022,L,KO/TKO,Chad Anheliger
Gloria de Paula,483.41,19-02-2022,W,U-DEC,Diana Belbita
Diana Belbita,464.29,19-02-2022,L,U-DEC,Gloria de Paula
Chas Skelly,566.48,19-02-2022,W,KO/TKO,Mark Striegl
Mark Striegl,471.68,19-02-2022,L,KO/TKO,Chas Skelly
Stephanie Egger,521.87,19-02-2022,W,SUB,Jessica-Rose Clark
Jessica-Rose Clark,504.87,19-02-2022,L,SUB,Stephanie Egger
David Onama,501.34,19-02-2022,W,KO/TKO,Gabriel Benitez
Gabriel Benitez,496.48,19-02-2022,L,KO/TKO,David Onama
Joaquin Buckley,531.79,19-02-2022,W,S-DEC,Abdul Razak Alhassan
Abdul Razak Alhassan,494.69,19-02-2022,L,S-DEC,Joaquin Buckley
Jim Miller,567.36,19-02-2022,W,KO/TKO,Nikolas Motta
Nikolas Motta,486.01,19-02-2022,L,KO/TKO,Jim Miller
Parker Porter,530.28,19-02-2022,W,U-DEC,Alan Baudot
Alan Baudot,454.97,19-02-2022,L,U-DEC,Parker Porter
Kyle Daukaus,523.1,19-02-2022,W,SUB,Jamie Pickett
Jamie Pickett,483.46,19-02-2022,L,SUB,Kyle Daukaus
Jamahal Hill,535.56,19-02-2022,W,KO/TKO,Johnny Walker
Johnny Walker,506.44,19-02-2022,L,KO/TKO,Jamahal Hill
Carlos Hernandez,515.75,26-02-2022,W,S-DEC,Victor Altamirano
Victor Altamirano,484.25,26-02-2022,L,S-DEC,Carlos Hernandez
Ramiz Brahimaj,505.05,26-02-2022,W,SUB,Micheal Gillmore
Micheal Gillmore,464.96,26-02-2022,L,SUB,Ramiz Brahimaj
Jonathan Martinez,546.97,26-02-2022,W,U-DEC,Alejandro Perez
Alejandro Perez,547.77,26-02-2022,L,U-DEC,Jonathan Martinez
Terrance McKinney,536.21,26-02-2022,W,SUB,Fares Ziam
Fares Ziam,496.18,26-02-2022,L,SUB,Terrance McKinney
Josiane Nunes,532.94,26-02-2022,W,U-DEC,Ramona Pascual
Ramona Pascual,484.32,26-02-2022,L,U-DEC,Josiane Nunes
Ignacio Bahamondes,522.68,26-02-2022,W,SUB,Rongzhu
Rongzhu,479.94,26-02-2022,L,SUB,Ignacio Bahamondes
Armen Petrosyan,517.23,26-02-2022,W,S-DEC,Gregory Rodrigues
Gregory Rodrigues,515.43,26-02-2022,L,S-DEC,Armen Petrosyan
Arman Tsarukyan,575.7,26-02-2022,W,KO/TKO,Joel Alvarez
Joel Alvarez,539.43,26-02-2022,L,KO/TKO,Arman Tsarukyan
Priscila Cachoeira,485.01,26-02-2022,W,U-DEC,Ji Yeon Kim
Ji Yeon Kim,467.03,26-02-2022,L,U-DEC,Priscila Cachoeira
Wellington Turman,509.21,26-02-2022,W,SUB,Misha Cirkunov
Misha Cirkunov,507.95,26-02-2022,L,SUB,Wellington Turman
Islam Makhachev,689.13,26-02-2022,W,KO/TKO,King Green
King Green,538.8,26-02-2022,L,KO/TKO,Islam Makhachev
Dustin Jacoby,553.81,05-03-2022,W,U-DEC,Michal Oleksiejczuk
Michal Oleksiejczuk,519.74,05-03-2022,L,U-DEC,Dustin Jacoby
Ludovit Klein,498.08,05-03-2022,W,S-DEC,Devonte Smith
Devonte Smith,493.61,05-03-2022,L,S-DEC,Ludovit Klein
Tim Elliott,477.37,05-03-2022,W,U-DEC,Tagir Ulanbekov
Tagir Ulanbekov,512.43,05-03-2022,L,U-DEC,Tim Elliott
Umar Nurmagomedov,541.25,05-03-2022,W,SUB,Brian Kelleher
Brian Kelleher,529.42,05-03-2022,L,SUB,Umar Nurmagomedov
Maryna Moroz,552.06,05-03-2022,W,SUB,Mariya Agapova
Mariya Agapova,499.77,05-03-2022,L,SUB,Maryna Moroz
Nicolae Negumereanu,531.45,05-03-2022,W,S-DEC,Kennedy Nzechukwu
Kennedy Nzechukwu,497.48,05-03-2022,L,S-DEC,Nicolae Negumereanu
Marina Rodriguez,587.61,05-03-2022,W,S-DEC,Yan Xiaonan
Yan Xiaonan,554.58,05-03-2022,L,S-DEC,Marina Rodriguez
Jalin Turner,559.0,05-03-2022,W,KO/TKO,Jamie Mullarkey
Jamie Mullarkey,489.04,05-03-2022,L,KO/TKO,Jalin Turner
Serghei Spivac,536.21,05-03-2022,W,KO/TKO,Greg Hardy
Greg Hardy,474.27,05-03-2022,L,KO/TKO,Serghei Spivac
Kevin Holland,560.27,05-03-2022,W,KO/TKO,Alex Oliveira
Alex Oliveira,491.92,05-03-2022,L,KO/TKO,Kevin Holland
Bryce Mitchell,602.69,05-03-2022,W,U-DEC,Edson Barboza
Edson Barboza,536.92,05-03-2022,L,U-DEC,Bryce Mitchell
Rafael Dos Anjos,629.84,05-03-2022,W,U-DEC,Renato Moicano
Renato Moicano,557.91,05-03-2022,L,U-DEC,Rafael Dos Anjos
Colby Covington,652.19,05-03-2022,W,U-DEC,Jorge Masvidal
Jorge Masvidal,564.33,05-03-2022,L,U-DEC,Colby Covington
Azamat Murzakanov,516.29,12-03-2022,W,KO/TKO,Tafon Nchukwi
Tafon Nchukwi,495.53,12-03-2022,L,KO/TKO,Azamat Murzakanov
Guido Cannetti,465.88,12-03-2022,W,KO/TKO,Kris Moutinho
Kris Moutinho,468.95,12-03-2022,L,KO/TKO,Guido Cannetti
Cody Brundage,504.17,12-03-2022,W,SUB,Dalcha Lungiambula
Dalcha Lungiambula,474.16,12-03-2022,L,SUB,Cody Brundage
Miranda Maverick,519.52,12-03-2022,W,SUB,Sabina Mazo
Sabina Mazo,482.25,12-03-2022,L,SUB,Miranda Maverick
Damon Jackson,538.18,12-03-2022,W,SUB,Kamuela Kirk
Kamuela Kirk,497.97,12-03-2022,L,SUB,Damon Jackson
Javid Basharat,516.22,12-03-2022,W,U-DEC,Trevin Jones
Trevin Jones,494.1,12-03-2022,L,U-DEC,Javid Basharat
JJ Aldrich,560.51,12-03-2022,W,U-DEC,Gillian Robertson
Gillian Robertson,524.92,12-03-2022,L,U-DEC,JJ Aldrich
Matthew Semelsberger,545.36,12-03-2022,W,U-DEC,AJ Fletcher
AJ Fletcher,484.94,12-03-2022,L,U-DEC,Matthew Semelsberger
Alex Pereira,534.56,12-03-2022,W,U-DEC,Bruno Silva
Bruno Silva,546.0,12-03-2022,L,U-DEC,Alex Pereira
Drew Dober,549.81,12-03-2022,W,KO/TKO,Terrance McKinney
Terrance McKinney,520.36,12-03-2022,L,KO/TKO,Drew Dober
Khalil Rountree Jr.,504.4,12-03-2022,W,KO/TKO,Karl Roberson
Karl Roberson,479.7,12-03-2022,L,KO/TKO,Khalil Rountree Jr.
Sodiq Yusuff,566.51,12-03-2022,W,U-DEC,Alex Caceres
Alex Caceres,551.83,12-03-2022,L,U-DEC,Sodiq Yusuff
Song Yadong,611.39,12-03-2022,W,KO/TKO,Marlon Moraes
Marlon Moraes,511.46,12-03-2022,L,KO/TKO,Song Yadong
Magomed Ankalaev,619.88,12-03-2022,W,U-DEC,Thiago Santos
Thiago Santos,562.53,12-03-2022,L,U-DEC,Magomed Ankalaev
Muhammad Mokaev,519.25,19-03-2022,W,SUB,Cody Durden
Cody Durden,478.48,19-03-2022,L,SUB,Muhammad Mokaev
Elise Reed,501.3,19-03-2022,W,S-DEC,Cory McKenna
Cory McKenna,499.38,19-03-2022,L,S-DEC,Elise Reed
Jack Shore,582.76,19-03-2022,W,U-DEC,Timur Valiev
Timur Valiev,503.2,19-03-2022,L,U-DEC,Jack Shore
Paul Craig,586.09,19-03-2022,W,SUB,Nikita Krylov
Nikita Krylov,514.58,19-03-2022,L,SUB,Paul Craig
Sergei Pavlovich,538.24,19-03-2022,W,KO/TKO,Shamil Abdurakhimov
Shamil Abdurakhimov,502.53,19-03-2022,L,KO/TKO,Sergei Pavlovich
Makwan Amirkhani,531.11,19-03-2022,W,SUB,Mike Grundy
Mike Grundy,466.45,19-03-2022,L,SUB,Makwan Amirkhani
Ilia Topuria,568.37,19-03-2022,W,KO/TKO,Jai Herbert
Jai Herbert,474.53,19-03-2022,L,KO/TKO,Ilia Topuria
Molly McCann,527.82,19-03-2022,W,KO/TKO,Luana Carolina
Luana Carolina,507.92,19-03-2022,L,KO/TKO,Molly McCann
Gunnar Nelson,573.19,19-03-2022,W,U-DEC,Takashi Sato
Takashi Sato,481.96,19-03-2022,L,U-DEC,Gunnar Nelson
Paddy Pimblett,533.59,19-03-2022,W,SUB,Kazula Vargas
Kazula Vargas,466.94,19-03-2022,L,SUB,Paddy Pimblett
Arnold Allen,651.64,19-03-2022,W,KO/TKO,Dan Hooker
Dan Hooker,549.49,19-03-2022,L,KO/TKO,Arnold Allen
Tom Aspinall,594.48,19-03-2022,W,SUB,Alexander Volkov
Alexander Volkov,561.6,19-03-2022,L,SUB,Tom Aspinall
Luis Saldana,512.6,26-03-2022,W,U-DEC,Bruno Souza
Bruno Souza,469.1,26-03-2022,L,U-DEC,Luis Saldana
Matheus Nicolau,577.21,26-03-2022,W,U-DEC,David Dvorak
David Dvorak,534.27,26-03-2022,L,U-DEC,Matheus Nicolau
Manon Fiorot,564.23,26-03-2022,W,U-DEC,Jennifer Maia
Jennifer Maia,492.11,26-03-2022,L,U-DEC,Manon Fiorot
Aliaskhab Khizriev,519.06,26-03-2022,W,SUB,Denis Tiuliulin
Denis Tiuliulin,480.94,26-03-2022,L,SUB,Aliaskhab Khizriev
Chris Gutierrez,581.23,26-03-2022,W,KO/TKO,Batgerel Danaa
Batgerel Danaa,512.35,26-03-2022,L,KO/TKO,Chris Gutierrez
Sara McMann,514.7,26-03-2022,W,U-DEC,Karol Rosa
Karol Rosa,542.88,26-03-2022,L,U-DEC,Sara McMann
Marc Diakiese,503.37,26-03-2022,W,U-DEC,Viacheslav Borshchev
Viacheslav Borshchev,497.95,26-03-2022,L,U-DEC,Marc Diakiese
Neil Magny,651.27,26-03-2022,W,S-DEC,Max Griffin
Max Griffin,507.45,26-03-2022,L,S-DEC,Neil Magny
Kai Kara-France,571.89,26-03-2022,W,U-DEC,Askar Askarov
Askar Askarov,538.25,26-03-2022,L,U-DEC,Kai Kara-France
Bryan Barberena,536.33,26-03-2022,W,S-DEC,Matt Brown
Matt Brown,532.12,26-03-2022,L,S-DEC,Bryan Barberena
Alexa Grasso,548.22,26-03-2022,W,SUB,Joanne Wood
Joanne Wood,466.38,26-03-2022,L,SUB,Alexa Grasso
Curtis Blaydes,644.83,26-03-2022,W,KO/TKO,Chris Daukaus
Chris Daukaus,542.51,26-03-2022,L,KO/TKO,Curtis Blaydes
Julio Arce,528.24,09-04-2022,W,U-DEC,Daniel Santos
Daniel Santos,484.84,09-04-2022,L,U-DEC,Julio Arce
Piera Rodriguez,515.13,09-04-2022,W,U-DEC,Kay Hansen
Kay Hansen,471.16,09-04-2022,L,U-DEC,Piera Rodriguez
Aleksei Oleinik,540.8,09-04-2022,W,SUB,Jared Vanderaa
Jared Vanderaa,454.08,09-04-2022,L,SUB,Aleksei Oleinik
Mike Malott,517.33,09-04-2022,W,KO/TKO,Mickey Gall
Mickey Gall,517.64,09-04-2022,L,KO/TKO,Mike Malott
Raquel Pennington,598.92,09-04-2022,W,U-DEC,Aspen Ladd
Aspen Ladd,511.63,09-04-2022,L,U-DEC,Raquel Pennington
Anthony Hernandez,523.55,09-04-2022,W,U-DEC,Josh Fremd
Josh Fremd,483.85,09-04-2022,L,U-DEC,Anthony Hernandez
Ian Machado Garry,529.37,09-04-2022,W,U-DEC,Darian Weeks
Darian Weeks,469.29,09-04-2022,L,U-DEC,Ian Machado Garry
Mark Madsen,567.29,09-04-2022,W,U-DEC,Vinc Pichel
Vinc Pichel,559.04,09-04-2022,L,U-DEC,Mark Madsen
Mackenzie Dern,583.36,09-04-2022,W,S-DEC,Tecia Pennington
Tecia Pennington,541.72,09-04-2022,L,S-DEC,Mackenzie Dern
Khamzat Chimaev,596.69,09-04-2022,W,U-DEC,Gilbert Burns
Gilbert Burns,625.84,09-04-2022,L,U-DEC,Khamzat Chimaev
Aljamain Sterling,680.79,09-04-2022,W,S-DEC,Petr Yan
Petr Yan,602.21,09-04-2022,L,S-DEC,Aljamain Sterling
Alexander Volkanovski,712.9,09-04-2022,W,KO/TKO,Chan Sung Jung
Chan Sung Jung,568.42,09-04-2022,L,KO/TKO,Alexander Volkanovski
Alatengheili,528.34,16-04-2022,W,KO/TKO,Kevin Croom
Kevin Croom,470.01,16-04-2022,L,KO/TKO,Alatengheili
Sam Hughes,472.07,16-04-2022,W,M-DEC,Istela Nunes
Istela Nunes,463.4,16-04-2022,L,M-DEC,Sam Hughes
Jordan Leavitt,534.11,16-04-2022,W,S-DEC,Trey Ogden
Trey Ogden,484.38,16-04-2022,L,S-DEC,Jordan Leavitt
Martin Buday,515.63,16-04-2022,W,U-DEC,Chris Barnett
Chris Barnett,481.75,16-04-2022,L,U-DEC,Martin Buday
Rafa Garcia,505.38,16-04-2022,W,SUB,Jesse Ronson
Jesse Ronson,452.22,16-04-2022,L,SUB,Rafa Garcia
Drakkar Klose,560.27,16-04-2022,W,KO/TKO,Brandon Jenkins
Brandon Jenkins,470.58,16-04-2022,L,KO/TKO,Drakkar Klose
Pannie Kianzad,536.07,16-04-2022,W,U-DEC,Lina Lansberg
Lina Lansberg,486.95,16-04-2022,L,U-DEC,Pannie Kianzad
Devin Clark,506.78,16-04-2022,W,KO/TKO,William Knight
William Knight,497.62,16-04-2022,L,KO/TKO,Devin Clark
Mounir Lazzez,518.96,16-04-2022,W,U-DEC,Ange Loosa
Ange Loosa,484.4,16-04-2022,L,U-DEC,Mounir Lazzez
Pat Sabatini,566.39,16-04-2022,W,U-DEC,TJ Laramie
TJ Laramie,465.28,16-04-2022,L,U-DEC,Pat Sabatini
Mayra Bueno Silva,520.05,16-04-2022,W,U-DEC,Wu Yanan
Wu Yanan,459.07,16-04-2022,L,U-DEC,Mayra Bueno Silva
Andre Fialho,501.68,16-04-2022,W,KO/TKO,Miguel Baeza
Miguel Baeza,505.85,16-04-2022,L,KO/TKO,Andre Fialho
Caio Borralho,515.75,16-04-2022,W,U-DEC,Gadzhi Omargadzhiev
Gadzhi Omargadzhiev,484.25,16-04-2022,L,U-DEC,Caio Borralho
Belal Muhammad,675.28,16-04-2022,W,U-DEC,Vicente Luque
Vicente Luque,656.69,16-04-2022,L,U-DEC,Belal Muhammad
Mike Jackson,511.59,23-04-2022,W,DQ,Dean Barry
Dean Barry,484.05,23-04-2022,L,DQ,Mike Jackson
Philipe Lins,486.31,23-04-2022,W,U-DEC,Marcin Prachnio
Marcin Prachnio,472.52,23-04-2022,L,U-DEC,Philipe Lins
Preston Parsons,502.18,23-04-2022,W,U-DEC,Evan Elder
Evan Elder,483.61,23-04-2022,L,U-DEC,Preston Parsons
Aoriqileng,484.86,23-04-2022,W,KO/TKO,Cameron Else
Cameron Else,467.75,23-04-2022,L,KO/TKO,Aoriqileng
Tyson Pedro,516.86,23-04-2022,W,KO/TKO,Ike Villanueva
Ike Villanueva,437.04,23-04-2022,L,KO/TKO,Tyson Pedro
Sergey Khandozhko,519.29,23-04-2022,W,KO/TKO,Dwight Grant
Dwight Grant,490.26,23-04-2022,L,KO/TKO,Sergey Khandozhko
Marc-Andre Barriault,485.35,23-04-2022,W,SUB,Jordan Wright
Jordan Wright,474.95,23-04-2022,L,SUB,Marc-Andre Barriault
Charles Jourdain,519.27,23-04-2022,W,SUB,Lando Vannata
Lando Vannata,478.93,23-04-2022,L,SUB,Charles Jourdain
Maycee Barber,548.43,23-04-2022,W,U-DEC,Montana De La Rosa
Montana De La Rosa,531.99,23-04-2022,L,U-DEC,Maycee Barber
Claudio Puelles,576.77,23-04-2022,W,SUB,Clay Guida
Clay Guida,509.17,23-04-2022,L,SUB,Claudio Puelles
Jessica Andrade,603.05,23-04-2022,W,SUB,Amanda Lemos
Amanda Lemos,551.2,23-04-2022,L,SUB,Jessica Andrade
Shanna Young,484.73,30-04-2022,W,KO/TKO,Gina Mazany
Gina Mazany,437.09,30-04-2022,L,KO/TKO,Shanna Young
Natan Levy,498.72,30-04-2022,W,U-DEC,Mike Breeden
Mike Breeden,469.6,30-04-2022,L,U-DEC,Natan Levy
Gabe Green,517.44,30-04-2022,W,KO/TKO,Yohan Lainesse
Yohan Lainesse,483.55,30-04-2022,L,KO/TKO,Gabe Green
Francisco Figueiredo,515.63,30-04-2022,W,SUB,Daniel Lacerda
Daniel Lacerda,465.59,30-04-2022,L,SUB,Francisco Figueiredo
Alexandr Romanov,585.59,30-04-2022,W,SUB,Chase Sherman
Chase Sherman,413.64,30-04-2022,L,SUB,Alexandr Romanov
Krzysztof Jotko,585.16,30-04-2022,W,U-DEC,Gerald Meerschaert
Gerald Meerschaert,542.54,30-04-2022,L,U-DEC,Krzysztof Jotko
Darren Elkins,585.91,30-04-2022,W,U-DEC,Tristan Connelly
Tristan Connelly,487.54,30-04-2022,L,U-DEC,Darren Elkins
Grant Dawson,609.63,30-04-2022,W,SUB,Jared Gordon
Jared Gordon,530.29,30-04-2022,L,SUB,Grant Dawson
Joanderson Brito,500.58,30-04-2022,W,KO/TKO,Andre Fili
Andre Fili,490.19,30-04-2022,L,KO/TKO,Joanderson Brito
Andrei Arlovski,580.79,30-04-2022,W,S-DEC,Jake Collier
Jake Collier,485.79,30-04-2022,L,S-DEC,Andrei Arlovski
Marlon Vera,617.94,30-04-2022,W,U-DEC,Rob Font
Rob Font,563.67,30-04-2022,L,U-DEC,Marlon Vera
Journey Newson,500.34,07-05-2022,W,U-DEC,Fernie Garcia
Fernie Garcia,483.52,07-05-2022,L,U-DEC,Journey Newson
Loopy Godinez,521.67,07-05-2022,W,U-DEC,Ariane Carnelossi
Ariane Carnelossi,501.17,07-05-2022,L,U-DEC,Loopy Godinez
CJ Vergara,499.82,07-05-2022,W,S-DEC,Kleydson Rodrigues
Kleydson Rodrigues,483.49,07-05-2022,L,S-DEC,CJ Vergara
Tracy Cortez,563.36,07-05-2022,W,U-DEC,Melissa Gatto
Melissa Gatto,514.16,07-05-2022,L,U-DEC,Tracy Cortez
Andre Fialho,518.1,07-05-2022,W,KO/TKO,Cameron VanCamp
Cameron VanCamp,483.58,07-05-2022,L,KO/TKO,Andre Fialho
Blagoy Ivanov,514.51,07-05-2022,W,U-DEC,Marcos Rogerio de Lima
Marcos Rogerio de Lima,515.68,07-05-2022,L,U-DEC,Blagoy Ivanov
Brandon Royval,541.2,07-05-2022,W,SUB,Matt Schnell
Matt Schnell,509.0,07-05-2022,L,SUB,Brandon Royval
Macy Chiasson,553.63,07-05-2022,W,S-DEC,Norma Dumont
Norma Dumont,519.13,07-05-2022,L,S-DEC,Macy Chiasson
Francisco Trinaldo,634.72,07-05-2022,W,U-DEC,Danny Roberts
Danny Roberts,527.94,07-05-2022,L,U-DEC,Francisco Trinaldo
Randy Brown,588.64,07-05-2022,W,S-DEC,Khaos Williams
Khaos Williams,534.07,07-05-2022,L,S-DEC,Randy Brown
Ovince Saint Preux,535.92,07-05-2022,W,S-DEC,Mauricio Rua
Mauricio Rua,519.49,07-05-2022,L,S-DEC,Ovince Saint Preux
Michael Chandler,518.68,07-05-2022,W,KO/TKO,Tony Ferguson
Tony Ferguson,651.22,07-05-2022,L,KO/TKO,Michael Chandler
Carla Esparza,611.02,07-05-2022,W,S-DEC,Rose Namajunas
Rose Namajunas,595.59,07-05-2022,L,S-DEC,Carla Esparza
Charles Oliveira,754.13,07-05-2022,W,SUB,Justin Gaethje
Justin Gaethje,564.86,07-05-2022,L,SUB,Charles Oliveira
Andre Petroski,553.63,14-05-2022,W,SUB,Nick Maximov
Nick Maximov,511.07,14-05-2022,L,SUB,Andre Petroski
Tatsuro Taira,515.75,14-05-2022,W,U-DEC,Carlos Candelario
Carlos Candelario,484.25,14-05-2022,L,U-DEC,Tatsuro Taira
Virna Jandiroba,525.37,14-05-2022,W,U-DEC,Angela Hill
Angela Hill,449.79,14-05-2022,L,U-DEC,Virna Jandiroba
Michael Johnson,488.13,14-05-2022,W,KO/TKO,Alan Patrick
Alan Patrick,492.41,14-05-2022,L,KO/TKO,Michael Johnson
Viviane Araujo,546.39,14-05-2022,W,U-DEC,Andrea Lee
Andrea Lee,518.1,14-05-2022,L,U-DEC,Viviane Araujo
Allan Nascimento,500.7,14-05-2022,W,U-DEC,Jake Hadley
Jake Hadley,483.54,14-05-2022,L,U-DEC,Allan Nascimento
Manuel Torres,513.85,14-05-2022,W,KO/TKO,Frank Camacho
Frank Camacho,443.96,14-05-2022,L,KO/TKO,Manuel Torres
Katlyn Cerminara,606.03,14-05-2022,W,S-DEC,Amanda Ribas
Amanda Ribas,552.23,14-05-2022,L,S-DEC,Katlyn Cerminara
Davey Grant,500.44,14-05-2022,W,KO/TKO,Louis Smolka
Louis Smolka,473.28,14-05-2022,L,KO/TKO,Davey Grant
Ryan Spann,563.75,14-05-2022,W,SUB,Ion Cutelaba
Ion Cutelaba,484.59,14-05-2022,L,SUB,Ryan Spann
Jan Blachowicz,626.56,14-05-2022,W,KO/TKO,Aleksandar Rakic
Aleksandar Rakic,567.77,14-05-2022,L,KO/TKO,Jan Blachowicz
Sam Hughes,489.95,21-05-2022,W,KO/TKO,Elise Reed
Elise Reed,483.42,21-05-2022,L,KO/TKO,Sam Hughes
Chase Hooper,511.97,21-05-2022,W,KO/TKO,Felipe Colares
Felipe Colares,468.8,21-05-2022,L,KO/TKO,Chase Hooper
Jonathan Martinez,562.05,21-05-2022,W,U-DEC,Vince Morales
Vince Morales,487.96,21-05-2022,L,U-DEC,Jonathan Martinez
Uros Medic,510.66,21-05-2022,W,KO/TKO,Omar Morales
Omar Morales,492.15,21-05-2022,L,KO/TKO,Uros Medic
Jailton Almeida,537.44,21-05-2022,W,SUB,Parker Porter
Parker Porter,509.17,21-05-2022,L,SUB,Jailton Almeida
Joseph Holmes,501.37,21-05-2022,W,SUB,Alen Amedovski
Alen Amedovski,449.45,21-05-2022,L,SUB,Joseph Holmes
JunYong Park,524.8,21-05-2022,W,S-DEC,Eryk Anders
Eryk Anders,475.0,21-05-2022,L,S-DEC,JunYong Park
Tabatha Ricci,517.49,21-05-2022,W,U-DEC,Polyana Viana
Polyana Viana,489.82,21-05-2022,L,U-DEC,Tabatha Ricci
Chidi Njokuani,530.4,21-05-2022,W,KO/TKO,Dusko Todorovic
Dusko Todorovic,480.21,21-05-2022,L,KO/TKO,Chidi Njokuani
Michel Pereira,578.91,21-05-2022,W,S-DEC,Santiago Ponzinibbio
Santiago Ponzinibbio,582.57,21-05-2022,L,S-DEC,Michel Pereira
Ketlen Vieira,576.04,21-05-2022,W,S-DEC,Holly Holm
Holly Holm,521.36,21-05-2022,L,S-DEC,Ketlen Vieira
Erin Blanchfield,554.22,04-06-2022,W,SUB,JJ Aldrich
JJ Aldrich,537.91,04-06-2022,L,SUB,Erin Blanchfield
Rinat Fakhretdinov,515.04,04-06-2022,W,U-DEC,Andreas Michailidis
Andreas Michailidis,469.27,04-06-2022,L,U-DEC,Rinat Fakhretdinov
Jeff Molina,545.74,04-06-2022,W,S-DEC,Zhalgas Zhumagulov
Zhalgas Zhumagulov,455.98,04-06-2022,L,S-DEC,Jeff Molina
Tony Gravely,529.91,04-06-2022,W,KO/TKO,Johnny Munoz
Johnny Munoz,487.33,04-06-2022,L,KO/TKO,Tony Gravely
Benoit Saint Denis,505.87,04-06-2022,W,SUB,Niklas Stolze
Niklas Stolze,451.39,04-06-2022,L,SUB,Benoit Saint Denis
Damon Jackson,553.54,04-06-2022,W,U-DEC,Dan Argueta
Dan Argueta,484.64,04-06-2022,L,U-DEC,Damon Jackson
Joe Solecki,550.69,04-06-2022,W,M-DEC,Alex Da Silva
Alex Da Silva,467.77,04-06-2022,L,M-DEC,Joe Solecki
Karolina Kowalkiewicz,482.41,04-06-2022,W,SUB,Felice Herrig
Felice Herrig,489.24,04-06-2022,L,SUB,Karolina Kowalkiewicz
Alonzo Menifield,534.79,04-06-2022,W,KO/TKO,Askar Mozharov
Askar Mozharov,485.15,04-06-2022,L,KO/TKO,Alonzo Menifield
Ode Osbourne,511.7,04-06-2022,W,KO/TKO,Zarrukh Adashev
Zarrukh Adashev,466.93,04-06-2022,L,KO/TKO,Ode Osbourne
Karine Silva,519.09,04-06-2022,W,SUB,Poliana Botelho
Poliana Botelho,475.93,04-06-2022,L,SUB,Karine Silva
Lucas Almeida,516.32,04-06-2022,W,KO/TKO,Michael Trizano
Michael Trizano,496.25,04-06-2022,L,KO/TKO,Lucas Almeida
Movsar Evloev,604.98,04-06-2022,W,U-DEC,Dan Ige
Dan Ige,537.98,04-06-2022,L,U-DEC,Movsar Evloev
Alexander Volkov,577.06,04-06-2022,W,KO/TKO,Jairzinho Rozenstruik
Jairzinho Rozenstruik,539.69,04-06-2022,L,KO/TKO,Alexander Volkov
Joselyne Edwards,498.61,11-06-2022,W,U-DEC,Ramona Pascual
Ramona Pascual,468.5,11-06-2022,L,U-DEC,Joselyne Edwards
Silvana Gomez Juarez,477.37,11-06-2022,W,KO/TKO,Liang Na
Liang Na,466.66,11-06-2022,L,KO/TKO,Silvana Gomez Juarez
Kyung Ho Kang,576.82,11-06-2022,W,U-DEC,Batgerel Danaa
Batgerel Danaa,498.9,11-06-2022,L,U-DEC,Kyung Ho Kang
Brendan Allen,581.36,11-06-2022,W,U-DEC,Jacob Malkoun
Jacob Malkoun,503.56,11-06-2022,L,U-DEC,Brendan Allen
Maheshate,515.78,11-06-2022,W,KO/TKO,Steve Garcia
Steve Garcia,484.96,11-06-2022,L,KO/TKO,Maheshate
Josh Culibao,516.61,11-06-2022,W,S-DEC,SeungWoo Choi
SeungWoo Choi,481.23,11-06-2022,L,S-DEC,Josh Culibao
Jack Della Maddalena,533.72,11-06-2022,W,KO/TKO,Ramazan Emeev
Ramazan Emeev,528.77,11-06-2022,L,KO/TKO,Jack Della Maddalena
Jake Matthews,580.13,11-06-2022,W,KO/TKO,Andre Fialho
Andre Fialho,504.53,11-06-2022,L,KO/TKO,Jake Matthews
Zhang Weili,577.0,11-06-2022,W,KO/TKO,Joanna Jedrzejczyk
Joanna Jedrzejczyk,565.26,11-06-2022,L,KO/TKO,Zhang Weili
Valentina Shevchenko,672.47,11-06-2022,W,S-DEC,Taila Santos
Taila Santos,541.05,11-06-2022,L,S-DEC,Valentina Shevchenko
Jiri Prochazka,565.46,11-06-2022,W,SUB,Glover Teixeira
Glover Teixeira,660.51,11-06-2022,L,SUB,Jiri Prochazka
Roman Dolidze,544.91,18-06-2022,W,KO/TKO,Kyle Daukaus
Kyle Daukaus,506.86,18-06-2022,L,KO/TKO,Roman Dolidze
Phil Hawes,544.23,18-06-2022,W,KO/TKO,Deron Winn
Deron Winn,481.22,18-06-2022,L,KO/TKO,Phil Hawes
Cody Stamann,525.16,18-06-2022,W,KO/TKO,Eddie Wineland
Eddie Wineland,455.9,18-06-2022,L,KO/TKO,Cody Stamann
Maria Oliveira,499.28,18-06-2022,W,S-DEC,Gloria de Paula
Gloria de Paula,467.67,18-06-2022,L,S-DEC,Maria Oliveira
Ricardo Ramos,556.54,18-06-2022,W,KO/TKO,Danny Chavez
Danny Chavez,483.92,18-06-2022,L,KO/TKO,Ricardo Ramos
Jeremiah Wells,553.55,18-06-2022,W,KO/TKO,Court McGee
Court McGee,494.92,18-06-2022,L,KO/TKO,Jeremiah Wells
Natalia Silva,516.47,18-06-2022,W,U-DEC,Jasmine Jasudavicius
Jasmine Jasudavicius,499.38,18-06-2022,L,U-DEC,Natalia Silva
Adrian Yanez,579.67,18-06-2022,W,KO/TKO,Tony Kelley
Tony Kelley,500.04,18-06-2022,L,KO/TKO,Adrian Yanez
Gregory Rodrigues,532.14,18-06-2022,W,KO/TKO,Julian Marquez
Julian Marquez,520.01,18-06-2022,L,KO/TKO,Gregory Rodrigues
Damir Ismagulov,579.06,18-06-2022,W,S-DEC,Guram Kutateladze
Guram Kutateladze,499.53,18-06-2022,L,S-DEC,Damir Ismagulov
Joaquin Buckley,548.2,18-06-2022,W,KO/TKO,Albert Duraev
Albert Duraev,498.49,18-06-2022,L,KO/TKO,Joaquin Buckley
Kevin Holland,581.1,18-06-2022,W,SUB,Tim Means
Tim Means,554.56,18-06-2022,L,SUB,Kevin Holland
Josh Emmett,620.02,18-06-2022,W,S-DEC,Calvin Kattar
Calvin Kattar,558.36,18-06-2022,L,S-DEC,Josh Emmett
Vanessa Demopoulos,520.17,25-06-2022,W,S-DEC,Jinh Yu Frey
Jinh Yu Frey,482.62,25-06-2022,L,S-DEC,Vanessa Demopoulos
Mario Bautista,535.45,25-06-2022,W,SUB,Brian Kelleher
Brian Kelleher,508.24,25-06-2022,L,SUB,Mario Bautista
Cody Durden,493.82,25-06-2022,W,KO/TKO,JP Buys
JP Buys,454.12,25-06-2022,L,KO/TKO,Cody Durden
Sergey Morozov,494.4,25-06-2022,W,U-DEC,Raulian Paiva
Raulian Paiva,490.65,25-06-2022,L,U-DEC,Sergey Morozov
Shayilan Nuerdanbieke,513.49,25-06-2022,W,U-DEC,TJ Brown
TJ Brown,482.19,25-06-2022,L,U-DEC,Shayilan Nuerdanbieke
Carlos Ulberg,514.68,25-06-2022,W,KO/TKO,Tafon Nchukwi
Tafon Nchukwi,479.16,25-06-2022,L,KO/TKO,Carlos Ulberg
Chris Curtis,553.98,25-06-2022,W,U-DEC,Rodolfo Vieira
Rodolfo Vieira,515.93,25-06-2022,L,U-DEC,Chris Curtis
Umar Nurmagomedov,558.99,25-06-2022,W,U-DEC,Nate Maness
Nate Maness,533.44,25-06-2022,L,U-DEC,Umar Nurmagomedov
Thiago Moises,526.83,25-06-2022,W,SUB,Christos Giagos
Christos Giagos,484.26,25-06-2022,L,SUB,Thiago Moises
Josh Parisian,495.61,25-06-2022,W,KO/TKO,Alan Baudot
Alan Baudot,440.4,25-06-2022,L,KO/TKO,Josh Parisian
Shavkat Rakhmonov,591.82,25-06-2022,W,SUB,Neil Magny
Neil Magny,624.17,25-06-2022,L,SUB,Shavkat Rakhmonov
Mateusz Gamrot,563.48,25-06-2022,W,U-DEC,Arman Tsarukyan
Arman Tsarukyan,556.05,25-06-2022,L,U-DEC,Mateusz Gamrot
Julija Stoliarenko,462.29,02-07-2022,W,SUB,Jessica-Rose Clark
Jessica-Rose Clark,481.88,02-07-2022,L,SUB,Julija Stoliarenko
Maycee Barber,561.7,02-07-2022,W,U-DEC,Jessica Eye
Jessica Eye,453.55,02-07-2022,L,U-DEC,Maycee Barber
Andre Muniz,595.51,02-07-2022,W,U-DEC,Uriah Hall
Uriah Hall,537.57,02-07-2022,L,U-DEC,Andre Muniz
Dricus Du Plessis,553.99,02-07-2022,W,U-DEC,Brad Tavares
Brad Tavares,582.1,02-07-2022,L,U-DEC,Dricus Du Plessis
Ian Machado Garry,546.03,02-07-2022,W,U-DEC,Gabe Green
Gabe Green,500.78,02-07-2022,L,U-DEC,Ian Machado Garry
Jim Miller,587.99,02-07-2022,W,SUB,Donald Cerrone
Donald Cerrone,542.76,02-07-2022,L,SUB,Jim Miller
Jalin Turner,581.28,02-07-2022,W,SUB,Brad Riddell
Brad Riddell,524.9,02-07-2022,L,SUB,Jalin Turner
Pedro Munhoz,528.78,02-07-2022,L,CNC,Sean O'Malley
Sean O'Malley,603.31,02-07-2022,W,CNC,Pedro Munhoz
Bryan Barberena,555.57,02-07-2022,W,KO/TKO,Robbie Lawler
Robbie Lawler,557.33,02-07-2022,L,KO/TKO,Bryan Barberena
Alex Pereira,556.91,02-07-2022,W,KO/TKO,Sean Strickland
Sean Strickland,618.05,02-07-2022,L,KO/TKO,Alex Pereira
Alexander Volkanovski,734.14,02-07-2022,W,U-DEC,Max Holloway
Max Holloway,672.19,02-07-2022,L,U-DEC,Alexander Volkanovski
Israel Adesanya,696.9,02-07-2022,W,U-DEC,Jared Cannonier
Jared Cannonier,562.56,02-07-2022,L,U-DEC,Israel Adesanya
Saidyokub Kakhramonov,537.42,09-07-2022,W,U-DEC,Ronnie Lawrence
Ronnie Lawrence,514.43,09-07-2022,L,U-DEC,Saidyokub Kakhramonov
Kennedy Nzechukwu,512.42,09-07-2022,W,KO/TKO,Karl Roberson
Karl Roberson,464.76,09-07-2022,L,KO/TKO,Kennedy Nzechukwu
David Onama,521.23,09-07-2022,W,SUB,Garrett Armfield
Garrett Armfield,480.11,09-07-2022,L,SUB,David Onama
Antonina Shevchenko,498.24,09-07-2022,W,S-DEC,Cortney Casey
Cortney Casey,467.04,09-07-2022,L,S-DEC,Antonina Shevchenko
Cody Brundage,519.73,09-07-2022,W,KO/TKO,Tresean Gore
Tresean Gore,468.84,09-07-2022,L,KO/TKO,Cody Brundage
Jamie Mullarkey,504.75,09-07-2022,W,S-DEC,Michael Johnson
Michael Johnson,472.42,09-07-2022,L,S-DEC,Jamie Mullarkey
Aiemann Zahabi,516.49,09-07-2022,W,U-DEC,Ricky Turcios
Ricky Turcios,498.46,09-07-2022,L,U-DEC,Aiemann Zahabi
Chase Sherman,431.21,09-07-2022,W,KO/TKO,Jared Vanderaa
Jared Vanderaa,436.51,09-07-2022,L,KO/TKO,Chase Sherman
Said Nurmagomedov,567.74,09-07-2022,W,U-DEC,Douglas Silva de Andrade
Douglas Silva de Andrade,516.09,09-07-2022,L,U-DEC,Said Nurmagomedov
Caio Borralho,532.32,09-07-2022,W,U-DEC,Armen Petrosyan
Armen Petrosyan,500.66,09-07-2022,L,U-DEC,Caio Borralho
Rafael Fiziev,597.17,09-07-2022,W,KO/TKO,Rafael Dos Anjos
Rafael Dos Anjos,607.26,09-07-2022,L,KO/TKO,Rafael Fiziev
Emily Ducote,516.01,16-07-2022,W,U-DEC,Jessica Penne
Jessica Penne,489.63,16-07-2022,L,U-DEC,Emily Ducote
Dustin Stoltzfus,467.99,16-07-2022,W,U-DEC,Dwight Grant
Dwight Grant,472.71,16-07-2022,L,U-DEC,Dustin Stoltzfus
Dustin Jacoby,574.0,16-07-2022,W,KO/TKO,Da Woon Jung
Da Woon Jung,545.95,16-07-2022,L,KO/TKO,Dustin Jacoby
Bill Algeo,523.02,16-07-2022,W,KO/TKO,Herbert Burns
Herbert Burns,502.76,16-07-2022,L,KO/TKO,Bill Algeo
Ricky Simon,613.86,16-07-2022,W,SUB,Jack Shore
Jack Shore,560.66,16-07-2022,L,SUB,Ricky Simon
Punahele Soriano,514.49,16-07-2022,W,KO/TKO,Dalcha Lungiambula
Dalcha Lungiambula,459.57,16-07-2022,L,KO/TKO,Punahele Soriano
Lauren Murphy,560.49,16-07-2022,W,U-DEC,Miesha Tate
Miesha Tate,504.62,16-07-2022,L,U-DEC,Lauren Murphy
Shane Burgos,576.82,16-07-2022,W,M-DEC,Charles Jourdain
Charles Jourdain,504.81,16-07-2022,L,M-DEC,Shane Burgos
Matt Schnell,529.08,16-07-2022,W,SUB,Sumudaerji
Sumudaerji,507.56,16-07-2022,L,SUB,Matt Schnell
Li Jingliang,580.73,16-07-2022,W,KO/TKO,Muslim Salikhov
Muslim Salikhov,562.56,16-07-2022,L,KO/TKO,Li Jingliang
Amanda Lemos,568.58,16-07-2022,W,SUB,Michelle Waterson-Gomez
Michelle Waterson-Gomez,503.13,16-07-2022,L,SUB,Amanda Lemos
Yair Rodriguez,599.66,16-07-2022,W,KO/TKO,Brian Ortega
Brian Ortega,595.85,16-07-2022,L,KO/TKO,Yair Rodriguez
Nicolas Dalby,509.06,23-07-2022,W,U-DEC,Claudio Silva
Claudio Silva,537.73,23-07-2022,L,U-DEC,Nicolas Dalby
Victoria Leonardo,485.6,23-07-2022,W,U-DEC,Mandy Bohm
Mandy Bohm,466.84,23-07-2022,L,U-DEC,Victoria Leonardo
Jai Herbert,490.03,23-07-2022,W,U-DEC,Kyle Nelson
Kyle Nelson,453.47,23-07-2022,L,U-DEC,Jai Herbert
Muhammad Mokaev,534.84,23-07-2022,W,U-DEC,Charles Johnson
Charles Johnson,484.41,23-07-2022,L,U-DEC,Muhammad Mokaev
Jonathan Pearce,557.15,23-07-2022,W,KO/TKO,Makwan Amirkhani
Makwan Amirkhani,513.55,23-07-2022,L,KO/TKO,Jonathan Pearce
Nathaniel Wood,552.4,23-07-2022,W,U-DEC,Charles Rosa
Charles Rosa,462.34,23-07-2022,L,U-DEC,Nathaniel Wood
Marc Diakiese,519.83,23-07-2022,W,U-DEC,Damir Hadzovic
Damir Hadzovic,486.14,23-07-2022,L,U-DEC,Marc Diakiese
Ludovit Klein,515.43,23-07-2022,W,U-DEC,Mason Jones
Mason Jones,498.72,23-07-2022,L,U-DEC,Ludovit Klein
Volkan Oezdemir,526.49,23-07-2022,W,U-DEC,Paul Craig
Paul Craig,566.82,23-07-2022,L,U-DEC,Volkan Oezdemir
Molly McCann,543.08,23-07-2022,W,KO/TKO,Hannah Goldy
Hannah Goldy,472.28,23-07-2022,L,KO/TKO,Molly McCann
Nikita Krylov,531.95,23-07-2022,W,KO/TKO,Alexander Gustafsson
Alexander Gustafsson,533.03,23-07-2022,L,KO/TKO,Nikita Krylov
Paddy Pimblett,554.49,23-07-2022,W,SUB,Jordan Leavitt
Jordan Leavitt,513.21,23-07-2022,L,SUB,Paddy Pimblett
Jack Hermansson,583.98,23-07-2022,W,U-DEC,Chris Curtis
Chris Curtis,538.91,23-07-2022,L,U-DEC,Jack Hermansson
Curtis Blaydes,659.6,23-07-2022,W,KO/TKO,Tom Aspinall
Tom Aspinall,579.71,23-07-2022,L,KO/TKO,Curtis Blaydes
Orion Cosce,499.13,30-07-2022,W,U-DEC,Blood Diamond
Blood Diamond,465.15,30-07-2022,L,U-DEC,Orion Cosce
Nicolae Negumereanu,547.83,30-07-2022,W,KO/TKO,Ihor Potieria
Ihor Potieria,483.62,30-07-2022,L,KO/TKO,Nicolae Negumereanu
Joselyne Edwards,513.61,30-07-2022,W,S-DEC,Ji Yeon Kim
Ji Yeon Kim,452.03,30-07-2022,L,S-DEC,Joselyne Edwards
Michael Morales,532.77,30-07-2022,W,KO/TKO,Adam Fugitt
Adam Fugitt,484.31,30-07-2022,L,KO/TKO,Michael Morales
Drakkar Klose,574.18,30-07-2022,W,U-DEC,Rafa Garcia
Rafa Garcia,491.47,30-07-2022,L,U-DEC,Drakkar Klose
Don'Tale Mayes,482.45,30-07-2022,L,Overturned,Hamdy Abdelwahab
Hamdy Abdelwahab,514.89,30-07-2022,W,Overturned,Don'Tale Mayes
Drew Dober,564.2,30-07-2022,W,KO/TKO,Rafael Alves
Rafael Alves,490.67,30-07-2022,L,KO/TKO,Drew Dober
Alex Morono,591.96,30-07-2022,W,U-DEC,Matthew Semelsberger
Matthew Semelsberger,528.92,30-07-2022,L,U-DEC,Alex Morono
Magomed Ankalaev,640.55,30-07-2022,W,KO/TKO,Anthony Smith
Anthony Smith,581.94,30-07-2022,L,KO/TKO,Magomed Ankalaev
Alexandre Pantoja,600.44,30-07-2022,W,SUB,Alex Perez
Alex Perez,545.25,30-07-2022,L,SUB,Alexandre Pantoja
Sergei Pavlovich,560.51,30-07-2022,W,KO/TKO,Derrick Lewis
Derrick Lewis,599.93,30-07-2022,L,KO/TKO,Sergei Pavlovich
Brandon Moreno,602.71,30-07-2022,W,KO/TKO,Kai Kara-France
Kai Kara-France,556.85,30-07-2022,L,KO/TKO,Brandon Moreno
Amanda Nunes,695.04,30-07-2022,W,U-DEC,Julianna Pena
Julianna Pena,572.1,30-07-2022,L,U-DEC,Amanda Nunes
Mayra Bueno Silva,540.45,06-08-2022,W,SUB,Stephanie Egger
Stephanie Egger,501.47,06-08-2022,L,SUB,Mayra Bueno Silva
Cory McKenna,517.22,06-08-2022,W,SUB,Miranda Granger
Miranda Granger,459.33,06-08-2022,L,SUB,Cory McKenna
Bryan Battle,549.31,06-08-2022,W,KO/TKO,Takashi Sato
Takashi Sato,467.31,06-08-2022,L,KO/TKO,Bryan Battle
Michal Oleksiejczuk,532.77,06-08-2022,W,KO/TKO,Sam Alvey
Sam Alvey,446.16,06-08-2022,L,KO/TKO,Michal Oleksiejczuk
Terrance McKinney,537.82,06-08-2022,W,SUB,Erick Gonzalez
Erick Gonzalez,468.57,06-08-2022,L,SUB,Terrance McKinney
Serghei Spivac,551.73,06-08-2022,W,KO/TKO,Augusto Sakai
Augusto Sakai,500.04,06-08-2022,L,KO/TKO,Serghei Spivac
Juliana Miller,515.75,06-08-2022,W,KO/TKO,Brogan Walker
Brogan Walker,484.25,06-08-2022,L,KO/TKO,Juliana Miller
Mohammed Usman,515.75,06-08-2022,W,KO/TKO,Zac Pauga
Zac Pauga,484.25,06-08-2022,L,KO/TKO,Mohammed Usman
Geoff Neal,595.54,06-08-2022,W,KO/TKO,Vicente Luque
Vicente Luque,636.39,06-08-2022,L,KO/TKO,Geoff Neal
Jamahal Hill,554.15,06-08-2022,W,KO/TKO,Thiago Santos
Thiago Santos,543.94,06-08-2022,L,KO/TKO,Jamahal Hill
Youssef Zalal,493.96,13-08-2022,L,M-DEC,Da'Mon Blackshear
Da'Mon Blackshear,499.73,13-08-2022,W,M-DEC,Youssef Zalal
Josh Quinlan,515.19,13-08-2022,W,KO/TKO,Jason Witt
Jason Witt,472.55,13-08-2022,L,KO/TKO,Josh Quinlan
Tyson Nam,508.4,13-08-2022,W,KO/TKO,Ode Osbourne
Ode Osbourne,495.05,13-08-2022,L,KO/TKO,Tyson Nam
Gabriel Benitez,510.87,13-08-2022,W,KO/TKO,Charlie Ontiveros
Charlie Ontiveros,451.96,13-08-2022,L,KO/TKO,Gabriel Benitez
Nina Nunes,520.13,13-08-2022,W,S-DEC,Cynthia Calvillo
Cynthia Calvillo,512.88,13-08-2022,L,S-DEC,Nina Nunes
Martin Buday,531.39,13-08-2022,W,S-DEC,Lukasz Brzeski
Lukasz Brzeski,484.24,13-08-2022,L,S-DEC,Martin Buday
Angela Hill,468.75,13-08-2022,W,U-DEC,Loopy Godinez
Loopy Godinez,502.71,13-08-2022,L,U-DEC,Angela Hill
Gerald Meerschaert,561.47,13-08-2022,W,SUB,Bruno Silva
Bruno Silva,527.07,13-08-2022,L,SUB,Gerald Meerschaert
Priscila Cachoeira,501.95,13-08-2022,W,KO/TKO,Ariane da Silva
Ariane da Silva,477.38,13-08-2022,L,KO/TKO,Priscila Cachoeira
Azamat Murzakanov,532.34,13-08-2022,W,KO/TKO,Devin Clark
Devin Clark,490.73,13-08-2022,L,KO/TKO,Azamat Murzakanov
Yazmin Jauregui,515.75,13-08-2022,W,U-DEC,Iasmin Lucindo
Iasmin Lucindo,484.25,13-08-2022,L,U-DEC,Yazmin Jauregui
Nate Landwehr,523.25,13-08-2022,W,M-DEC,David Onama
David Onama,504.01,13-08-2022,L,M-DEC,Nate Landwehr
Marlon Vera,634.47,13-08-2022,W,KO/TKO,Dominick Cruz
Dominick Cruz,573.04,13-08-2022,L,KO/TKO,Marlon Vera
Victor Altamirano,499.15,20-08-2022,W,KO/TKO,Daniel Lacerda
Daniel Lacerda,450.69,20-08-2022,L,KO/TKO,Victor Altamirano
Aoriqileng,501.33,20-08-2022,W,U-DEC,Jay Perrin
Jay Perrin,467.71,20-08-2022,L,U-DEC,Aoriqileng
Amir Albazi,554.23,20-08-2022,W,SUB,Francisco Figueiredo
Francisco Figueiredo,495.54,20-08-2022,L,SUB,Amir Albazi
Ange Loosa,500.17,20-08-2022,W,U-DEC,AJ Fletcher
AJ Fletcher,469.17,20-08-2022,L,U-DEC,Ange Loosa
Sean Woodson,523.85,20-08-2022,L,S-DEC,Luis Saldana
Luis Saldana,513.11,20-08-2022,W,S-DEC,Sean Woodson
Jared Gordon,548.02,20-08-2022,W,U-DEC,Leonardo Santos
Leonardo Santos,556.57,20-08-2022,L,U-DEC,Jared Gordon
Marcin Tybura,579.82,20-08-2022,W,M-DEC,Alexandr Romanov
Alexandr Romanov,568.82,20-08-2022,L,M-DEC,Marcin Tybura
Tyson Pedro,531.04,20-08-2022,W,KO/TKO,Harry Hunsucker
Harry Hunsucker,453.59,20-08-2022,L,KO/TKO,Tyson Pedro
Lucie Pudilova,466.65,20-08-2022,W,KO/TKO,Wu Yanan
Wu Yanan,442.93,20-08-2022,L,KO/TKO,Lucie Pudilova
Merab Dvalishvili,615.72,20-08-2022,W,U-DEC,Jose Aldo
Jose Aldo,591.12,20-08-2022,L,U-DEC,Merab Dvalishvili
Paulo Costa,570.94,20-08-2022,W,U-DEC,Luke Rockhold
Luke Rockhold,551.9,20-08-2022,L,U-DEC,Paulo Costa
Leon Edwards,684.08,20-08-2022,W,KO/TKO,Kamaru Usman
Kamaru Usman,742.92,20-08-2022,L,KO/TKO,Leon Edwards
Stephanie Egger,520.45,03-09-2022,W,SUB,Ailin Perez
Ailin Perez,481.02,03-09-2022,L,SUB,Stephanie Egger
Cristian Quinonez,513.76,03-09-2022,W,KO/TKO,Khalid Taha
Khalid Taha,442.17,03-09-2022,L,KO/TKO,Cristian Quinonez
Benoit Saint Denis,522.09,03-09-2022,W,KO/TKO,Gabriel Miranda
Gabriel Miranda,483.78,03-09-2022,L,KO/TKO,Benoit Saint Denis
Fares Ziam,512.1,03-09-2022,W,U-DEC,Michal Figlak
Michal Figlak,484.08,03-09-2022,L,U-DEC,Fares Ziam
Nasrat Haqparast,533.21,03-09-2022,W,U-DEC,John Makdessi
John Makdessi,538.45,03-09-2022,L,U-DEC,Nasrat Haqparast
Abus Magomedov,514.3,03-09-2022,W,KO/TKO,Dustin Stoltzfus
Dustin Stoltzfus,453.69,03-09-2022,L,KO/TKO,Abus Magomedov
Nathaniel Wood,566.65,03-09-2022,W,U-DEC,Charles Jourdain
Charles Jourdain,490.56,03-09-2022,L,U-DEC,Nathaniel Wood
William Gomis,515.75,03-09-2022,W,U-DEC,Jarno Errens
Jarno Errens,484.25,03-09-2022,L,U-DEC,William Gomis
Roman Kopylov,482.39,03-09-2022,W,KO/TKO,Alessio Di Chirico
Alessio Di Chirico,454.96,03-09-2022,L,KO/TKO,Roman Kopylov
Nassourdine Imavov,551.18,03-09-2022,W,U-DEC,Joaquin Buckley
Joaquin Buckley,530.2,03-09-2022,L,U-DEC,Nassourdine Imavov
Robert Whittaker,681.42,03-09-2022,W,U-DEC,Marvin Vettori
Marvin Vettori,586.13,03-09-2022,L,U-DEC,Robert Whittaker
Ciryl Gane,631.6,03-09-2022,W,KO/TKO,Tai Tuivasa
Tai Tuivasa,573.71,03-09-2022,L,KO/TKO,Ciryl Gane
Yohan Lainesse,498.65,10-09-2022,W,S-DEC,Darian Weeks
Darian Weeks,454.19,10-09-2022,L,S-DEC,Yohan Lainesse
Elise Reed,499.92,10-09-2022,W,U-DEC,Melissa Martinez
Melissa Martinez,483.5,10-09-2022,L,U-DEC,Elise Reed
Alatengheili,544.21,10-09-2022,W,U-DEC,Chad Anheliger
Chad Anheliger,499.21,10-09-2022,L,U-DEC,Alatengheili
Norma Dumont,534.01,10-09-2022,W,U-DEC,Danyelle Wolf
Danyelle Wolf,485.12,10-09-2022,L,U-DEC,Norma Dumont
Chris Barnett,497.68,10-09-2022,W,KO/TKO,Jake Collier
Jake Collier,469.86,10-09-2022,L,KO/TKO,Chris Barnett
Denis Tiuliulin,496.8,10-09-2022,W,KO/TKO,Jamie Pickett
Jamie Pickett,467.6,10-09-2022,L,KO/TKO,Denis Tiuliulin
Jailton Almeida,556.38,10-09-2022,W,SUB,Anton Turkalj
Anton Turkalj,481.06,10-09-2022,L,SUB,Jailton Almeida
Julian Erosa,534.07,10-09-2022,W,U-DEC,Hakeem Dawodu
Hakeem Dawodu,542.31,10-09-2022,L,U-DEC,Julian Erosa
Johnny Walker,524.6,10-09-2022,W,SUB,Ion Cutelaba
Ion Cutelaba,466.43,10-09-2022,L,SUB,Johnny Walker
Irene Aldana,558.3,10-09-2022,W,KO/TKO,Macy Chiasson
Macy Chiasson,536.54,10-09-2022,L,KO/TKO,Irene Aldana
Daniel Rodriguez,599.07,10-09-2022,W,S-DEC,Li Jingliang
Li Jingliang,562.75,10-09-2022,L,S-DEC,Daniel Rodriguez
Khamzat Chimaev,619.6,10-09-2022,W,SUB,Kevin Holland
Kevin Holland,558.19,10-09-2022,L,SUB,Khamzat Chimaev
Nate Diaz,591.11,10-09-2022,W,SUB,Tony Ferguson
Tony Ferguson,628.48,10-09-2022,L,SUB,Nate Diaz
Nikolas Motta,501.65,17-09-2022,W,KO/TKO,Cameron VanCamp
Cameron VanCamp,467.94,17-09-2022,L,KO/TKO,Nikolas Motta
Javid Basharat,533.37,17-09-2022,W,U-DEC,Tony Gravely
Tony Gravely,512.76,17-09-2022,L,U-DEC,Javid Basharat
Gillian Robertson,542.6,17-09-2022,W,SUB,Mariya Agapova
Mariya Agapova,482.09,17-09-2022,L,SUB,Gillian Robertson
Trey Ogden,500.84,17-09-2022,W,U-DEC,Daniel Zellhuber
Daniel Zellhuber,483.54,17-09-2022,L,U-DEC,Trey Ogden
Loma Lookboonmee,525.45,17-09-2022,W,U-DEC,Denise Gomes
Denise Gomes,484.71,17-09-2022,L,U-DEC,Loma Lookboonmee
Trevin Giles,526.81,17-09-2022,W,U-DEC,Louis Cosce
Louis Cosce,469.77,17-09-2022,L,U-DEC,Trevin Giles
Damon Jackson,572.21,17-09-2022,W,KO/TKO,Pat Sabatini
Pat Sabatini,547.72,17-09-2022,L,KO/TKO,Damon Jackson
Anthony Hernandez,541.83,17-09-2022,W,SUB,Marc-Andre Barriault
Marc-Andre Barriault,467.07,17-09-2022,L,SUB,Anthony Hernandez
Rodrigo Nascimento,531.43,17-09-2022,W,S-DEC,Tanner Boser
Tanner Boser,499.65,17-09-2022,L,S-DEC,Rodrigo Nascimento
Joe Pyfer,513.47,17-09-2022,W,KO/TKO,Alen Amedovski
Alen Amedovski,435.98,17-09-2022,L,KO/TKO,Joe Pyfer
Andre Fili,507.42,17-09-2022,W,S-DEC,Bill Algeo
Bill Algeo,505.79,17-09-2022,L,S-DEC,Andre Fili
Gregory Rodrigues,548.56,17-09-2022,W,KO/TKO,Chidi Njokuani
Chidi Njokuani,513.98,17-09-2022,L,KO/TKO,Gregory Rodrigues
Cory Sandhagen,595.98,17-09-2022,W,KO/TKO,Song Yadong
Song Yadong,594.16,17-09-2022,L,KO/TKO,Cory Sandhagen
Guido Cannetti,486.96,01-10-2022,W,SUB,Randy Costa
Randy Costa,458.21,01-10-2022,L,SUB,Guido Cannetti
Chelsea Chandler,514.05,01-10-2022,W,KO/TKO,Julija Stoliarenko
Julija Stoliarenko,448.24,01-10-2022,L,KO/TKO,Chelsea Chandler
Brendan Allen,602.81,01-10-2022,W,SUB,Krzysztof Jotko
Krzysztof Jotko,563.71,01-10-2022,L,SUB,Brendan Allen
Joaquim Silva,522.21,01-10-2022,W,KO/TKO,Jesse Ronson
Jesse Ronson,439.02,01-10-2022,L,KO/TKO,Joaquim Silva
Ilir Latifi,558.74,01-10-2022,W,U-DEC,Aleksei Oleinik
Aleksei Oleinik,524.37,01-10-2022,L,U-DEC,Ilir Latifi
Daniel Santos,502.32,01-10-2022,W,KO/TKO,John Castaneda
John Castaneda,505.66,01-10-2022,L,KO/TKO,Daniel Santos
Mike Davis,532.2,01-10-2022,W,U-DEC,Viacheslav Borshchev
Viacheslav Borshchev,481.59,01-10-2022,L,U-DEC,Mike Davis
Sodiq Yusuff,582.97,01-10-2022,W,SUB,Don Shainis
Don Shainis,483.54,01-10-2022,L,SUB,Sodiq Yusuff
Raoni Barcelos,556.09,01-10-2022,W,U-DEC,Trevin Jones
Trevin Jones,480.53,01-10-2022,L,U-DEC,Raoni Barcelos
Randy Brown,609.01,01-10-2022,W,U-DEC,Francisco Trinaldo
Francisco Trinaldo,614.35,01-10-2022,L,U-DEC,Randy Brown
Yan Xiaonan,571.63,01-10-2022,W,M-DEC,Mackenzie Dern
Mackenzie Dern,566.31,01-10-2022,L,M-DEC,Yan Xiaonan
Pete Rodriguez,501.24,15-10-2022,W,KO/TKO,Mike Jackson
Mike Jackson,494.6,15-10-2022,L,KO/TKO,Pete Rodriguez
Tatsuro Taira,534.8,15-10-2022,W,SUB,CJ Vergara
CJ Vergara,480.77,15-10-2022,L,SUB,Tatsuro Taira
Piera Rodriguez,530.44,15-10-2022,W,U-DEC,Sam Hughes
Sam Hughes,474.64,15-10-2022,L,U-DEC,Piera Rodriguez
Joanderson Brito,520.84,15-10-2022,W,SUB,Lucas Alexander
Lucas Alexander,479.74,15-10-2022,L,SUB,Joanderson Brito
Jacob Malkoun,519.65,15-10-2022,W,U-DEC,Nick Maximov
Nick Maximov,494.98,15-10-2022,L,U-DEC,Jacob Malkoun
Mana Martinez,510.99,15-10-2022,W,S-DEC,Brandon Davis
Brandon Davis,431.79,15-10-2022,L,S-DEC,Mana Martinez
Alonzo Menifield,550.02,15-10-2022,W,KO/TKO,Misha Cirkunov
Misha Cirkunov,492.72,15-10-2022,L,KO/TKO,Alonzo Menifield
Raphael Assuncao,572.76,15-10-2022,W,U-DEC,Victor Henry
Victor Henry,504.56,15-10-2022,L,U-DEC,Raphael Assuncao
Dusko Todorovic,495.72,15-10-2022,W,KO/TKO,Jordan Wright
Jordan Wright,459.44,15-10-2022,L,KO/TKO,Dusko Todorovic
Jonathan Martinez,580.04,15-10-2022,W,KO/TKO,Cub Swanson
Cub Swanson,543.95,15-10-2022,L,KO/TKO,Jonathan Martinez
Alexa Grasso,566.13,15-10-2022,W,U-DEC,Viviane Araujo
Viviane Araujo,528.48,15-10-2022,L,U-DEC,Alexa Grasso
Karol Rosa,556.12,22-10-2022,W,M-DEC,Lina Lansberg
Lina Lansberg,473.71,22-10-2022,L,M-DEC,Karol Rosa
Muhammad Mokaev,553.33,22-10-2022,W,SUB,Malcolm Gordon
Malcolm Gordon,481.69,22-10-2022,L,SUB,Muhammad Mokaev
Armen Petrosyan,515.64,22-10-2022,W,U-DEC,AJ Dobson
AJ Dobson,468.58,22-10-2022,L,U-DEC,Armen Petrosyan
Abubakar Nurmagomedov,511.07,22-10-2022,W,U-DEC,Gadzhi Omargadzhiev
Gadzhi Omargadzhiev,468.26,22-10-2022,L,U-DEC,Abubakar Nurmagomedov
Nikita Krylov,548.19,22-10-2022,W,U-DEC,Volkan Oezdemir
Volkan Oezdemir,510.25,22-10-2022,L,U-DEC,Nikita Krylov
Caio Borralho,549.28,22-10-2022,W,U-DEC,Makhmud Muradov
Makhmud Muradov,509.46,22-10-2022,L,U-DEC,Caio Borralho
Belal Muhammad,691.6,22-10-2022,W,KO/TKO,Sean Brady
Sean Brady,580.28,22-10-2022,L,KO/TKO,Belal Muhammad
Manon Fiorot,585.22,22-10-2022,W,U-DEC,Katlyn Cerminara
Katlyn Cerminara,585.04,22-10-2022,L,U-DEC,Manon Fiorot
Beneil Dariush,699.33,22-10-2022,W,U-DEC,Mateusz Gamrot
Mateusz Gamrot,549.56,22-10-2022,L,U-DEC,Beneil Dariush
Sean O'Malley,621.25,22-10-2022,W,S-DEC,Petr Yan
Petr Yan,584.27,22-10-2022,L,S-DEC,Sean O'Malley
Aljamain Sterling,699.61,22-10-2022,W,KO/TKO,TJ Dillashaw
TJ Dillashaw,625.72,22-10-2022,L,KO/TKO,Aljamain Sterling
Islam Makhachev,721.39,22-10-2022,W,SUB,Charles Oliveira
Charles Oliveira,721.87,22-10-2022,L,SUB,Islam Makhachev
Christian Rodriguez,504.19,29-10-2022,W,SUB,Joshua Weems
Joshua Weems,479.73,29-10-2022,L,SUB,Christian Rodriguez
Cody Durden,510.61,29-10-2022,W,U-DEC,Carlos Mota
Carlos Mota,483.21,29-10-2022,L,U-DEC,Cody Durden
Steve Garcia,501.93,29-10-2022,W,KO/TKO,Chase Hooper
Chase Hooper,495.0,29-10-2022,L,KO/TKO,Steve Garcia
JunYong Park,543.42,29-10-2022,W,SUB,Joseph Holmes
Joseph Holmes,482.75,29-10-2022,L,SUB,JunYong Park
Marcos Rogerio de Lima,538.64,29-10-2022,W,SUB,Andrei Arlovski
Andrei Arlovski,557.83,29-10-2022,L,SUB,Marcos Rogerio de Lima
Roman Dolidze,562.13,29-10-2022,W,KO/TKO,Phil Hawes
Phil Hawes,527.01,29-10-2022,L,KO/TKO,Roman Dolidze
Khalil Rountree Jr.,525.06,29-10-2022,W,S-DEC,Dustin Jacoby
Dustin Jacoby,553.34,29-10-2022,L,S-DEC,Khalil Rountree Jr.
Tresean Gore,488.72,29-10-2022,W,SUB,Josh Fremd
Josh Fremd,463.97,29-10-2022,L,SUB,Tresean Gore
Waldo Cortes-Acosta,512.9,29-10-2022,W,U-DEC,Jared Vanderaa
Jared Vanderaa,423.61,29-10-2022,L,U-DEC,Waldo Cortes-Acosta
Max Griffin,525.32,29-10-2022,W,S-DEC,Tim Means
Tim Means,536.69,29-10-2022,L,S-DEC,Max Griffin
Arnold Allen,668.24,29-10-2022,W,KO/TKO,Calvin Kattar
Calvin Kattar,541.76,29-10-2022,L,KO/TKO,Arnold Allen
Tamires Vidal,514.33,05-11-2022,W,KO/TKO,Ramona Pascual
Ramona Pascual,454.17,05-11-2022,L,KO/TKO,Tamires Vidal
Jake Hadley,502.64,05-11-2022,W,SUB,Carlos Candelario
Carlos Candelario,465.15,05-11-2022,L,SUB,Jake Hadley
Johnny Munoz,502.96,05-11-2022,W,U-DEC,Liudvik Sholinian
Liudvik Sholinian,469.0,05-11-2022,L,U-DEC,Johnny Munoz
Polyana Viana,505.24,05-11-2022,W,KO/TKO,Jinh Yu Frey
Jinh Yu Frey,467.2,05-11-2022,L,KO/TKO,Polyana Viana
Mario Bautista,555.19,05-11-2022,W,SUB,Benito Lopez
Benito Lopez,491.49,05-11-2022,L,SUB,Mario Bautista
Miranda Maverick,534.37,05-11-2022,W,U-DEC,Shanna Young
Shanna Young,469.88,05-11-2022,L,U-DEC,Miranda Maverick
Grant Dawson,630.81,05-11-2022,W,SUB,Mark Madsen
Mark Madsen,546.11,05-11-2022,L,SUB,Grant Dawson
Tagir Ulanbekov,532.97,05-11-2022,W,SUB,Nate Maness
Nate Maness,512.9,05-11-2022,L,SUB,Tagir Ulanbekov
Shayilan Nuerdanbieke,529.65,05-11-2022,W,KO/TKO,Darrick Minner
Darrick Minner,475.28,05-11-2022,L,KO/TKO,Shayilan Nuerdanbieke
Neil Magny,641.56,05-11-2022,W,SUB,Daniel Rodriguez
Daniel Rodriguez,581.68,05-11-2022,L,SUB,Neil Magny
Amanda Lemos,585.98,05-11-2022,W,KO/TKO,Marina Rodriguez
Marina Rodriguez,570.21,05-11-2022,L,KO/TKO,Amanda Lemos
Carlos Ulberg,533.57,12-11-2022,W,KO/TKO,Nicolae Negumereanu
Nicolae Negumereanu,528.94,12-11-2022,L,KO/TKO,Carlos Ulberg
Montel Jackson,566.28,12-11-2022,W,U-DEC,Julio Arce
Julio Arce,512.07,12-11-2022,L,U-DEC,Montel Jackson
Michael Trizano,511.32,12-11-2022,W,KO/TKO,SeungWoo Choi
SeungWoo Choi,466.16,12-11-2022,L,KO/TKO,Michael Trizano
Karolina Kowalkiewicz,498.67,12-11-2022,W,U-DEC,Silvana Gomez Juarez
Silvana Gomez Juarez,461.11,12-11-2022,L,U-DEC,Karolina Kowalkiewicz
Matt Frevola,521.17,12-11-2022,W,KO/TKO,Ottman Azaitar
Ottman Azaitar,514.87,12-11-2022,L,KO/TKO,Matt Frevola
Andre Petroski,569.34,12-11-2022,W,U-DEC,Wellington Turman
Wellington Turman,493.5,12-11-2022,L,U-DEC,Andre Petroski
Erin Blanchfield,575.65,12-11-2022,W,SUB,Molly McCann
Molly McCann,521.65,12-11-2022,L,SUB,Erin Blanchfield
Ryan Spann,580.01,12-11-2022,W,KO/TKO,Dominick Reyes
Dominick Reyes,542.41,12-11-2022,L,KO/TKO,Ryan Spann
Renato Moicano,575.45,12-11-2022,W,SUB,Brad Riddell
Brad Riddell,507.36,12-11-2022,L,SUB,Renato Moicano
Dan Hooker,566.47,12-11-2022,W,KO/TKO,Claudio Puelles
Claudio Puelles,559.79,12-11-2022,L,KO/TKO,Dan Hooker
Chris Gutierrez,602.55,12-11-2022,W,KO/TKO,Frankie Edgar
Frankie Edgar,578.31,12-11-2022,L,KO/TKO,Chris Gutierrez
Dustin Poirier,691.81,12-11-2022,W,SUB,Michael Chandler
Michael Chandler,508.12,12-11-2022,L,SUB,Dustin Poirier
Zhang Weili,598.91,12-11-2022,W,SUB,Carla Esparza
Carla Esparza,589.11,12-11-2022,L,SUB,Zhang Weili
Alex Pereira,581.79,12-11-2022,W,KO/TKO,Israel Adesanya
Israel Adesanya,672.02,12-11-2022,L,KO/TKO,Alex Pereira
Natalia Silva,532.19,19-11-2022,W,KO/TKO,Tereza Bleda
Tereza Bleda,484.28,19-11-2022,L,KO/TKO,Natalia Silva
Brady Hiestand,499.97,19-11-2022,W,U-DEC,Fernie Garcia
Fernie Garcia,467.8,19-11-2022,L,U-DEC,Brady Hiestand
Vanessa Demopoulos,536.38,19-11-2022,W,U-DEC,Maria Oliveira
Maria Oliveira,483.07,19-11-2022,L,U-DEC,Vanessa Demopoulos
Ricky Turcios,512.85,19-11-2022,W,S-DEC,Kevin Natividad
Kevin Natividad,454.06,19-11-2022,L,S-DEC,Ricky Turcios
Miles Johns,523.69,19-11-2022,W,U-DEC,Vince Morales
Vince Morales,473.16,19-11-2022,L,U-DEC,Miles Johns
Jennifer Maia,510.55,19-11-2022,W,U-DEC,Maryna Moroz
Maryna Moroz,533.62,19-11-2022,L,U-DEC,Jennifer Maia
Charles Johnson,498.87,19-11-2022,W,S-DEC,Zhalgas Zhumagulov
Zhalgas Zhumagulov,441.52,19-11-2022,L,S-DEC,Charles Johnson
Jack Della Maddalena,550.68,19-11-2022,W,KO/TKO,Danny Roberts
Danny Roberts,510.98,19-11-2022,L,KO/TKO,Jack Della Maddalena
Muslim Salikhov,575.7,19-11-2022,W,KO/TKO,Andre Fialho
Andre Fialho,491.39,19-11-2022,L,KO/TKO,Muslim Salikhov
Waldo Cortes-Acosta,525.59,19-11-2022,W,U-DEC,Chase Sherman
Chase Sherman,418.52,19-11-2022,L,U-DEC,Waldo Cortes-Acosta
Kennedy Nzechukwu,526.75,19-11-2022,W,KO/TKO,Ion Cutelaba
Ion Cutelaba,452.1,19-11-2022,L,KO/TKO,Kennedy Nzechukwu
Yazmin Jauregui,529.78,03-12-2022,W,KO/TKO,Istela Nunes
Istela Nunes,449.37,03-12-2022,L,KO/TKO,Yazmin Jauregui
Francis Marshall,514.28,03-12-2022,W,KO/TKO,Marcelo Rojo
Marcelo Rojo,453.17,03-12-2022,L,KO/TKO,Francis Marshall
Natan Levy,514.51,03-12-2022,W,U-DEC,Genaro Valdez
Genaro Valdez,467.87,03-12-2022,L,U-DEC,Natan Levy
Jonathan Pearce,577.45,03-12-2022,W,U-DEC,Darren Elkins
Darren Elkins,565.61,03-12-2022,L,U-DEC,Jonathan Pearce
Michael Johnson,490.31,03-12-2022,W,U-DEC,Marc Diakiese
Marc Diakiese,501.94,03-12-2022,L,U-DEC,Michael Johnson
Clay Guida,525.92,03-12-2022,W,S-DEC,Scott Holtzman
Scott Holtzman,514.56,03-12-2022,L,S-DEC,Clay Guida
Angela Hill,487.48,03-12-2022,W,U-DEC,Emily Ducote
Emily Ducote,497.28,03-12-2022,L,U-DEC,Angela Hill
Phil Rowe,536.12,03-12-2022,W,KO/TKO,Niko Price
Niko Price,540.13,03-12-2022,L,KO/TKO,Phil Rowe
Eryk Anders,492.19,03-12-2022,W,KO/TKO,Kyle Daukaus
Kyle Daukaus,489.67,03-12-2022,L,KO/TKO,Eryk Anders
Roman Dolidze,581.26,03-12-2022,W,KO/TKO,Jack Hermansson
Jack Hermansson,564.85,03-12-2022,L,KO/TKO,Roman Dolidze
Sergei Pavlovich,579.97,03-12-2022,W,KO/TKO,Tai Tuivasa
Tai Tuivasa,554.25,03-12-2022,L,KO/TKO,Sergei Pavlovich
Matheus Nicolau,592.73,03-12-2022,W,KO/TKO,Matt Schnell
Matt Schnell,513.56,03-12-2022,L,KO/TKO,Matheus Nicolau
Rafael Dos Anjos,623.5,03-12-2022,W,SUB,Bryan Barberena
Bryan Barberena,539.33,03-12-2022,L,SUB,Rafael Dos Anjos
Stephen Thompson,595.26,03-12-2022,W,KO/TKO,Kevin Holland
Kevin Holland,543.45,03-12-2022,L,KO/TKO,Stephen Thompson
Cameron Saaiman,515.75,10-12-2022,W,KO/TKO,Steven Koslow
Steven Koslow,484.25,10-12-2022,L,KO/TKO,Cameron Saaiman
TJ Brown,501.89,10-12-2022,W,SUB,Erik Silva
Erik Silva,480.3,10-12-2022,L,SUB,TJ Brown
Billy Quarantillo,547.24,10-12-2022,W,KO/TKO,Alexander Hernandez
Alexander Hernandez,506.9,10-12-2022,L,KO/TKO,Billy Quarantillo
Chris Curtis,554.27,10-12-2022,W,KO/TKO,Joaquin Buckley
Joaquin Buckley,514.84,10-12-2022,L,KO/TKO,Chris Curtis
Edmen Shahbazyan,534.88,10-12-2022,W,KO/TKO,Dalcha Lungiambula
Dalcha Lungiambula,446.62,10-12-2022,L,KO/TKO,Edmen Shahbazyan
Jairzinho Rozenstruik,555.57,10-12-2022,W,KO/TKO,Chris Daukaus
Chris Daukaus,526.63,10-12-2022,L,KO/TKO,Jairzinho Rozenstruik
Raul Rosas Jr.,517.58,10-12-2022,W,SUB,Jay Perrin
Jay Perrin,450.13,10-12-2022,L,SUB,Raul Rosas Jr.
Ilia Topuria,593.29,10-12-2022,W,SUB,Bryce Mitchell
Bryce Mitchell,577.77,10-12-2022,L,SUB,Ilia Topuria
Dricus Du Plessis,574.77,10-12-2022,W,SUB,Darren Till
Darren Till,522.82,10-12-2022,L,SUB,Dricus Du Plessis
Santiago Ponzinibbio,598.75,10-12-2022,W,KO/TKO,Alex Morono
Alex Morono,575.78,10-12-2022,L,KO/TKO,Santiago Ponzinibbio
Paddy Pimblett,572.15,10-12-2022,W,U-DEC,Jared Gordon
Jared Gordon,530.36,10-12-2022,L,U-DEC,Paddy Pimblett
Jan Blachowicz,627.16,10-12-2022,L,S-DEC,Magomed Ankalaev
Magomed Ankalaev,639.95,10-12-2022,W,S-DEC,Jan Blachowicz
Sergey Morozov,511.18,17-12-2022,W,U-DEC,Journey Newson
Journey Newson,483.56,17-12-2022,L,U-DEC,Sergey Morozov
Manel Kape,524.63,17-12-2022,W,U-DEC,David Dvorak
David Dvorak,515.62,17-12-2022,L,U-DEC,Manel Kape
Rinat Fakhretdinov,533.16,17-12-2022,W,U-DEC,Bryan Battle
Bryan Battle,531.19,17-12-2022,L,U-DEC,Rinat Fakhretdinov
Rafa Garcia,508.32,17-12-2022,W,U-DEC,Maheshate
Maheshate,498.93,17-12-2022,L,U-DEC,Rafa Garcia
Said Nurmagomedov,587.62,17-12-2022,W,SUB,Saidyokub Kakhramonov
Saidyokub Kakhramonov,517.54,17-12-2022,L,SUB,Said Nurmagomedov
Matthew Semelsberger,546.97,17-12-2022,W,U-DEC,Jake Matthews
Jake Matthews,562.08,17-12-2022,L,U-DEC,Matthew Semelsberger
Cory McKenna,533.63,17-12-2022,W,U-DEC,Cheyanne Vlismas
Cheyanne Vlismas,498.93,17-12-2022,L,U-DEC,Cory McKenna
Michal Oleksiejczuk,548.65,17-12-2022,W,KO/TKO,Cody Brundage
Cody Brundage,503.85,17-12-2022,L,KO/TKO,Michal Oleksiejczuk
Drew Dober,580.19,17-12-2022,W,KO/TKO,King Green
King Green,522.81,17-12-2022,L,KO/TKO,Drew Dober
Alex Caceres,566.78,17-12-2022,W,KO/TKO,Julian Erosa
Julian Erosa,519.12,17-12-2022,L,KO/TKO,Alex Caceres
Amir Albazi,569.44,17-12-2022,W,KO/TKO,Alessandro Costa
Alessandro Costa,484.79,17-12-2022,L,KO/TKO,Amir Albazi
Arman Tsarukyan,572.84,17-12-2022,W,U-DEC,Damir Ismagulov
Damir Ismagulov,562.27,17-12-2022,L,U-DEC,Arman Tsarukyan
Jared Cannonier,580.8,17-12-2022,W,S-DEC,Sean Strickland
Sean Strickland,599.81,17-12-2022,L,S-DEC,Jared Cannonier
Charles Johnson,516.35,14-01-2023,W,KO/TKO,Jimmy Flick
Jimmy Flick,501.97,14-01-2023,L,KO/TKO,Charles Johnson
Dan Argueta,501.09,14-01-2023,W,U-DEC,Nick Aguirre
Nick Aguirre,483.55,14-01-2023,L,U-DEC,Dan Argueta
Allan Nascimento,521.87,14-01-2023,W,SUB,Carlos Hernandez
Carlos Hernandez,494.58,14-01-2023,L,SUB,Allan Nascimento
Mateusz Rebecki,515.75,14-01-2023,W,U-DEC,Nick Fiore
Nick Fiore,484.25,14-01-2023,L,U-DEC,Mateusz Rebecki
Abdul Razak Alhassan,510.68,14-01-2023,W,KO/TKO,Claudio Ribeiro
Claudio Ribeiro,484.01,14-01-2023,L,KO/TKO,Abdul Razak Alhassan
Javid Basharat,548.97,14-01-2023,W,U-DEC,Mateus Mendonca
Mateus Mendonca,484.4,14-01-2023,L,U-DEC,Javid Basharat
Umar Nurmagomedov,576.84,14-01-2023,W,KO/TKO,Raoni Barcelos
Raoni Barcelos,538.24,14-01-2023,L,KO/TKO,Umar Nurmagomedov
Raquel Pennington,616.44,14-01-2023,W,S-DEC,Ketlen Vieira
Ketlen Vieira,558.52,14-01-2023,L,S-DEC,Raquel Pennington
Roman Kopylov,500.41,14-01-2023,W,KO/TKO,Punahele Soriano
Punahele Soriano,496.47,14-01-2023,L,KO/TKO,Roman Kopylov
Dan Ige,555.28,14-01-2023,W,KO/TKO,Damon Jackson
Damon Jackson,554.91,14-01-2023,L,KO/TKO,Dan Ige
Sean Strickland,613.37,14-01-2023,W,U-DEC,Nassourdine Imavov
Nassourdine Imavov,537.62,14-01-2023,L,U-DEC,Sean Strickland
Daniel Marcos,515.03,21-01-2023,W,KO/TKO,Saimon Oliveira
Saimon Oliveira,469.13,21-01-2023,L,KO/TKO,Daniel Marcos
Josiane Nunes,546.86,21-01-2023,W,U-DEC,Zarah Fairn
Zarah Fairn,451.09,21-01-2023,L,U-DEC,Josiane Nunes
Nicolas Dalby,527.06,21-01-2023,W,S-DEC,Warlley Alves
Warlley Alves,522.77,21-01-2023,L,S-DEC,Nicolas Dalby
Ismael Bonfim,517.46,21-01-2023,W,KO/TKO,Terrance McKinney
Terrance McKinney,520.36,21-01-2023,L,KO/TKO,Ismael Bonfim
Cody Stamann,540.47,21-01-2023,W,U-DEC,Luan Lacerda
Luan Lacerda,484.69,21-01-2023,L,U-DEC,Cody Stamann
Jailton Almeida,571.61,21-01-2023,W,KO/TKO,Shamil Abdurakhimov
Shamil Abdurakhimov,487.3,21-01-2023,L,KO/TKO,Jailton Almeida
Gabriel Bonfim,520.43,21-01-2023,W,SUB,Mounir Lazzez
Mounir Lazzez,498.53,21-01-2023,L,SUB,Gabriel Bonfim
Thiago Moises,545.26,21-01-2023,W,SUB,Melquizael Costa
Melquizael Costa,481.57,21-01-2023,L,SUB,Thiago Moises
Brunno Ferreira,517.94,21-01-2023,W,KO/TKO,Gregory Rodrigues
Gregory Rodrigues,530.62,21-01-2023,L,KO/TKO,Brunno Ferreira
Ihor Potieria,500.99,21-01-2023,W,KO/TKO,Mauricio Rua
Mauricio Rua,502.12,21-01-2023,L,KO/TKO,Ihor Potieria
Johnny Walker,543.1,21-01-2023,W,KO/TKO,Paul Craig
Paul Craig,548.32,21-01-2023,L,KO/TKO,Johnny Walker
Jessica Andrade,618.2,21-01-2023,W,U-DEC,Lauren Murphy
Lauren Murphy,545.34,21-01-2023,L,U-DEC,Jessica Andrade
Gilbert Burns,646.09,21-01-2023,W,SUB,Neil Magny
Neil Magny,621.31,21-01-2023,L,SUB,Gilbert Burns
Brandon Moreno,620.74,21-01-2023,W,KO/TKO,Deiveson Figueiredo
Deiveson Figueiredo,617.0,21-01-2023,L,KO/TKO,Brandon Moreno
Jamahal Hill,577.49,21-01-2023,W,U-DEC,Glover Teixeira
Glover Teixeira,637.17,21-01-2023,L,U-DEC,Jamahal Hill
Tatsuro Taira,553.9,04-02-2023,W,SUB,Jesus Aguilar
Jesus Aguilar,480.9,04-02-2023,L,SUB,Tatsuro Taira
JunYong Park,561.81,04-02-2023,W,SUB,Denis Tiuliulin
Denis Tiuliulin,478.41,04-02-2023,L,SUB,JunYong Park
HyunSung Park,518.74,04-02-2023,W,SUB,SeungGuk Choi
SeungGuk Choi,481.26,04-02-2023,L,SUB,HyunSung Park
Rinya Nakamura,515.75,04-02-2023,W,KO/TKO,Toshiomi Kazama
Toshiomi Kazama,484.25,04-02-2023,L,KO/TKO,Rinya Nakamura
JeongYeong Lee,515.75,04-02-2023,W,S-DEC,Yizha
Yizha,484.25,04-02-2023,L,S-DEC,JeongYeong Lee
Anshul Jubli,515.75,04-02-2023,W,KO/TKO,Jeka Saragih
Jeka Saragih,484.25,04-02-2023,L,KO/TKO,Anshul Jubli
Adam Fugitt,500.77,04-02-2023,W,KO/TKO,Yusaku Kinoshita
Yusaku Kinoshita,483.54,04-02-2023,L,KO/TKO,Adam Fugitt
Dooho Choi,498.28,04-02-2023,L,M-DEC,Kyle Nelson
Kyle Nelson,455.48,04-02-2023,W,M-DEC,Dooho Choi
Marcin Tybura,593.25,04-02-2023,W,U-DEC,Blagoy Ivanov
Blagoy Ivanov,501.08,04-02-2023,L,U-DEC,Marcin Tybura
Devin Clark,508.96,04-02-2023,W,U-DEC,Da Woon Jung
Da Woon Jung,527.72,04-02-2023,L,U-DEC,Devin Clark
Serghei Spivac,575.87,04-02-2023,W,SUB,Derrick Lewis
Derrick Lewis,575.79,04-02-2023,L,SUB,Serghei Spivac
Elves Brener,517.6,11-02-2023,W,S-DEC,Zubaira Tukhugov
Zubaira Tukhugov,523.32,11-02-2023,L,S-DEC,Elves Brener
Blake Bilder,515.04,11-02-2023,W,U-DEC,Shane Young
Shane Young,469.31,11-02-2023,L,U-DEC,Blake Bilder
Loma Lookboonmee,543.95,11-02-2023,W,SUB,Elise Reed
Elise Reed,481.42,11-02-2023,L,SUB,Loma Lookboonmee
Jack Jenkins,515.0,11-02-2023,W,U-DEC,Don Shainis
Don Shainis,468.54,11-02-2023,L,U-DEC,Jack Jenkins
Jamie Mullarkey,521.02,11-02-2023,W,U-DEC,Francisco Prado
Francisco Prado,483.73,11-02-2023,L,U-DEC,Jamie Mullarkey
Kleydson Rodrigues,499.99,11-02-2023,W,KO/TKO,Shannon Ross
Shannon Ross,483.5,11-02-2023,L,KO/TKO,Kleydson Rodrigues
Josh Culibao,538.38,11-02-2023,W,SUB,Melsik Baghdasaryan
Melsik Baghdasaryan,509.73,11-02-2023,L,SUB,Josh Culibao
Modestas Bukauskas,487.05,11-02-2023,W,U-DEC,Tyson Pedro
Tyson Pedro,512.49,11-02-2023,L,U-DEC,Modestas Bukauskas
Jimmy Crute,521.81,11-02-2023,L,M-DEC,Alonzo Menifield
Alonzo Menifield,548.75,11-02-2023,W,M-DEC,Jimmy Crute
Justin Tafa,501.85,11-02-2023,W,KO/TKO,Parker Porter
Parker Porter,491.48,11-02-2023,L,KO/TKO,Justin Tafa
Jack Della Maddalena,576.5,11-02-2023,W,SUB,Randy Brown
Randy Brown,583.19,11-02-2023,L,SUB,Jack Della Maddalena
Yair Rodriguez,620.79,11-02-2023,W,SUB,Josh Emmett
Josh Emmett,598.89,11-02-2023,L,SUB,Yair Rodriguez
Islam Makhachev,744.72,11-02-2023,W,U-DEC,Alexander Volkanovski
Alexander Volkanovski,710.81,11-02-2023,L,U-DEC,Islam Makhachev
Clayton Carpenter,518.3,18-02-2023,W,SUB,Juancamilo Ronderos
Juancamilo Ronderos,462.42,18-02-2023,L,SUB,Clayton Carpenter
AJ Fletcher,489.91,18-02-2023,W,SUB,Themba Gorimbo
Themba Gorimbo,479.26,18-02-2023,L,SUB,AJ Fletcher
Philipe Lins,505.15,18-02-2023,W,KO/TKO,Ovince Saint Preux
Ovince Saint Preux,517.08,18-02-2023,L,KO/TKO,Philipe Lins
Jamall Emmers,497.89,18-02-2023,W,U-DEC,Khusein Askhabov
Khusein Askhabov,483.4,18-02-2023,L,U-DEC,Jamall Emmers
Mayra Bueno Silva,557.36,18-02-2023,W,SUB,Lina Lansberg
Lina Lansberg,456.8,18-02-2023,L,SUB,Mayra Bueno Silva
Nazim Sadykhov,515.01,18-02-2023,W,KO/TKO,Evan Elder
Evan Elder,468.6,18-02-2023,L,KO/TKO,Nazim Sadykhov
Alexander Hernandez,526.26,18-02-2023,W,U-DEC,Jim Miller
Jim Miller,568.63,18-02-2023,L,U-DEC,Alexander Hernandez
Marcin Prachnio,489.41,18-02-2023,W,U-DEC,William Knight
William Knight,480.73,18-02-2023,L,U-DEC,Marcin Prachnio
Jamal Pogues,515.55,18-02-2023,W,U-DEC,Josh Parisian
Josh Parisian,480.06,18-02-2023,L,U-DEC,Jamal Pogues
Zac Pauga,498.88,18-02-2023,W,U-DEC,Jordan Wright
Jordan Wright,444.81,18-02-2023,L,U-DEC,Zac Pauga
Erin Blanchfield,601.1,18-02-2023,W,SUB,Jessica Andrade
Jessica Andrade,592.75,18-02-2023,L,SUB,Erin Blanchfield
Nurullo Aliev,515.33,25-02-2023,W,M-DEC,Rafael Alves
Rafael Alves,475.34,25-02-2023,L,M-DEC,Nurullo Aliev
Joe Solecki,567.76,25-02-2023,W,SUB,Carl Deaton
Carl Deaton,482.93,25-02-2023,L,SUB,Joe Solecki
Ode Osbourne,511.76,25-02-2023,W,S-DEC,Charles Johnson
Charles Johnson,499.64,25-02-2023,L,S-DEC,Ode Osbourne
Jordan Leavitt,528.36,25-02-2023,W,KO/TKO,Victor Martinez
Victor Martinez,484.85,25-02-2023,L,KO/TKO,Jordan Leavitt
Jasmine Jasudavicius,515.16,25-02-2023,W,U-DEC,Gabriella Fernandes
Gabriella Fernandes,484.22,25-02-2023,L,U-DEC,Jasmine Jasudavicius
Trevor Peek,514.33,25-02-2023,W,KO/TKO,Erick Gonzalez
Erick Gonzalez,454.24,25-02-2023,L,KO/TKO,Trevor Peek
Mike Malott,536.53,25-02-2023,W,SUB,Yohan Lainesse
Yohan Lainesse,479.45,25-02-2023,L,SUB,Mike Malott
Tatiana Suarez,609.23,25-02-2023,W,SUB,Montana De La Rosa
Montana De La Rosa,512.27,25-02-2023,L,SUB,Tatiana Suarez
Augusto Sakai,514.99,25-02-2023,W,U-DEC,Don'Tale Mayes
Don'Tale Mayes,467.5,25-02-2023,L,U-DEC,Augusto Sakai
Brendan Allen,623.78,25-02-2023,W,SUB,Andre Muniz
Andre Muniz,574.54,25-02-2023,L,SUB,Brendan Allen
Loik Radzhabov,515.75,04-03-2023,W,U-DEC,Esteban Ribovics
Esteban Ribovics,484.25,04-03-2023,L,U-DEC,Loik Radzhabov
Farid Basharat,515.74,04-03-2023,W,U-DEC,Da'Mon Blackshear
Da'Mon Blackshear,483.99,04-03-2023,L,U-DEC,Farid Basharat
Tabatha Ricci,536.69,04-03-2023,W,SUB,Jessica Penne
Jessica Penne,470.43,04-03-2023,L,SUB,Tabatha Ricci
Cameron Saaiman,532.02,04-03-2023,W,M-DEC,Mana Martinez
Mana Martinez,494.72,04-03-2023,L,M-DEC,Cameron Saaiman
Ian Machado Garry,562.86,04-03-2023,W,KO/TKO,Song Kenan
Song Kenan,506.51,04-03-2023,L,KO/TKO,Ian Machado Garry
Marc-Andre Barriault,485.2,04-03-2023,W,KO/TKO,Julian Marquez
Julian Marquez,501.88,04-03-2023,L,KO/TKO,Marc-Andre Barriault
Amanda Ribas,566.91,04-03-2023,W,U-DEC,Viviane Araujo
Viviane Araujo,513.8,04-03-2023,L,U-DEC,Amanda Ribas
Dricus Du Plessis,596.23,04-03-2023,W,KO/TKO,Derek Brunson
Derek Brunson,603.97,04-03-2023,L,KO/TKO,Dricus Du Plessis
Cody Garbrandt,551.62,04-03-2023,W,U-DEC,Trevin Jones
Trevin Jones,467.38,04-03-2023,L,U-DEC,Cody Garbrandt
Bo Nickal,517.57,04-03-2023,W,SUB,Jamie Pickett
Jamie Pickett,450.03,04-03-2023,L,SUB,Bo Nickal
Mateusz Gamrot,566.74,04-03-2023,W,S-DEC,Jalin Turner
Jalin Turner,564.1,04-03-2023,L,S-DEC,Mateusz Gamrot
Shavkat Rakhmonov,614.37,04-03-2023,W,SUB,Geoff Neal
Geoff Neal,572.99,04-03-2023,L,SUB,Shavkat Rakhmonov
Alexa Grasso,594.58,04-03-2023,W,SUB,Valentina Shevchenko
Valentina Shevchenko,644.02,04-03-2023,L,SUB,Alexa Grasso
Jon Jones,829.77,04-03-2023,W,SUB,Ciryl Gane
Ciryl Gane,617.34,04-03-2023,L,SUB,Jon Jones
Carlston Harris,532.61,11-03-2023,W,U-DEC,Jared Gooden
Jared Gooden,459.06,11-03-2023,L,U-DEC,Carlston Harris
Bruno Silva,545.1,11-03-2023,W,SUB,Tyson Nam
Tyson Nam,490.37,11-03-2023,L,SUB,Bruno Silva
Ariane da Silva,495.85,11-03-2023,W,U-DEC,JJ Aldrich
JJ Aldrich,519.44,11-03-2023,L,U-DEC,Ariane da Silva
Victor Henry,520.68,11-03-2023,W,S-DEC,Tony Gravely
Tony Gravely,496.64,11-03-2023,L,S-DEC,Victor Henry
Josh Fremd,485.0,11-03-2023,W,SUB,Sedriques Dumas
Sedriques Dumas,478.97,11-03-2023,L,SUB,Josh Fremd
Davey Grant,524.1,11-03-2023,W,SUB,Raphael Assuncao
Raphael Assuncao,549.1,11-03-2023,L,SUB,Davey Grant
Karl Williams,515.04,11-03-2023,W,U-DEC,Lukasz Brzeski
Lukasz Brzeski,469.2,11-03-2023,L,U-DEC,Karl Williams
Vitor Petrino,514.89,11-03-2023,W,U-DEC,Anton Turkalj
Anton Turkalj,466.17,11-03-2023,L,U-DEC,Vitor Petrino
Mario Bautista,573.04,11-03-2023,W,SUB,Guido Cannetti
Guido Cannetti,469.11,11-03-2023,L,SUB,Mario Bautista
Jonathan Martinez,599.2,11-03-2023,W,U-DEC,Said Nurmagomedov
Said Nurmagomedov,568.46,11-03-2023,L,U-DEC,Jonathan Martinez
Nikita Krylov,571.35,11-03-2023,W,SUB,Ryan Spann
Ryan Spann,556.85,11-03-2023,L,SUB,Nikita Krylov
Alexander Volkov,593.17,11-03-2023,W,KO/TKO,Alexandr Romanov
Alexandr Romanov,552.71,11-03-2023,L,KO/TKO,Alexander Volkov
Merab Dvalishvili,635.51,11-03-2023,W,U-DEC,Petr Yan
Petr Yan,564.48,11-03-2023,L,U-DEC,Merab Dvalishvili
Veronica Hardy,477.19,18-03-2023,W,U-DEC,Juliana Miller
Juliana Miller,497.44,18-03-2023,L,U-DEC,Veronica Hardy
Jai Herbert,491.12,18-03-2023,L,M-DEC,Ludovit Klein
Ludovit Klein,514.34,18-03-2023,W,M-DEC,Jai Herbert
Joanne Wood,484.0,18-03-2023,W,S-DEC,Luana Carolina
Luana Carolina,490.3,18-03-2023,L,S-DEC,Joanne Wood
Jake Hadley,518.15,18-03-2023,W,KO/TKO,Malcolm Gordon
Malcolm Gordon,466.18,18-03-2023,L,KO/TKO,Jake Hadley
Christian Leroy Duncan,515.56,18-03-2023,W,KO/TKO,Dusko Todorovic
Dusko Todorovic,480.16,18-03-2023,L,KO/TKO,Christian Leroy Duncan
Lerone Murphy,568.3,18-03-2023,W,S-DEC,Gabriel Santos
Gabriel Santos,484.73,18-03-2023,L,S-DEC,Lerone Murphy
Muhammad Mokaev,571.49,18-03-2023,W,SUB,Jafel Filho
Jafel Filho,481.84,18-03-2023,L,SUB,Muhammad Mokaev
Yanal Ashmouz,515.75,18-03-2023,W,KO/TKO,Sam Patterson
Sam Patterson,484.25,18-03-2023,L,KO/TKO,Yanal Ashmouz
Chris Duncan,515.39,18-03-2023,W,S-DEC,Omar Morales
Omar Morales,476.76,18-03-2023,L,S-DEC,Chris Duncan
Jack Shore,577.15,18-03-2023,W,SUB,Makwan Amirkhani
Makwan Amirkhani,497.06,18-03-2023,L,SUB,Jack Shore
Marvin Vettori,601.66,18-03-2023,W,U-DEC,Roman Dolidze
Roman Dolidze,565.73,18-03-2023,L,U-DEC,Marvin Vettori
Jennifer Maia,529.52,18-03-2023,W,U-DEC,Casey O'Neill
Casey O'Neill,543.99,18-03-2023,L,U-DEC,Jennifer Maia
Gunnar Nelson,591.51,18-03-2023,W,SUB,Bryan Barberena
Bryan Barberena,521.01,18-03-2023,L,SUB,Gunnar Nelson
Justin Gaethje,582.07,18-03-2023,W,M-DEC,Rafael Fiziev
Rafael Fiziev,579.96,18-03-2023,L,M-DEC,Justin Gaethje
Leon Edwards,710.35,18-03-2023,W,M-DEC,Kamaru Usman
Kamaru Usman,716.65,18-03-2023,L,M-DEC,Leon Edwards
Victor Altamirano,515.69,25-03-2023,W,U-DEC,Vinicius Salvador
Vinicius Salvador,483.46,25-03-2023,L,U-DEC,Victor Altamirano
CJ Vergara,495.16,25-03-2023,W,KO/TKO,Daniel Lacerda
Daniel Lacerda,436.3,25-03-2023,L,KO/TKO,CJ Vergara
Trevin Giles,542.14,25-03-2023,W,S-DEC,Preston Parsons
Preston Parsons,486.85,25-03-2023,L,S-DEC,Trevin Giles
Lucas Alexander,495.74,25-03-2023,W,U-DEC,Steven Peterson
Steven Peterson,469.3,25-03-2023,L,U-DEC,Lucas Alexander
Daniel Pineda,526.13,25-03-2023,W,SUB,Tucker Lutz
Tucker Lutz,480.32,25-03-2023,L,SUB,Daniel Pineda
Albert Duraev,514.94,25-03-2023,W,S-DEC,Chidi Njokuani
Chidi Njokuani,497.53,25-03-2023,L,S-DEC,Albert Duraev
Maycee Barber,577.45,25-03-2023,W,S-DEC,Andrea Lee
Andrea Lee,502.35,25-03-2023,L,S-DEC,Maycee Barber
Nate Landwehr,543.75,25-03-2023,W,SUB,Austin Lingo
Austin Lingo,496.55,25-03-2023,L,SUB,Nate Landwehr
Holly Holm,537.1,25-03-2023,W,U-DEC,Yana Santos
Yana Santos,505.4,25-03-2023,L,U-DEC,Holly Holm
Cory Sandhagen,614.3,25-03-2023,W,S-DEC,Marlon Vera
Marlon Vera,616.15,25-03-2023,L,S-DEC,Cory Sandhagen
Sam Hughes,491.54,08-04-2023,W,U-DEC,Jaqueline Amorim
Jaqueline Amorim,483.1,08-04-2023,L,U-DEC,Sam Hughes
Steve Garcia,519.74,08-04-2023,W,KO/TKO,Shayilan Nuerdanbieke
Shayilan Nuerdanbieke,511.84,08-04-2023,L,KO/TKO,Steve Garcia
Ignacio Bahamondes,538.85,08-04-2023,W,U-DEC,Trey Ogden
Trey Ogden,484.67,08-04-2023,L,U-DEC,Ignacio Bahamondes
Loopy Godinez,518.92,08-04-2023,W,S-DEC,Cynthia Calvillo
Cynthia Calvillo,496.67,08-04-2023,L,S-DEC,Loopy Godinez
Joe Pyfer,532.24,08-04-2023,W,KO/TKO,Gerald Meerschaert
Gerald Meerschaert,542.7,08-04-2023,L,KO/TKO,Joe Pyfer
Luana Pinheiro,544.12,08-04-2023,W,S-DEC,Michelle Waterson-Gomez
Michelle Waterson-Gomez,487.12,08-04-2023,L,S-DEC,Luana Pinheiro
Kelvin Gastelum,572.22,08-04-2023,W,U-DEC,Chris Curtis
Chris Curtis,538.62,08-04-2023,L,U-DEC,Kelvin Gastelum
Christian Rodriguez,521.33,08-04-2023,W,U-DEC,Raul Rosas Jr.
Raul Rosas Jr.,500.44,08-04-2023,L,U-DEC,Christian Rodriguez
Kevin Holland,561.69,08-04-2023,W,KO/TKO,Santiago Ponzinibbio
Santiago Ponzinibbio,580.51,08-04-2023,L,KO/TKO,Kevin Holland
Rob Font,580.14,08-04-2023,W,KO/TKO,Adrian Yanez
Adrian Yanez,563.2,08-04-2023,L,KO/TKO,Rob Font
Gilbert Burns,658.78,08-04-2023,W,U-DEC,Jorge Masvidal
Jorge Masvidal,551.64,08-04-2023,L,U-DEC,Gilbert Burns
Israel Adesanya,683.77,08-04-2023,W,KO/TKO,Alex Pereira
Alex Pereira,570.04,08-04-2023,L,KO/TKO,Israel Adesanya
Joselyne Edwards,528.54,15-04-2023,W,S-DEC,Lucie Pudilova
Lucie Pudilova,451.72,15-04-2023,L,S-DEC,Joselyne Edwards
Gaston Bolanos,513.52,15-04-2023,W,U-DEC,Aaron Phillips
Aaron Phillips,437.02,15-04-2023,L,U-DEC,Gaston Bolanos
Denise Gomes,501.15,15-04-2023,W,KO/TKO,Bruna Brasil
Bruna Brasil,483.56,15-04-2023,L,KO/TKO,Denise Gomes
Daniel Zellhuber,499.08,15-04-2023,W,U-DEC,Lando Vannata
Lando Vannata,463.39,15-04-2023,L,U-DEC,Daniel Zellhuber
Gillian Robertson,561.87,15-04-2023,W,SUB,Piera Rodriguez
Piera Rodriguez,511.17,15-04-2023,L,SUB,Gillian Robertson
Zak Cummings,584.56,15-04-2023,W,KO/TKO,Ed Herman
Ed Herman,527.24,15-04-2023,L,KO/TKO,Zak Cummings
Brandon Royval,560.99,15-04-2023,W,KO/TKO,Matheus Nicolau
Matheus Nicolau,572.94,15-04-2023,L,KO/TKO,Brandon Royval
Bill Algeo,524.63,15-04-2023,W,SUB,TJ Brown
TJ Brown,483.05,15-04-2023,L,SUB,Bill Algeo
Rafa Garcia,525.66,15-04-2023,W,U-DEC,Clay Guida
Clay Guida,508.58,15-04-2023,L,U-DEC,Rafa Garcia
Pedro Munhoz,547.82,15-04-2023,W,U-DEC,Chris Gutierrez
Chris Gutierrez,583.51,15-04-2023,L,U-DEC,Pedro Munhoz
Ion Cutelaba,469.99,15-04-2023,W,KO/TKO,Tanner Boser
Tanner Boser,481.76,15-04-2023,L,KO/TKO,Ion Cutelaba
Azamat Murzakanov,550.63,15-04-2023,W,U-DEC,Dustin Jacoby
Dustin Jacoby,535.05,15-04-2023,L,U-DEC,Azamat Murzakanov
Edson Barboza,553.14,15-04-2023,W,KO/TKO,Billy Quarantillo
Billy Quarantillo,531.02,15-04-2023,L,KO/TKO,Edson Barboza
Max Holloway,687.76,15-04-2023,W,U-DEC,Arnold Allen
Arnold Allen,652.67,15-04-2023,L,U-DEC,Max Holloway
Brady Hiestand,516.42,22-04-2023,W,KO/TKO,Batgerel Danaa
Batgerel Danaa,482.45,22-04-2023,L,KO/TKO,Brady Hiestand
William Gomis,532.18,22-04-2023,W,S-DEC,Francis Marshall
Francis Marshall,497.85,22-04-2023,L,S-DEC,William Gomis
Mohammed Usman,531.5,22-04-2023,W,U-DEC,Junior Tafa
Junior Tafa,484.25,22-04-2023,L,U-DEC,Mohammed Usman
Norma Dumont,551.56,22-04-2023,W,U-DEC,Karol Rosa
Karol Rosa,538.57,22-04-2023,L,U-DEC,Norma Dumont
Montel Jackson,586.62,22-04-2023,W,KO/TKO,Rani Yahya
Rani Yahya,591.38,22-04-2023,L,KO/TKO,Montel Jackson
Christos Giagos,501.78,22-04-2023,W,KO/TKO,Ricky Glenn
Ricky Glenn,506.05,22-04-2023,L,KO/TKO,Christos Giagos
Jeremiah Wells,571.21,22-04-2023,W,S-DEC,Matthew Semelsberger
Matthew Semelsberger,529.31,22-04-2023,L,S-DEC,Jeremiah Wells
Iasmin Lucindo,500.0,22-04-2023,W,U-DEC,Brogan Walker
Brogan Walker,468.5,22-04-2023,L,U-DEC,Iasmin Lucindo
King Green,508.14,22-04-2023,L,CNC,Jared Gordon
Jared Gordon,545.03,22-04-2023,W,CNC,King Green
Bruno Silva,563.35,22-04-2023,W,KO/TKO,Brad Tavares
Brad Tavares,563.85,22-04-2023,L,KO/TKO,Bruno Silva
Sergei Pavlovich,603.86,22-04-2023,W,KO/TKO,Curtis Blaydes
Curtis Blaydes,635.71,22-04-2023,L,KO/TKO,Sergei Pavlovich
Jamey-Lyn Horth,515.75,29-04-2023,W,U-DEC,Hailey Cowan
Hailey Cowan,484.25,29-04-2023,L,U-DEC,Jamey-Lyn Horth
Marcus McGhee,518.16,29-04-2023,W,SUB,Journey Newson
Journey Newson,465.4,29-04-2023,L,SUB,Marcus McGhee
Irina Alekseeva,520.51,29-04-2023,W,SUB,Stephanie Egger
Stephanie Egger,499.94,29-04-2023,L,SUB,Irina Alekseeva
Cody Durden,527.32,29-04-2023,W,U-DEC,Charles Johnson
Charles Johnson,482.93,29-04-2023,L,U-DEC,Cody Durden
Martin Buday,545.62,29-04-2023,W,U-DEC,Jake Collier
Jake Collier,455.63,29-04-2023,L,U-DEC,Martin Buday
Trey Waters,516.44,29-04-2023,W,U-DEC,Josh Quinlan
Josh Quinlan,498.75,29-04-2023,L,U-DEC,Trey Waters
Marcos Rogerio de Lima,554.52,29-04-2023,W,U-DEC,Waldo Cortes-Acosta
Waldo Cortes-Acosta,509.71,29-04-2023,L,U-DEC,Marcos Rogerio de Lima
Fernando Padilla,516.62,29-04-2023,W,KO/TKO,Julian Erosa
Julian Erosa,502.5,29-04-2023,L,KO/TKO,Fernando Padilla
Rodolfo Vieira,534.33,29-04-2023,W,SUB,Cody Brundage
Cody Brundage,485.45,29-04-2023,L,SUB,Rodolfo Vieira
Caio Borralho,571.02,29-04-2023,W,SUB,Michal Oleksiejczuk
Michal Oleksiejczuk,526.91,29-04-2023,L,SUB,Caio Borralho
Song Yadong,610.8,29-04-2023,W,KO/TKO,Ricky Simon
Ricky Simon,597.22,29-04-2023,L,KO/TKO,Song Yadong
Claudio Ribeiro,499.7,06-05-2023,W,KO/TKO,Joseph Holmes
Joseph Holmes,467.06,06-05-2023,L,KO/TKO,Claudio Ribeiro
Ikram Aliskerov,516.97,06-05-2023,W,KO/TKO,Phil Hawes
Phil Hawes,510.04,06-05-2023,L,KO/TKO,Ikram Aliskerov
Parker Porter,507.62,06-05-2023,W,KO/TKO,Braxton Smith
Braxton Smith,483.86,06-05-2023,L,KO/TKO,Parker Porter
Virna Jandiroba,543.99,06-05-2023,W,U-DEC,Marina Rodriguez
Marina Rodriguez,551.59,06-05-2023,L,U-DEC,Virna Jandiroba
Khaos Williams,548.28,06-05-2023,W,S-DEC,Rolando Bedoya
Rolando Bedoya,485.79,06-05-2023,L,S-DEC,Khaos Williams
Kennedy Nzechukwu,546.55,06-05-2023,W,SUB,Devin Clark
Devin Clark,489.16,06-05-2023,L,SUB,Kennedy Nzechukwu
Matt Frevola,541.32,06-05-2023,W,KO/TKO,Drew Dober
Drew Dober,560.04,06-05-2023,L,KO/TKO,Matt Frevola
Charles Jourdain,506.92,06-05-2023,W,U-DEC,Kron Gracie
Kron Gracie,487.63,06-05-2023,L,U-DEC,Charles Jourdain
Movsar Evloev,619.29,06-05-2023,W,U-DEC,Diego Lopes
Diego Lopes,485.69,06-05-2023,L,U-DEC,Movsar Evloev
Yan Xiaonan,589.13,06-05-2023,W,KO/TKO,Jessica Andrade
Jessica Andrade,575.25,06-05-2023,L,KO/TKO,Yan Xiaonan
Belal Muhammad,711.3,06-05-2023,W,U-DEC,Gilbert Burns
Gilbert Burns,639.08,06-05-2023,L,U-DEC,Belal Muhammad
Aljamain Sterling,718.15,06-05-2023,W,S-DEC,Henry Cejudo
Henry Cejudo,629.35,06-05-2023,L,S-DEC,Aljamain Sterling
Tainara Lisboa,517.77,13-05-2023,W,SUB,Jessica-Rose Clark
Jessica-Rose Clark,464.11,13-05-2023,L,SUB,Tainara Lisboa
Bryan Battle,545.56,13-05-2023,W,KO/TKO,Gabe Green
Gabe Green,486.41,13-05-2023,L,KO/TKO,Bryan Battle
Mandy Bohm,481.92,13-05-2023,W,S-DEC,Ji Yeon Kim
Ji Yeon Kim,436.95,13-05-2023,L,S-DEC,Mandy Bohm
Douglas Silva de Andrade,532.94,13-05-2023,W,U-DEC,Cody Stamann
Cody Stamann,523.62,13-05-2023,L,U-DEC,Douglas Silva de Andrade
Karl Williams,527.07,13-05-2023,W,U-DEC,Chase Sherman
Chase Sherman,406.49,13-05-2023,L,U-DEC,Karl Williams
Matt Brown,546.19,13-05-2023,W,KO/TKO,Court McGee
Court McGee,480.85,13-05-2023,L,KO/TKO,Matt Brown
Alex Morono,592.7,13-05-2023,W,SUB,Tim Means
Tim Means,519.77,13-05-2023,L,SUB,Alex Morono
Carlos Ulberg,549.89,13-05-2023,W,KO/TKO,Ihor Potieria
Ihor Potieria,484.67,13-05-2023,L,KO/TKO,Carlos Ulberg
Ian Machado Garry,582.62,13-05-2023,W,KO/TKO,Daniel Rodriguez
Daniel Rodriguez,561.92,13-05-2023,L,KO/TKO,Ian Machado Garry
Johnny Walker,562.27,13-05-2023,W,U-DEC,Anthony Smith
Anthony Smith,562.77,13-05-2023,L,U-DEC,Johnny Walker
Jailton Almeida,593.61,13-05-2023,W,SUB,Jairzinho Rozenstruik
Jairzinho Rozenstruik,533.57,13-05-2023,L,SUB,Jailton Almeida
Themba Gorimbo,494.47,20-05-2023,W,U-DEC,Takashi Sato
Takashi Sato,452.1,20-05-2023,L,U-DEC,Themba Gorimbo
Natalia Silva,547.14,20-05-2023,W,KO/TKO,Victoria Leonardo
Victoria Leonardo,470.65,20-05-2023,L,KO/TKO,Natalia Silva
Chase Hooper,510.26,20-05-2023,W,U-DEC,Nick Fiore
Nick Fiore,468.99,20-05-2023,L,U-DEC,Chase Hooper
Rodrigo Nascimento,549.22,20-05-2023,W,S-DEC,Ilir Latifi
Ilir Latifi,540.95,20-05-2023,L,S-DEC,Rodrigo Nascimento
Gilbert Urbina,497.51,20-05-2023,W,KO/TKO,Orion Cosce
Orion Cosce,482.56,20-05-2023,L,KO/TKO,Gilbert Urbina
Karolina Kowalkiewicz,517.78,20-05-2023,W,U-DEC,Vanessa Demopoulos
Vanessa Demopoulos,517.27,20-05-2023,L,U-DEC,Karolina Kowalkiewicz
Viacheslav Borshchev,498.13,20-05-2023,W,KO/TKO,Maheshate
Maheshate,482.39,20-05-2023,L,KO/TKO,Viacheslav Borshchev
Diego Ferreira,574.73,20-05-2023,W,KO/TKO,Michael Johnson
Michael Johnson,477.77,20-05-2023,L,KO/TKO,Diego Ferreira
Joaquin Buckley,529.53,20-05-2023,W,KO/TKO,Andre Fialho
Andre Fialho,476.7,20-05-2023,L,KO/TKO,Joaquin Buckley
Loopy Godinez,534.39,20-05-2023,W,U-DEC,Emily Ducote
Emily Ducote,481.81,20-05-2023,L,U-DEC,Loopy Godinez
Anthony Hernandez,559.47,20-05-2023,W,KO/TKO,Edmen Shahbazyan
Edmen Shahbazyan,517.24,20-05-2023,L,KO/TKO,Anthony Hernandez
Mackenzie Dern,578.55,20-05-2023,W,U-DEC,Angela Hill
Angela Hill,475.24,20-05-2023,L,U-DEC,Mackenzie Dern
Philipe Lins,522.17,03-06-2023,W,U-DEC,Maxim Grishin
Maxim Grishin,483.58,03-06-2023,L,U-DEC,Philipe Lins
Da'Mon Blackshear,499.77,03-06-2023,W,KO/TKO,Luan Lacerda
Luan Lacerda,468.91,03-06-2023,L,KO/TKO,Da'Mon Blackshear
Elise Reed,496.53,03-06-2023,W,U-DEC,Jinh Yu Frey
Jinh Yu Frey,452.09,03-06-2023,L,U-DEC,Elise Reed
Muhammad Naimov,516.7,03-06-2023,W,KO/TKO,Jamie Mullarkey
Jamie Mullarkey,504.32,03-06-2023,L,KO/TKO,Muhammad Naimov
John Castaneda,521.15,03-06-2023,W,U-DEC,Muin Gafurov
Muin Gafurov,484.51,03-06-2023,L,U-DEC,John Castaneda
Don'Tale Mayes,487.26,03-06-2023,W,KO/TKO,Andrei Arlovski
Andrei Arlovski,538.07,03-06-2023,L,KO/TKO,Don'Tale Mayes
Daniel Santos,518.85,03-06-2023,W,U-DEC,Johnny Munoz
Johnny Munoz,486.43,03-06-2023,L,U-DEC,Daniel Santos
Elizeu Zaleski dos Santos,605.14,03-06-2023,W,S-DEC,Abubakar Nurmagomedov
Abubakar Nurmagomedov,498.36,03-06-2023,L,S-DEC,Elizeu Zaleski dos Santos
Karine Silva,538.27,03-06-2023,W,SUB,Ketlen Souza
Ketlen Souza,480.82,03-06-2023,L,SUB,Karine Silva
Tim Elliott,495.68,03-06-2023,W,U-DEC,Victor Altamirano
Victor Altamirano,497.38,03-06-2023,L,U-DEC,Tim Elliott
Jim Miller,581.31,03-06-2023,W,KO/TKO,Jesse Butler
Jesse Butler,487.32,03-06-2023,L,KO/TKO,Jim Miller
Alex Caceres,581.36,03-06-2023,W,U-DEC,Daniel Pineda
Daniel Pineda,511.55,03-06-2023,L,U-DEC,Alex Caceres
Amir Albazi,587.51,03-06-2023,W,S-DEC,Kai Kara-France
Kai Kara-France,538.78,03-06-2023,L,S-DEC,Amir Albazi
Diana Belbita,480.89,10-06-2023,W,U-DEC,Maria Oliveira
Maria Oliveira,466.47,10-06-2023,L,U-DEC,Diana Belbita
Steve Erceg,516.46,10-06-2023,W,U-DEC,David Dvorak
David Dvorak,499.16,10-06-2023,L,U-DEC,Steve Erceg
Kyle Nelson,473.9,10-06-2023,W,U-DEC,Blake Bilder
Blake Bilder,496.62,10-06-2023,L,U-DEC,Kyle Nelson
Aiemann Zahabi,532.99,10-06-2023,W,KO/TKO,Aoriqileng
Aoriqileng,484.83,10-06-2023,L,KO/TKO,Aiemann Zahabi
Jasmine Jasudavicius,532.57,10-06-2023,W,U-DEC,Miranda Maverick
Miranda Maverick,516.96,10-06-2023,L,U-DEC,Jasmine Jasudavicius
Nassourdine Imavov,522.66,10-06-2023,L,CNC,Chris Curtis
Chris Curtis,553.58,10-06-2023,W,CNC,Nassourdine Imavov
Marc-Andre Barriault,502.03,10-06-2023,W,U-DEC,Eryk Anders
Eryk Anders,475.36,10-06-2023,L,U-DEC,Marc-Andre Barriault
Dan Ige,571.23,10-06-2023,W,U-DEC,Nate Landwehr
Nate Landwehr,527.8,10-06-2023,L,U-DEC,Dan Ige
Mike Malott,555.26,10-06-2023,W,SUB,Adam Fugitt
Adam Fugitt,482.04,10-06-2023,L,SUB,Mike Malott
Charles Oliveira,736.6,10-06-2023,W,KO/TKO,Beneil Dariush
Beneil Dariush,684.6,10-06-2023,L,KO/TKO,Charles Oliveira
Amanda Nunes,705.36,10-06-2023,W,U-DEC,Irene Aldana
Irene Aldana,547.98,10-06-2023,L,U-DEC,Amanda Nunes
Modestas Bukauskas,504.11,17-06-2023,W,U-DEC,Zac Pauga
Zac Pauga,481.82,17-06-2023,L,U-DEC,Modestas Bukauskas
Dan Argueta,486.67,17-06-2023,L,Overturned,Ronnie Lawrence
Ronnie Lawrence,528.85,17-06-2023,W,Overturned,Dan Argueta
Tereza Bleda,500.03,17-06-2023,W,U-DEC,Gabriella Fernandes
Gabriella Fernandes,468.47,17-06-2023,L,U-DEC,Tereza Bleda
Carlos Hernandez,509.79,17-06-2023,W,U-DEC,Denys Bondar
Denys Bondar,467.48,17-06-2023,L,U-DEC,Carlos Hernandez
Kyung Ho Kang,593.47,17-06-2023,W,SUB,Cristian Quinonez
Cristian Quinonez,497.11,17-06-2023,L,SUB,Kyung Ho Kang
Alessandro Costa,501.32,17-06-2023,W,KO/TKO,Jimmy Flick
Jimmy Flick,485.44,17-06-2023,L,KO/TKO,Alessandro Costa
Nicolas Dalby,546.71,17-06-2023,W,U-DEC,Muslim Salikhov
Muslim Salikhov,556.05,17-06-2023,L,U-DEC,Nicolas Dalby
Manuel Torres,529.77,17-06-2023,W,KO/TKO,Nikolas Motta
Nikolas Motta,485.73,17-06-2023,L,KO/TKO,Manuel Torres
Pat Sabatini,565.06,17-06-2023,W,SUB,Lucas Almeida
Lucas Almeida,498.98,17-06-2023,L,SUB,Pat Sabatini
Armen Petrosyan,532.14,17-06-2023,W,U-DEC,Christian Leroy Duncan
Christian Leroy Duncan,499.06,17-06-2023,L,U-DEC,Armen Petrosyan
Arman Tsarukyan,586.95,17-06-2023,W,KO/TKO,Joaquim Silva
Joaquim Silva,508.1,17-06-2023,L,KO/TKO,Arman Tsarukyan
Jared Cannonier,598.29,17-06-2023,W,U-DEC,Marvin Vettori
Marvin Vettori,584.17,17-06-2023,L,U-DEC,Jared Cannonier
Sedriques Dumas,495.01,24-06-2023,W,U-DEC,Cody Brundage
Cody Brundage,469.41,24-06-2023,L,U-DEC,Sedriques Dumas
Jack Jenkins,530.69,24-06-2023,W,S-DEC,Jamall Emmers
Jamall Emmers,482.2,24-06-2023,L,S-DEC,Jack Jenkins
Chepe Mariscal,516.4,24-06-2023,W,U-DEC,Trevor Peek
Trevor Peek,497.93,24-06-2023,L,U-DEC,Chepe Mariscal
Joshua Van,513.12,24-06-2023,W,S-DEC,Zhalgas Zhumagulov
Zhalgas Zhumagulov,428.4,24-06-2023,L,S-DEC,Joshua Van
Tabatha Ricci,555.99,24-06-2023,W,U-DEC,Gillian Robertson
Gillian Robertson,542.57,24-06-2023,L,U-DEC,Tabatha Ricci
Mateusz Rebecki,532.25,24-06-2023,W,KO/TKO,Loik Radzhabov
Loik Radzhabov,499.25,24-06-2023,L,KO/TKO,Mateusz Rebecki
Randy Brown,594.96,24-06-2023,W,U-DEC,Wellington Turman
Wellington Turman,481.73,24-06-2023,L,U-DEC,Randy Brown
Neil Magny,633.27,24-06-2023,W,S-DEC,Phil Rowe
Phil Rowe,524.16,24-06-2023,L,S-DEC,Neil Magny
Brendan Allen,642.87,24-06-2023,W,SUB,Bruno Silva
Bruno Silva,544.26,24-06-2023,L,SUB,Brendan Allen
David Onama,518.89,24-06-2023,W,KO/TKO,Gabriel Santos
Gabriel Santos,469.85,24-06-2023,L,KO/TKO,David Onama
Austen Lane,485.08,24-06-2023,L,CNC,Justin Tafa
Justin Tafa,516.77,24-06-2023,W,CNC,Austen Lane
Maycee Barber,595.63,24-06-2023,W,KO/TKO,Amanda Ribas
Amanda Ribas,548.73,24-06-2023,L,KO/TKO,Maycee Barber
Ilia Topuria,613.1,24-06-2023,W,U-DEC,Josh Emmett
Josh Emmett,579.08,24-06-2023,L,U-DEC,Ilia Topuria
Alexandr Romanov,566.14,01-07-2023,W,U-DEC,Blagoy Ivanov
Blagoy Ivanov,487.65,01-07-2023,L,U-DEC,Alexandr Romanov
Luana Carolina,506.49,01-07-2023,W,U-DEC,Ivana Petrovic
Ivana Petrovic,483.81,01-07-2023,L,U-DEC,Luana Carolina
Elves Brener,533.24,01-07-2023,W,KO/TKO,Guram Kutateladze
Guram Kutateladze,483.89,01-07-2023,L,KO/TKO,Elves Brener
Karol Rosa,552.82,01-07-2023,W,S-DEC,Yana Santos
Yana Santos,491.15,01-07-2023,L,S-DEC,Karol Rosa
Joanderson Brito,537.06,01-07-2023,W,KO/TKO,Westin Wilson
Westin Wilson,483.78,01-07-2023,L,KO/TKO,Joanderson Brito
Rinat Fakhretdinov,556.4,01-07-2023,W,SUB,Kevin Lee
Kevin Lee,543.16,01-07-2023,L,SUB,Rinat Fakhretdinov
Nursulton Ruziboev,516.56,01-07-2023,W,KO/TKO,Brunno Ferreira
Brunno Ferreira,501.38,01-07-2023,L,KO/TKO,Nursulton Ruziboev
Benoit Saint Denis,543.02,01-07-2023,W,SUB,Ismael Bonfim
Ismael Bonfim,496.53,01-07-2023,L,SUB,Benoit Saint Denis
Ariane da Silva,513.22,01-07-2023,W,S-DEC,Melissa Gatto
Melissa Gatto,496.79,01-07-2023,L,S-DEC,Ariane da Silva
Michael Morales,549.65,01-07-2023,W,U-DEC,Max Griffin
Max Griffin,508.44,01-07-2023,L,U-DEC,Michael Morales
Grant Dawson,647.72,01-07-2023,W,U-DEC,Damir Ismagulov
Damir Ismagulov,545.36,01-07-2023,L,U-DEC,Grant Dawson
Sean Strickland,625.29,01-07-2023,W,KO/TKO,Abus Magomedov
Abus Magomedov,502.38,01-07-2023,L,KO/TKO,Sean Strickland
Esteban Ribovics,500.62,08-07-2023,W,U-DEC,Kamuela Kirk
Kamuela Kirk,481.6,08-07-2023,L,U-DEC,Esteban Ribovics
Jesus Aguilar,496.77,08-07-2023,W,KO/TKO,Shannon Ross
Shannon Ross,467.63,08-07-2023,L,KO/TKO,Jesus Aguilar
Cameron Saaiman,547.68,08-07-2023,W,KO/TKO,Terrence Mitchell
Terrence Mitchell,484.34,08-07-2023,L,KO/TKO,Cameron Saaiman
Vitor Petrino,533.09,08-07-2023,W,SUB,Marcin Prachnio
Marcin Prachnio,471.21,08-07-2023,L,SUB,Vitor Petrino
Alonzo Menifield,568.01,08-07-2023,W,SUB,Jimmy Crute
Jimmy Crute,502.55,08-07-2023,L,SUB,Alonzo Menifield
Denise Gomes,519.01,08-07-2023,W,KO/TKO,Yazmin Jauregui
Yazmin Jauregui,511.92,08-07-2023,L,KO/TKO,Denise Gomes
Tatsuro Taira,569.13,08-07-2023,W,U-DEC,Edgar Chairez
Edgar Chairez,484.77,08-07-2023,L,U-DEC,Tatsuro Taira
Robbie Lawler,572.3,08-07-2023,W,KO/TKO,Niko Price
Niko Price,525.16,08-07-2023,L,KO/TKO,Robbie Lawler
Bo Nickal,533.24,08-07-2023,W,KO/TKO,Val Woodburn
Val Woodburn,484.33,08-07-2023,L,KO/TKO,Bo Nickal
Dan Hooker,582.86,08-07-2023,W,S-DEC,Jalin Turner
Jalin Turner,547.71,08-07-2023,L,S-DEC,Dan Hooker
Dricus Du Plessis,620.42,08-07-2023,W,KO/TKO,Robert Whittaker
Robert Whittaker,657.23,08-07-2023,L,KO/TKO,Dricus Du Plessis
Alexandre Pantoja,619.49,08-07-2023,W,S-DEC,Brandon Moreno
Brandon Moreno,601.69,08-07-2023,L,S-DEC,Alexandre Pantoja
Alexander Volkanovski,722.57,08-07-2023,W,KO/TKO,Yair Rodriguez
Yair Rodriguez,609.03,08-07-2023,L,KO/TKO,Alexander Volkanovski
Ailin Perez,495.97,15-07-2023,W,U-DEC,Ashlee Evans-Smith
Ashlee Evans-Smith,448.41,15-07-2023,L,U-DEC,Ailin Perez
Alexander Munoz,486.85,15-07-2023,W,U-DEC,Carl Deaton
Carl Deaton,466.62,15-07-2023,L,U-DEC,Alexander Munoz
Azat Maksum,515.31,15-07-2023,W,S-DEC,Tyson Nam
Tyson Nam,475.06,15-07-2023,L,S-DEC,Azat Maksum
Evan Elder,484.32,15-07-2023,W,U-DEC,Genaro Valdez
Genaro Valdez,452.15,15-07-2023,L,U-DEC,Evan Elder
Melquizael Costa,498.0,15-07-2023,W,U-DEC,Austin Lingo
Austin Lingo,480.12,15-07-2023,L,U-DEC,Melquizael Costa
Viktoriia Dudakova,513.47,15-07-2023,W,KO/TKO,Istela Nunes
Istela Nunes,435.9,15-07-2023,L,KO/TKO,Viktoriia Dudakova
Melsik Baghdasaryan,524.15,15-07-2023,W,U-DEC,Tucker Lutz
Tucker Lutz,465.9,15-07-2023,L,U-DEC,Melsik Baghdasaryan
Nazim Sadykhov,535.28,15-07-2023,W,SUB,Terrance McKinney
Terrance McKinney,500.09,15-07-2023,L,SUB,Nazim Sadykhov
Norma Dumont,566.95,15-07-2023,W,U-DEC,Chelsea Chandler
Chelsea Chandler,498.66,15-07-2023,L,U-DEC,Norma Dumont
JunYong Park,580.67,15-07-2023,W,SUB,Albert Duraev
Albert Duraev,496.08,15-07-2023,L,SUB,JunYong Park
Francisco Prado,500.89,15-07-2023,W,KO/TKO,Ottman Azaitar
Ottman Azaitar,497.71,15-07-2023,L,KO/TKO,Francisco Prado
Jack Della Maddalena,591.19,15-07-2023,W,S-DEC,Bassil Hafez
Bassil Hafez,485.31,15-07-2023,L,S-DEC,Jack Della Maddalena
Holly Holm,522.97,15-07-2023,L,Overturned,Mayra Bueno Silva
Mayra Bueno Silva,571.49,15-07-2023,W,Overturned,Holly Holm
Jafel Filho,502.22,22-07-2023,W,SUB,Daniel Barez
Daniel Barez,479.62,22-07-2023,L,SUB,Jafel Filho
Bruna Brasil,500.05,22-07-2023,W,U-DEC,Shauna Bannon
Shauna Bannon,483.51,22-07-2023,L,U-DEC,Bruna Brasil
Chris Duncan,531.91,22-07-2023,W,U-DEC,Yanal Ashmouz
Yanal Ashmouz,499.23,22-07-2023,L,U-DEC,Chris Duncan
Ketlen Vieira,573.25,22-07-2023,W,U-DEC,Pannie Kianzad
Pannie Kianzad,521.34,22-07-2023,L,U-DEC,Ketlen Vieira
Makhmud Muradov,525.73,22-07-2023,W,U-DEC,Bryan Barberena
Bryan Barberena,504.74,22-07-2023,L,U-DEC,Makhmud Muradov
Mick Parkin,516.45,22-07-2023,W,U-DEC,Jamal Pogues
Jamal Pogues,499.1,22-07-2023,L,U-DEC,Mick Parkin
Joel Alvarez,556.44,22-07-2023,W,SUB,Marc Diakiese
Marc Diakiese,484.93,22-07-2023,L,SUB,Joel Alvarez
Jonny Parsons,516.25,22-07-2023,W,KO/TKO,Danny Roberts
Danny Roberts,494.73,22-07-2023,L,KO/TKO,Jonny Parsons
Daniel Marcos,531.96,22-07-2023,W,S-DEC,Davey Grant
Davey Grant,507.17,22-07-2023,L,S-DEC,Daniel Marcos
Lerone Murphy,585.44,22-07-2023,W,U-DEC,Josh Culibao
Josh Culibao,521.24,22-07-2023,L,U-DEC,Lerone Murphy
Fares Ziam,527.6,22-07-2023,W,U-DEC,Jai Herbert
Jai Herbert,475.62,22-07-2023,L,U-DEC,Fares Ziam
Paul Craig,565.26,22-07-2023,W,KO/TKO,Andre Muniz
Andre Muniz,557.6,22-07-2023,L,KO/TKO,Paul Craig
Nathaniel Wood,580.99,22-07-2023,W,U-DEC,Andre Fili
Andre Fili,493.08,22-07-2023,L,U-DEC,Nathaniel Wood
Julija Stoliarenko,471.65,22-07-2023,W,SUB,Molly McCann
Molly McCann,498.24,22-07-2023,L,SUB,Julija Stoliarenko
Tom Aspinall,596.07,22-07-2023,W,KO/TKO,Marcin Tybura
Marcin Tybura,576.89,22-07-2023,L,KO/TKO,Tom Aspinall
Miranda Maverick,534.89,29-07-2023,W,SUB,Priscila Cachoeira
Priscila Cachoeira,484.02,29-07-2023,L,SUB,Miranda Maverick
Uros Medic,528.04,29-07-2023,W,KO/TKO,Matthew Semelsberger
Matthew Semelsberger,511.93,29-07-2023,L,KO/TKO,Uros Medic
Jake Matthews,577.77,29-07-2023,W,SUB,Darrius Flowers
Darrius Flowers,484.31,29-07-2023,L,SUB,Jake Matthews
Roman Kopylov,517.62,29-07-2023,W,KO/TKO,Claudio Ribeiro
Claudio Ribeiro,482.49,29-07-2023,L,KO/TKO,Roman Kopylov
CJ Vergara,511.1,29-07-2023,W,U-DEC,Vinicius Salvador
Vinicius Salvador,467.52,29-07-2023,L,U-DEC,CJ Vergara
Gabriel Bonfim,541.99,29-07-2023,W,SUB,Trevin Giles
Trevin Giles,520.58,29-07-2023,L,SUB,Gabriel Bonfim
Kevin Holland,583.32,29-07-2023,W,SUB,Michael Chiesa
Michael Chiesa,562.89,29-07-2023,L,SUB,Kevin Holland
King Green,533.13,29-07-2023,W,SUB,Tony Ferguson
Tony Ferguson,603.49,29-07-2023,L,SUB,King Green
Derrick Lewis,590.58,29-07-2023,W,KO/TKO,Marcos Rogerio de Lima
Marcos Rogerio de Lima,539.73,29-07-2023,L,KO/TKO,Derrick Lewis
Alex Pereira,588.36,29-07-2023,W,S-DEC,Jan Blachowicz
Jan Blachowicz,608.84,29-07-2023,L,S-DEC,Alex Pereira
Justin Gaethje,603.61,29-07-2023,W,KO/TKO,Dustin Poirier
Dustin Poirier,670.27,29-07-2023,L,KO/TKO,Justin Gaethje
Asu Almabayev,519.7,05-08-2023,W,SUB,Ode Osbourne
Ode Osbourne,492.06,05-08-2023,L,SUB,Asu Almabayev
Sean Woodson,539.92,05-08-2023,W,U-DEC,Dennis Buzukja
Dennis Buzukja,483.93,05-08-2023,L,U-DEC,Sean Woodson
Cody Durden,544.85,05-08-2023,W,U-DEC,Jake Hadley
Jake Hadley,500.62,05-08-2023,L,U-DEC,Cody Durden
Billy Quarantillo,547.85,05-08-2023,W,U-DEC,Damon Jackson
Damon Jackson,538.08,05-08-2023,L,U-DEC,Billy Quarantillo
Carlston Harris,554.42,05-08-2023,W,SUB,Jeremiah Wells
Jeremiah Wells,549.4,05-08-2023,L,SUB,Carlston Harris
Kyler Phillips,563.58,05-08-2023,W,U-DEC,Raoni Barcelos
Raoni Barcelos,522.18,05-08-2023,L,U-DEC,Kyler Phillips
Ludovit Klein,532.8,05-08-2023,W,U-DEC,Ignacio Bahamondes
Ignacio Bahamondes,520.39,05-08-2023,L,U-DEC,Ludovit Klein
Tanner Boser,497.59,05-08-2023,W,U-DEC,Aleksa Camur
Aleksa Camur,467.59,05-08-2023,L,U-DEC,Tanner Boser
Diego Lopes,507.98,05-08-2023,W,SUB,Gavin Tucker
Gavin Tucker,516.11,05-08-2023,L,SUB,Diego Lopes
Dustin Jacoby,551.32,05-08-2023,W,KO/TKO,Kennedy Nzechukwu
Kennedy Nzechukwu,530.28,05-08-2023,L,KO/TKO,Dustin Jacoby
Tatiana Suarez,631.34,05-08-2023,W,SUB,Jessica Andrade
Jessica Andrade,553.14,05-08-2023,L,SUB,Tatiana Suarez
Cory Sandhagen,629.86,05-08-2023,W,U-DEC,Rob Font
Rob Font,564.58,05-08-2023,L,U-DEC,Cory Sandhagen
Luana Santos,515.63,12-08-2023,W,KO/TKO,Juliana Miller
Juliana Miller,481.81,12-08-2023,L,KO/TKO,Luana Santos
Da'Mon Blackshear,520.08,12-08-2023,W,SUB,Jose Johnson
Jose Johnson,479.69,12-08-2023,L,SUB,Da'Mon Blackshear
Jaqueline Amorim,499.57,12-08-2023,W,KO/TKO,Montserrat Conejo Ruiz
Montserrat Conejo Ruiz,482.5,12-08-2023,L,KO/TKO,Jaqueline Amorim
Martin Buday,563.63,12-08-2023,W,SUB,Josh Parisian
Josh Parisian,462.05,12-08-2023,L,SUB,Martin Buday
Isaac Dulgarian,515.65,12-08-2023,W,KO/TKO,Francis Marshall
Francis Marshall,482.2,12-08-2023,L,KO/TKO,Isaac Dulgarian
Terrance McKinney,514.46,12-08-2023,W,KO/TKO,Mike Breeden
Mike Breeden,455.23,12-08-2023,L,KO/TKO,Terrance McKinney
Marcus McGhee,531.65,12-08-2023,W,KO/TKO,JP Buys
JP Buys,440.63,12-08-2023,L,KO/TKO,Marcus McGhee
Josh Fremd,499.84,12-08-2023,W,U-DEC,Jamie Pickett
Jamie Pickett,435.19,12-08-2023,L,U-DEC,Josh Fremd
AJ Dobson,484.81,12-08-2023,W,U-DEC,Tafon Nchukwi
Tafon Nchukwi,462.93,12-08-2023,L,U-DEC,AJ Dobson
Iasmin Lucindo,520.27,12-08-2023,W,SUB,Polyana Viana
Polyana Viana,484.97,12-08-2023,L,SUB,Iasmin Lucindo
Khalil Rountree Jr.,543.14,12-08-2023,W,KO/TKO,Chris Daukaus
Chris Daukaus,508.55,12-08-2023,L,KO/TKO,Khalil Rountree Jr.
Cub Swanson,559.63,12-08-2023,W,U-DEC,Hakeem Dawodu
Hakeem Dawodu,526.63,12-08-2023,L,U-DEC,Cub Swanson
Vicente Luque,651.56,12-08-2023,W,U-DEC,Rafael Dos Anjos
Rafael Dos Anjos,608.33,12-08-2023,L,U-DEC,Vicente Luque
Karine Silva,559.2,19-08-2023,W,SUB,Maryna Moroz
Maryna Moroz,512.69,19-08-2023,L,SUB,Karine Silva
Natalia Silva,562.83,19-08-2023,W,U-DEC,Andrea Lee
Andrea Lee,486.66,19-08-2023,L,U-DEC,Natalia Silva
Andre Petroski,586.66,19-08-2023,W,S-DEC,Gerald Meerschaert
Gerald Meerschaert,525.38,19-08-2023,L,S-DEC,Andre Petroski
Brad Katona,510.32,19-08-2023,W,U-DEC,Cody Gibson
Cody Gibson,452.64,19-08-2023,L,U-DEC,Brad Katona
Kurt Holobaugh,461.88,19-08-2023,W,SUB,Austin Hubbard
Austin Hubbard,462.74,19-08-2023,L,SUB,Kurt Holobaugh
Gregory Rodrigues,544.02,19-08-2023,W,KO/TKO,Denis Tiuliulin
Denis Tiuliulin,465.01,19-08-2023,L,KO/TKO,Gregory Rodrigues
Brad Tavares,580.91,19-08-2023,W,U-DEC,Chris Weidman
Chris Weidman,575.75,19-08-2023,L,U-DEC,Brad Tavares
Marlon Vera,628.84,19-08-2023,W,U-DEC,Pedro Munhoz
Pedro Munhoz,535.13,19-08-2023,L,U-DEC,Marlon Vera
Mario Bautista,588.95,19-08-2023,W,U-DEC,Da'Mon Blackshear
Da'Mon Blackshear,504.17,19-08-2023,L,U-DEC,Mario Bautista
Ian Machado Garry,604.94,19-08-2023,W,U-DEC,Neil Magny
Neil Magny,610.95,19-08-2023,L,U-DEC,Ian Machado Garry
Zhang Weili,615.52,19-08-2023,W,U-DEC,Amanda Lemos
Amanda Lemos,569.37,19-08-2023,L,U-DEC,Zhang Weili
Sean O'Malley,645.1,19-08-2023,W,KO/TKO,Aljamain Sterling
Aljamain Sterling,694.3,19-08-2023,L,KO/TKO,Sean O'Malley
SeungWoo Choi,482.73,26-08-2023,W,U-DEC,Jarno Errens
Jarno Errens,467.68,26-08-2023,L,U-DEC,SeungWoo Choi
JJ Aldrich,532.82,26-08-2023,W,KO/TKO,Liang Na
Liang Na,453.28,26-08-2023,L,KO/TKO,JJ Aldrich
Billy Ray Goff,515.0,26-08-2023,W,KO/TKO,Yusaku Kinoshita
Yusaku Kinoshita,468.54,26-08-2023,L,KO/TKO,Billy Ray Goff
Song Kenan,521.32,26-08-2023,W,U-DEC,Rolando Bedoya
Rolando Bedoya,470.98,26-08-2023,L,U-DEC,Song Kenan
Michal Oleksiejczuk,541.33,26-08-2023,W,KO/TKO,Chidi Njokuani
Chidi Njokuani,483.11,26-08-2023,L,KO/TKO,Michal Oleksiejczuk
Garrett Armfield,496.05,26-08-2023,W,KO/TKO,Toshiomi Kazama
Toshiomi Kazama,468.31,26-08-2023,L,KO/TKO,Garrett Armfield
Waldo Cortes-Acosta,523.63,26-08-2023,W,KO/TKO,Lukasz Brzeski
Lukasz Brzeski,455.28,26-08-2023,L,KO/TKO,Waldo Cortes-Acosta
Junior Tafa,501.06,26-08-2023,W,KO/TKO,Parker Porter
Parker Porter,490.81,26-08-2023,L,KO/TKO,Junior Tafa
Erin Blanchfield,617.26,26-08-2023,W,U-DEC,Taila Santos
Taila Santos,524.89,26-08-2023,L,U-DEC,Erin Blanchfield
Rinya Nakamura,529.99,26-08-2023,W,U-DEC,Fernie Garcia
Fernie Garcia,453.56,26-08-2023,L,U-DEC,Rinya Nakamura
Giga Chikadze,612.86,26-08-2023,W,U-DEC,Alex Caceres
Alex Caceres,566.36,26-08-2023,L,U-DEC,Giga Chikadze
Anthony Smith,578.25,26-08-2023,W,S-DEC,Ryan Spann
Ryan Spann,541.37,26-08-2023,L,S-DEC,Anthony Smith
Max Holloway,698.81,26-08-2023,W,KO/TKO,Chan Sung Jung
Chan Sung Jung,557.37,26-08-2023,L,KO/TKO,Max Holloway
Jacqueline Cavalcanti,513.55,02-09-2023,W,U-DEC,Zarah Fairn
Zarah Fairn,437.54,02-09-2023,L,U-DEC,Jacqueline Cavalcanti
Farid Basharat,535.12,02-09-2023,W,SUB,Kleydson Rodrigues
Kleydson Rodrigues,480.61,02-09-2023,L,SUB,Farid Basharat
Nora Cornolle,517.04,02-09-2023,W,U-DEC,Joselyne Edwards
Joselyne Edwards,511.5,02-09-2023,L,U-DEC,Nora Cornolle
Ange Loosa,515.27,02-09-2023,W,U-DEC,Rhys McKee
Rhys McKee,455.48,02-09-2023,L,U-DEC,Ange Loosa
Taylor Lapilus,545.75,02-09-2023,W,U-DEC,Caolan Loughran
Caolan Loughran,484.95,02-09-2023,L,U-DEC,Taylor Lapilus
Morgan Charriere,515.75,02-09-2023,W,KO/TKO,Manolo Zecchini
Manolo Zecchini,484.25,02-09-2023,L,KO/TKO,Morgan Charriere
William Gomis,547.84,02-09-2023,W,KO/TKO,Yanis Ghemmouri
Yanis Ghemmouri,484.34,02-09-2023,L,KO/TKO,William Gomis
Volkan Oezdemir,529.05,02-09-2023,W,SUB,Bogdan Guskov
Bogdan Guskov,481.2,02-09-2023,L,SUB,Volkan Oezdemir
Benoit Saint Denis,561.14,02-09-2023,W,KO/TKO,Thiago Moises
Thiago Moises,527.14,02-09-2023,L,KO/TKO,Benoit Saint Denis
Manon Fiorot,605.3,02-09-2023,W,U-DEC,Rose Namajunas
Rose Namajunas,575.51,02-09-2023,L,U-DEC,Manon Fiorot
Ciryl Gane,631.22,02-09-2023,W,KO/TKO,Serghei Spivac
Serghei Spivac,561.99,02-09-2023,L,KO/TKO,Ciryl Gane
Kevin Jousset,519.37,09-09-2023,W,SUB,Kiefer Crosbie
Kiefer Crosbie,480.63,09-09-2023,L,SUB,Kevin Jousset
Gabriel Miranda,502.35,09-09-2023,W,SUB,Shane Young
Shane Young,450.74,09-09-2023,L,SUB,Gabriel Miranda
Charles Radtke,514.18,09-09-2023,W,U-DEC,Blood Diamond
Blood Diamond,450.97,09-09-2023,L,U-DEC,Charles Radtke
Nasrat Haqparast,548.14,09-09-2023,W,U-DEC,Landon Quinones
Landon Quinones,485.07,09-09-2023,L,U-DEC,Nasrat Haqparast
Jamie Mullarkey,521.61,09-09-2023,W,U-DEC,John Makdessi
John Makdessi,521.16,09-09-2023,L,U-DEC,Jamie Mullarkey
Chepe Mariscal,533.58,09-09-2023,W,KO/TKO,Jack Jenkins
Jack Jenkins,513.51,09-09-2023,L,KO/TKO,Chepe Mariscal
Carlos Ulberg,570.78,09-09-2023,W,SUB,Da Woon Jung
Da Woon Jung,506.83,09-09-2023,L,SUB,Carlos Ulberg
Tyson Pedro,526.15,09-09-2023,W,KO/TKO,Anton Turkalj
Anton Turkalj,452.51,09-09-2023,L,KO/TKO,Tyson Pedro
Justin Tafa,532.45,09-09-2023,W,KO/TKO,Austen Lane
Austen Lane,469.4,09-09-2023,L,KO/TKO,Justin Tafa
Manel Kape,541.36,09-09-2023,W,U-DEC,Felipe dos Santos
Felipe dos Santos,483.27,09-09-2023,L,U-DEC,Manel Kape
Alexander Volkov,611.71,09-09-2023,W,SUB,Tai Tuivasa
Tai Tuivasa,535.71,09-09-2023,L,SUB,Alexander Volkov
Sean Strickland,645.42,09-09-2023,W,U-DEC,Israel Adesanya
Israel Adesanya,663.64,09-09-2023,L,U-DEC,Sean Strickland
Josefine Knutsson,515.75,16-09-2023,W,U-DEC,Marnic Mann
Marnic Mann,484.25,16-09-2023,L,U-DEC,Josefine Knutsson
Charlie Campbell,515.07,16-09-2023,W,KO/TKO,Alex Reyes
Alex Reyes,470.0,16-09-2023,L,KO/TKO,Charlie Campbell
Tracy Cortez,580.45,16-09-2023,W,U-DEC,Jasmine Jasudavicius
Jasmine Jasudavicius,515.48,16-09-2023,L,U-DEC,Tracy Cortez
Edgar Chairez,467.69,16-09-2023,L,Overturned,Daniel Lacerda
Daniel Lacerda,453.38,16-09-2023,W,Overturned,Edgar Chairez
Roman Kopylov,534.7,16-09-2023,W,KO/TKO,Josh Fremd
Josh Fremd,482.76,16-09-2023,L,KO/TKO,Roman Kopylov
Loopy Godinez,553.0,16-09-2023,W,SUB,Elise Reed
Elise Reed,477.92,16-09-2023,L,SUB,Loopy Godinez
Kyle Nelson,492.42,16-09-2023,W,U-DEC,Fernando Padilla
Fernando Padilla,498.1,16-09-2023,L,U-DEC,Kyle Nelson
Daniel Zellhuber,519.2,16-09-2023,W,SUB,Christos Giagos
Christos Giagos,481.66,16-09-2023,L,SUB,Daniel Zellhuber
Raul Rosas Jr.,515.46,16-09-2023,W,KO/TKO,Terrence Mitchell
Terrence Mitchell,469.32,16-09-2023,L,KO/TKO,Raul Rosas Jr.
Jack Della Maddalena,610.25,16-09-2023,W,S-DEC,Kevin Holland
Kevin Holland,564.26,16-09-2023,L,S-DEC,Jack Della Maddalena
Alexa Grasso,596.7,16-09-2023,L,S-DEC,Valentina Shevchenko
Valentina Shevchenko,641.9,16-09-2023,W,S-DEC,Alexa Grasso
Montserrat Rendon,516.4,23-09-2023,W,S-DEC,Tamires Vidal
Tamires Vidal,497.93,23-09-2023,L,S-DEC,Montserrat Rendon
Mizuki,513.46,23-09-2023,W,U-DEC,Hannah Goldy
Hannah Goldy,457.74,23-09-2023,L,U-DEC,Mizuki
Mohammed Usman,545.04,23-09-2023,W,U-DEC,Jake Collier
Jake Collier,442.09,23-09-2023,L,U-DEC,Mohammed Usman
Cody Brundage,487.42,23-09-2023,W,DQ,Jacob Malkoun
Jacob Malkoun,501.64,23-09-2023,L,DQ,Cody Brundage
Tim Means,533.58,23-09-2023,W,KO/TKO,Andre Fialho
Andre Fialho,462.89,23-09-2023,L,KO/TKO,Tim Means
Dan Argueta,473.26,23-09-2023,L,Overturned,Miles Johns
Miles Johns,537.1,23-09-2023,W,Overturned,Dan Argueta
Charles Jourdain,530.09,23-09-2023,W,SUB,Ricardo Ramos
Ricardo Ramos,533.37,23-09-2023,L,SUB,Charles Jourdain
Bryan Battle,562.35,23-09-2023,W,SUB,AJ Fletcher
AJ Fletcher,473.12,23-09-2023,L,SUB,Bryan Battle
Marina Rodriguez,564.45,23-09-2023,W,KO/TKO,Michelle Waterson-Gomez
Michelle Waterson-Gomez,474.26,23-09-2023,L,KO/TKO,Marina Rodriguez
Bryce Mitchell,593.22,23-09-2023,W,U-DEC,Dan Ige
Dan Ige,555.78,23-09-2023,L,U-DEC,Bryce Mitchell
Mateusz Gamrot,583.87,23-09-2023,W,KO/TKO,Rafael Fiziev
Rafael Fiziev,562.83,23-09-2023,L,KO/TKO,Mateusz Gamrot
JJ Aldrich,548.35,07-10-2023,W,U-DEC,Montana De La Rosa
Montana De La Rosa,496.74,07-10-2023,L,U-DEC,JJ Aldrich
Aoriqileng,500.65,07-10-2023,W,U-DEC,Johnny Munoz
Johnny Munoz,470.61,07-10-2023,L,U-DEC,Aoriqileng
Vanessa Demopoulos,532.17,07-10-2023,W,U-DEC,Kanako Murata
Kanako Murata,483.5,07-10-2023,L,U-DEC,Vanessa Demopoulos
Nate Maness,527.36,07-10-2023,W,KO/TKO,Mateus Mendonca
Mateus Mendonca,469.94,07-10-2023,L,KO/TKO,Nate Maness
Karolina Kowalkiewicz,533.88,07-10-2023,W,U-DEC,Diana Belbita
Diana Belbita,464.79,07-10-2023,L,U-DEC,Karolina Kowalkiewicz
Bill Algeo,541.21,07-10-2023,W,U-DEC,Alexander Hernandez
Alexander Hernandez,509.68,07-10-2023,L,U-DEC,Bill Algeo
Drew Dober,573.36,07-10-2023,W,KO/TKO,Ricky Glenn
Ricky Glenn,492.73,07-10-2023,L,KO/TKO,Drew Dober
Joaquin Buckley,549.0,07-10-2023,W,U-DEC,Alex Morono
Alex Morono,573.23,07-10-2023,L,U-DEC,Joaquin Buckley
Joe Pyfer,551.82,07-10-2023,W,SUB,Abdul Razak Alhassan
Abdul Razak Alhassan,491.1,07-10-2023,L,SUB,Joe Pyfer
King Green,554.88,07-10-2023,W,KO/TKO,Grant Dawson
Grant Dawson,625.97,07-10-2023,L,KO/TKO,King Green
Emily Ducote,495.85,14-10-2023,W,U-DEC,Ashley Yoder
Ashley Yoder,429.92,14-10-2023,L,U-DEC,Emily Ducote
Chris Gutierrez,597.49,14-10-2023,W,U-DEC,Alatengheili
Alatengheili,530.23,14-10-2023,L,U-DEC,Chris Gutierrez
Melissa Mullins,516.68,14-10-2023,W,U-DEC,Irina Alekseeva
Irina Alekseeva,503.83,14-10-2023,L,U-DEC,Melissa Mullins
Terrance McKinney,530.27,14-10-2023,W,KO/TKO,Brendon Marotte
Brendon Marotte,484.19,14-10-2023,L,KO/TKO,Terrance McKinney
Tainara Lisboa,533.43,14-10-2023,W,U-DEC,Ravena Oliveira
Ravena Oliveira,484.34,14-10-2023,L,U-DEC,Tainara Lisboa
Darren Elkins,579.98,14-10-2023,W,SUB,TJ Brown
TJ Brown,468.68,14-10-2023,L,SUB,Darren Elkins
Christian Rodriguez,539.89,14-10-2023,W,U-DEC,Cameron Saaiman
Cameron Saaiman,529.12,14-10-2023,L,U-DEC,Christian Rodriguez
Michel Pereira,598.84,14-10-2023,W,KO/TKO,Andre Petroski
Andre Petroski,566.73,14-10-2023,L,KO/TKO,Michel Pereira
Jonathan Martinez,616.69,14-10-2023,W,KO/TKO,Adrian Yanez
Adrian Yanez,545.71,14-10-2023,L,KO/TKO,Jonathan Martinez
Viviane Araujo,530.26,14-10-2023,W,U-DEC,Jennifer Maia
Jennifer Maia,513.06,14-10-2023,L,U-DEC,Viviane Araujo
Edson Barboza,571.05,14-10-2023,W,U-DEC,Sodiq Yusuff
Sodiq Yusuff,565.06,14-10-2023,L,U-DEC,Edson Barboza
Shara Magomedov,517.75,21-10-2023,W,U-DEC,Bruno Silva
Bruno Silva,526.51,21-10-2023,L,U-DEC,Shara Magomedov
Viktoriia Dudakova,527.08,21-10-2023,W,U-DEC,Jinh Yu Frey
Jinh Yu Frey,438.48,21-10-2023,L,U-DEC,Viktoriia Dudakova
Muhammad Naimov,536.22,21-10-2023,W,U-DEC,Nathaniel Wood
Nathaniel Wood,561.47,21-10-2023,L,U-DEC,Muhammad Naimov
Mike Breeden,473.7,21-10-2023,W,KO/TKO,Anshul Jubli
Anshul Jubli,497.28,21-10-2023,L,KO/TKO,Mike Breeden
Sedriques Dumas,511.59,21-10-2023,W,U-DEC,Abu Azaitar
Abu Azaitar,480.13,21-10-2023,L,U-DEC,Sedriques Dumas
Javid Basharat,532.75,21-10-2023,L,CNC,Victor Henry
Victor Henry,536.9,21-10-2023,W,CNC,Javid Basharat
Trevor Peek,513.77,21-10-2023,W,U-DEC,Mohammad Yahya
Mohammad Yahya,484.16,21-10-2023,L,U-DEC,Trevor Peek
Muhammad Mokaev,589.01,21-10-2023,W,SUB,Tim Elliott
Tim Elliott,478.16,21-10-2023,L,SUB,Muhammad Mokaev
Said Nurmagomedov,583.24,21-10-2023,W,SUB,Muin Gafurov
Muin Gafurov,469.73,21-10-2023,L,SUB,Said Nurmagomedov
Ikram Aliskerov,533.75,21-10-2023,W,KO/TKO,Warlley Alves
Warlley Alves,505.99,21-10-2023,L,KO/TKO,Ikram Aliskerov
Magomed Ankalaev,621.65,21-10-2023,L,CNC,Johnny Walker
Johnny Walker,580.57,21-10-2023,W,CNC,Magomed Ankalaev
Khamzat Chimaev,645.36,21-10-2023,W,M-DEC,Kamaru Usman
Kamaru Usman,690.89,21-10-2023,L,M-DEC,Khamzat Chimaev
Islam Makhachev,765.79,21-10-2023,W,KO/TKO,Alexander Volkanovski
Alexander Volkanovski,701.5,21-10-2023,L,KO/TKO,Islam Makhachev
Marc Diakiese,501.36,04-11-2023,W,S-DEC,Kaue Fernandes
Kaue Fernandes,483.57,04-11-2023,L,S-DEC,Marc Diakiese
Eduarda Moura,514.96,04-11-2023,W,KO/TKO,Montserrat Conejo Ruiz
Montserrat Conejo Ruiz,467.54,04-11-2023,L,KO/TKO,Eduarda Moura
Angela Hill,492.96,04-11-2023,W,U-DEC,Denise Gomes
Denise Gomes,501.29,04-11-2023,L,U-DEC,Angela Hill
Vitor Petrino,548.9,04-11-2023,W,KO/TKO,Modestas Bukauskas
Modestas Bukauskas,488.3,04-11-2023,L,KO/TKO,Vitor Petrino
Rinat Fakhretdinov,558.49,04-11-2023,L,M-DEC,Elizeu Zaleski dos Santos
Elizeu Zaleski dos Santos,603.05,04-11-2023,W,M-DEC,Rinat Fakhretdinov
Elves Brener,548.84,04-11-2023,W,KO/TKO,Kaynan Kruschewsky
Kaynan Kruschewsky,484.4,04-11-2023,L,KO/TKO,Elves Brener
Caio Borralho,586.11,04-11-2023,W,U-DEC,Abus Magomedov
Abus Magomedov,487.29,04-11-2023,L,U-DEC,Caio Borralho
Rodrigo Nascimento,563.43,04-11-2023,W,U-DEC,Don'Tale Mayes
Don'Tale Mayes,473.05,04-11-2023,L,U-DEC,Rodrigo Nascimento
Nicolas Dalby,564.47,04-11-2023,W,KO/TKO,Gabriel Bonfim
Gabriel Bonfim,524.23,04-11-2023,L,KO/TKO,Nicolas Dalby
Jailton Almeida,612.94,04-11-2023,W,U-DEC,Derrick Lewis
Derrick Lewis,571.25,04-11-2023,L,U-DEC,Jailton Almeida
Jamall Emmers,498.03,11-11-2023,W,KO/TKO,Dennis Buzukja
Dennis Buzukja,468.1,11-11-2023,L,KO/TKO,Jamall Emmers
Joshua Van,529.0,11-11-2023,W,U-DEC,Kevin Borjas
Kevin Borjas,484.12,11-11-2023,L,U-DEC,Joshua Van
John Castaneda,541.04,11-11-2023,W,U-DEC,Kyung Ho Kang
Kyung Ho Kang,573.58,11-11-2023,L,U-DEC,John Castaneda
Jared Gordon,560.83,11-11-2023,W,KO/TKO,Mark Madsen
Mark Madsen,530.31,11-11-2023,L,KO/TKO,Jared Gordon
Nazim Sadykhov,533.68,11-11-2023,L,M-DEC,Viacheslav Borshchev
Viacheslav Borshchev,499.73,11-11-2023,W,M-DEC,Nazim Sadykhov
Mateusz Rebecki,551.47,11-11-2023,W,SUB,Roosevelt Roberts
Roosevelt Roberts,480.18,11-11-2023,L,SUB,Mateusz Rebecki
Loopy Godinez,571.15,11-11-2023,W,S-DEC,Tabatha Ricci
Tabatha Ricci,537.84,11-11-2023,L,S-DEC,Loopy Godinez
Steve Erceg,532.24,11-11-2023,W,U-DEC,Alessandro Costa
Alessandro Costa,485.54,11-11-2023,L,U-DEC,Steve Erceg
Diego Lopes,527.17,11-11-2023,W,KO/TKO,Pat Sabatini
Pat Sabatini,545.87,11-11-2023,L,KO/TKO,Diego Lopes
Benoit Saint Denis,578.82,11-11-2023,W,KO/TKO,Matt Frevola
Matt Frevola,523.64,11-11-2023,L,KO/TKO,Benoit Saint Denis
Jessica Andrade,570.04,11-11-2023,W,KO/TKO,Mackenzie Dern
Mackenzie Dern,561.65,11-11-2023,L,KO/TKO,Jessica Andrade
Tom Aspinall,612.94,11-11-2023,W,KO/TKO,Sergei Pavlovich
Sergei Pavlovich,586.99,11-11-2023,L,KO/TKO,Tom Aspinall
Alex Pereira,603.77,11-11-2023,W,KO/TKO,Jiri Prochazka
Jiri Prochazka,550.05,11-11-2023,L,KO/TKO,Alex Pereira
Rafael Estevam,514.98,18-11-2023,W,U-DEC,Charles Johnson
Charles Johnson,467.95,18-11-2023,L,U-DEC,Rafael Estevam
Trey Ogden,469.72,18-11-2023,L,Overturned,Nikolas Motta
Nikolas Motta,500.68,18-11-2023,W,Overturned,Trey Ogden
Ailin Perez,510.38,18-11-2023,W,U-DEC,Lucie Pudilova
Lucie Pudilova,437.31,18-11-2023,L,U-DEC,Ailin Perez
Jeka Saragih,500.52,18-11-2023,W,KO/TKO,Lucas Alexander
Lucas Alexander,479.47,18-11-2023,L,KO/TKO,Jeka Saragih
Mick Parkin,532.17,18-11-2023,W,U-DEC,Caio Machado
Caio Machado,484.28,18-11-2023,L,U-DEC,Mick Parkin
Christian Leroy Duncan,513.27,18-11-2023,W,KO/TKO,Denis Tiuliulin
Denis Tiuliulin,450.8,18-11-2023,L,KO/TKO,Christian Leroy Duncan
Jose Johnson,499.48,18-11-2023,W,SUB,Chad Anheliger
Chad Anheliger,479.42,18-11-2023,L,SUB,Jose Johnson
Joanderson Brito,561.36,18-11-2023,W,SUB,Jonathan Pearce
Jonathan Pearce,553.15,18-11-2023,L,SUB,Joanderson Brito
Myktybek Orolbai,520.59,18-11-2023,W,SUB,Uros Medic
Uros Medic,507.45,18-11-2023,L,SUB,Myktybek Orolbai
Amanda Ribas,564.27,18-11-2023,W,KO/TKO,Luana Pinheiro
Luana Pinheiro,528.58,18-11-2023,L,KO/TKO,Amanda Ribas
Payton Talbott,517.86,18-11-2023,W,SUB,Nick Aguirre
Nick Aguirre,465.69,18-11-2023,L,SUB,Payton Talbott
Chase Hooper,531.61,18-11-2023,W,SUB,Jordan Leavitt
Jordan Leavitt,507.01,18-11-2023,L,SUB,Chase Hooper
Michael Morales,569.1,18-11-2023,W,U-DEC,Jake Matthews
Jake Matthews,558.32,18-11-2023,L,U-DEC,Michael Morales
Brendan Allen,660.98,18-11-2023,W,SUB,Paul Craig
Paul Craig,547.15,18-11-2023,L,SUB,Brendan Allen
Veronica Hardy,495.51,02-12-2023,W,S-DEC,Jamey-Lyn Horth
Jamey-Lyn Horth,497.43,02-12-2023,L,S-DEC,Veronica Hardy
Jared Gooden,479.36,02-12-2023,W,SUB,Wellington Turman
Wellington Turman,461.43,02-12-2023,L,SUB,Jared Gooden
Rodolfo Bellato,515.06,02-12-2023,W,KO/TKO,Ihor Potieria
Ihor Potieria,469.61,02-12-2023,L,KO/TKO,Rodolfo Bellato
Drakkar Klose,591.11,02-12-2023,W,KO/TKO,Joe Solecki
Joe Solecki,550.83,02-12-2023,L,KO/TKO,Drakkar Klose
Cody Brundage,504.52,02-12-2023,W,KO/TKO,Zachary Reese
Zachary Reese,482.9,02-12-2023,L,KO/TKO,Cody Brundage
Miesha Tate,524.63,02-12-2023,W,SUB,Julia Avila
Julia Avila,508.19,02-12-2023,L,SUB,Miesha Tate
Dustin Stoltzfus,475.08,02-12-2023,W,SUB,Punahele Soriano
Punahele Soriano,475.08,02-12-2023,L,SUB,Dustin Stoltzfus
Joaquim Silva,523.87,02-12-2023,W,U-DEC,Clay Guida
Clay Guida,492.81,02-12-2023,L,U-DEC,Joaquim Silva
Sean Brady,598.59,02-12-2023,W,SUB,Kelvin Gastelum
Kelvin Gastelum,553.91,02-12-2023,L,SUB,Sean Brady
Deiveson Figueiredo,630.39,02-12-2023,W,U-DEC,Rob Font
Rob Font,551.19,02-12-2023,L,U-DEC,Deiveson Figueiredo
Jalin Turner,563.78,02-12-2023,W,KO/TKO,King Green
King Green,538.81,02-12-2023,L,KO/TKO,Jalin Turner
Arman Tsarukyan,608.92,02-12-2023,W,KO/TKO,Beneil Dariush
Beneil Dariush,662.63,02-12-2023,L,KO/TKO,Arman Tsarukyan
Talita Alencar,515.75,09-12-2023,W,S-DEC,Rayanne dos Santos
Rayanne dos Santos,484.25,09-12-2023,L,S-DEC,Talita Alencar
Tatsuro Taira,584.71,09-12-2023,W,KO/TKO,Carlos Hernandez
Carlos Hernandez,494.21,09-12-2023,L,KO/TKO,Tatsuro Taira
Luana Santos,531.39,09-12-2023,W,U-DEC,Stephanie Egger
Stephanie Egger,484.18,09-12-2023,L,U-DEC,Luana Santos
Steve Garcia,535.91,09-12-2023,W,KO/TKO,Melquizael Costa
Melquizael Costa,481.83,09-12-2023,L,KO/TKO,Steve Garcia
HyunSung Park,532.83,09-12-2023,W,KO/TKO,Shannon Ross
Shannon Ross,453.54,09-12-2023,L,KO/TKO,HyunSung Park
Kevin Jousset,535.96,09-12-2023,W,U-DEC,Song Kenan
Song Kenan,504.73,09-12-2023,L,U-DEC,Kevin Jousset
Andre Muniz,574.39,09-12-2023,W,S-DEC,JunYong Park
JunYong Park,563.88,09-12-2023,L,S-DEC,Andre Muniz
Tim Elliott,499.17,09-12-2023,W,SUB,Sumudaerji
Sumudaerji,486.55,09-12-2023,L,SUB,Tim Elliott
Nasrat Haqparast,564.08,09-12-2023,W,KO/TKO,Jamie Mullarkey
Jamie Mullarkey,505.67,09-12-2023,L,KO/TKO,Nasrat Haqparast
Khalil Rountree Jr.,563.78,09-12-2023,W,KO/TKO,Anthony Smith
Anthony Smith,557.61,09-12-2023,L,KO/TKO,Khalil Rountree Jr.
Song Yadong,626.67,09-12-2023,W,U-DEC,Chris Gutierrez
Chris Gutierrez,581.62,09-12-2023,L,U-DEC,Song Yadong
Shamil Gaziev,518.6,16-12-2023,W,KO/TKO,Martin Buday
Martin Buday,545.03,16-12-2023,L,KO/TKO,Shamil Gaziev
Andre Fili,509.1,16-12-2023,W,KO/TKO,Lucas Almeida
Lucas Almeida,482.96,16-12-2023,L,KO/TKO,Andre Fili
Tagir Ulanbekov,553.62,16-12-2023,W,SUB,Cody Durden
Cody Durden,524.2,16-12-2023,L,SUB,Tagir Ulanbekov
Ariane da Silva,535.94,16-12-2023,W,SUB,Casey O'Neill
Casey O'Neill,521.27,16-12-2023,L,SUB,Ariane da Silva
Cody Garbrandt,566.07,16-12-2023,W,KO/TKO,Brian Kelleher
Brian Kelleher,493.79,16-12-2023,L,KO/TKO,Cody Garbrandt
Irene Aldana,563.95,16-12-2023,W,U-DEC,Karol Rosa
Karol Rosa,536.85,16-12-2023,L,U-DEC,Irene Aldana
Alonzo Menifield,585.15,16-12-2023,W,U-DEC,Dustin Jacoby
Dustin Jacoby,534.18,16-12-2023,L,U-DEC,Alonzo Menifield
Josh Emmett,595.47,16-12-2023,W,KO/TKO,Bryce Mitchell
Bryce Mitchell,576.83,16-12-2023,L,KO/TKO,Josh Emmett
Paddy Pimblett,592.59,16-12-2023,W,U-DEC,Tony Ferguson
Tony Ferguson,583.05,16-12-2023,L,U-DEC,Paddy Pimblett
Shavkat Rakhmonov,636.67,16-12-2023,W,SUB,Stephen Thompson
Stephen Thompson,572.96,16-12-2023,L,SUB,Shavkat Rakhmonov
Alexandre Pantoja,635.11,16-12-2023,W,U-DEC,Brandon Royval
Brandon Royval,545.37,16-12-2023,L,U-DEC,Alexandre Pantoja
Leon Edwards,729.12,16-12-2023,W,U-DEC,Colby Covington
Colby Covington,633.42,16-12-2023,L,U-DEC,Leon Edwards
Joshua Van,544.81,13-01-2024,W,KO/TKO,Felipe Bunes
Felipe Bunes,484.19,13-01-2024,L,KO/TKO,Joshua Van
Nikolas Motta,516.4,13-01-2024,W,KO/TKO,Tom Nolan
Tom Nolan,484.28,13-01-2024,L,KO/TKO,Nikolas Motta
Jean Silva,515.02,13-01-2024,W,KO/TKO,Westin Wilson
Westin Wilson,468.76,13-01-2024,L,KO/TKO,Jean Silva
Farid Basharat,552.9,13-01-2024,W,U-DEC,Taylor Lapilus
Taylor Lapilus,527.97,13-01-2024,L,U-DEC,Farid Basharat
Marcus McGhee,548.0,13-01-2024,W,KO/TKO,Gaston Bolanos
Gaston Bolanos,497.17,13-01-2024,L,KO/TKO,Marcus McGhee
Preston Parsons,503.73,13-01-2024,W,U-DEC,Matthew Semelsberger
Matthew Semelsberger,495.05,13-01-2024,L,U-DEC,Preston Parsons
Waldo Cortes-Acosta,540.82,13-01-2024,W,U-DEC,Andrei Arlovski
Andrei Arlovski,520.88,13-01-2024,L,U-DEC,Waldo Cortes-Acosta
Brunno Ferreira,517.52,13-01-2024,W,KO/TKO,Phil Hawes
Phil Hawes,493.9,13-01-2024,L,KO/TKO,Brunno Ferreira
Mario Bautista,608.91,13-01-2024,W,U-DEC,Ricky Simon
Ricky Simon,577.26,13-01-2024,L,U-DEC,Mario Bautista
Jim Miller,597.02,13-01-2024,W,SUB,Gabriel Benitez
Gabriel Benitez,495.16,13-01-2024,L,SUB,Jim Miller
Magomed Ankalaev,641.5,13-01-2024,W,KO/TKO,Johnny Walker
Johnny Walker,560.72,13-01-2024,L,KO/TKO,Magomed Ankalaev
Jimmy Flick,503.44,20-01-2024,W,SUB,Malcolm Gordon
Malcolm Gordon,448.18,20-01-2024,L,SUB,Jimmy Flick
Jasmine Jasudavicius,532.53,20-01-2024,W,SUB,Priscila Cachoeira
Priscila Cachoeira,466.97,20-01-2024,L,SUB,Jasmine Jasudavicius
Sam Patterson,503.35,20-01-2024,W,SUB,Yohan Lainesse
Yohan Lainesse,460.35,20-01-2024,L,SUB,Sam Patterson
Gillian Robertson,555.73,20-01-2024,W,KO/TKO,Polyana Viana
Polyana Viana,471.81,20-01-2024,L,KO/TKO,Gillian Robertson
Ramon Taveras,515.75,20-01-2024,W,S-DEC,Serhiy Sidey
Serhiy Sidey,484.25,20-01-2024,L,S-DEC,Ramon Taveras
Sean Woodson,557.41,20-01-2024,W,S-DEC,Charles Jourdain
Charles Jourdain,512.6,20-01-2024,L,S-DEC,Sean Woodson
Garrett Armfield,513.23,20-01-2024,W,U-DEC,Brad Katona
Brad Katona,493.14,20-01-2024,L,U-DEC,Garrett Armfield
Movsar Evloev,642.3,20-01-2024,W,U-DEC,Arnold Allen
Arnold Allen,629.66,20-01-2024,L,U-DEC,Movsar Evloev
Chris Curtis,567.01,20-01-2024,W,S-DEC,Marc-Andre Barriault
Marc-Andre Barriault,488.6,20-01-2024,L,S-DEC,Chris Curtis
Neil Magny,624.2,20-01-2024,W,KO/TKO,Mike Malott
Mike Malott,542.01,20-01-2024,L,KO/TKO,Neil Magny
Raquel Pennington,633.43,20-01-2024,W,U-DEC,Mayra Bueno Silva
Mayra Bueno Silva,554.5,20-01-2024,L,U-DEC,Raquel Pennington
Dricus Du Plessis,642.12,20-01-2024,W,S-DEC,Sean Strickland
Sean Strickland,623.72,20-01-2024,L,S-DEC,Dricus Du Plessis
Jamal Pogues,514.89,03-02-2024,W,U-DEC,Thomas Petersen
Thomas Petersen,484.21,03-02-2024,L,U-DEC,Jamal Pogues
MarQuel Mederos,515.07,03-02-2024,W,U-DEC,Landon Quinones
Landon Quinones,470.0,03-02-2024,L,U-DEC,MarQuel Mederos
Luana Carolina,521.34,03-02-2024,W,KO/TKO,Julija Stoliarenko
Julija Stoliarenko,456.8,03-02-2024,L,KO/TKO,Luana Carolina
JeongYeong Lee,531.34,03-02-2024,W,U-DEC,Blake Bilder
Blake Bilder,481.03,03-02-2024,L,U-DEC,JeongYeong Lee
Themba Gorimbo,511.29,03-02-2024,W,KO/TKO,Pete Rodriguez
Pete Rodriguez,484.42,03-02-2024,L,KO/TKO,Themba Gorimbo
Charles Johnson,485.83,03-02-2024,W,U-DEC,Azat Maksum
Azat Maksum,497.43,03-02-2024,L,U-DEC,Charles Johnson
Molly McCann,515.75,03-02-2024,W,SUB,Diana Belbita
Diana Belbita,447.28,03-02-2024,L,SUB,Molly McCann
Charles Radtke,529.89,03-02-2024,W,KO/TKO,Gilbert Urbina
Gilbert Urbina,481.8,03-02-2024,L,KO/TKO,Charles Radtke
Aliaskhab Khizriev,504.35,03-02-2024,L,CNC,Makhmud Muradov
Makhmud Muradov,540.44,03-02-2024,W,CNC,Aliaskhab Khizriev
Natalia Silva,579.83,03-02-2024,W,U-DEC,Viviane Araujo
Viviane Araujo,513.26,03-02-2024,L,U-DEC,Natalia Silva
Randy Brown,609.62,03-02-2024,W,KO/TKO,Muslim Salikhov
Muslim Salikhov,541.39,03-02-2024,L,KO/TKO,Randy Brown
Renato Moicano,591.85,03-02-2024,W,U-DEC,Drew Dober
Drew Dober,556.96,03-02-2024,L,U-DEC,Renato Moicano
Nassourdine Imavov,540.35,03-02-2024,W,M-DEC,Roman Dolidze
Roman Dolidze,548.04,03-02-2024,L,M-DEC,Nassourdine Imavov
Daniel Marcos,515.61,10-02-2024,L,CNC,Aoriqileng
Aoriqileng,517.0,10-02-2024,W,CNC,Daniel Marcos
Hyder Amil,513.66,10-02-2024,W,KO/TKO,Fernie Garcia
Fernie Garcia,439.9,10-02-2024,L,KO/TKO,Hyder Amil
Bogdan Guskov,496.98,10-02-2024,W,KO/TKO,Zac Pauga
Zac Pauga,466.04,10-02-2024,L,KO/TKO,Bogdan Guskov
Max Griffin,526.04,10-02-2024,W,S-DEC,Jeremiah Wells
Jeremiah Wells,531.8,10-02-2024,L,S-DEC,Max Griffin
Marcin Prachnio,487.77,10-02-2024,W,U-DEC,Devin Clark
Devin Clark,472.6,10-02-2024,L,U-DEC,Marcin Prachnio
Loma Lookboonmee,559.03,10-02-2024,W,U-DEC,Bruna Brasil
Bruna Brasil,484.97,10-02-2024,L,U-DEC,Loma Lookboonmee
Bolaji Oki,515.75,10-02-2024,W,S-DEC,Timmy Cuamba
Timmy Cuamba,484.25,10-02-2024,L,S-DEC,Bolaji Oki
Carlos Prates,516.68,10-02-2024,W,KO/TKO,Trevin Giles
Trevin Giles,503.9,10-02-2024,L,KO/TKO,Carlos Prates
Rodolfo Vieira,554.5,10-02-2024,W,SUB,Armen Petrosyan
Armen Petrosyan,511.97,10-02-2024,L,SUB,Rodolfo Vieira
Michael Johnson,493.82,10-02-2024,W,U-DEC,Darrius Flowers
Darrius Flowers,468.26,10-02-2024,L,U-DEC,Michael Johnson
Gregory Rodrigues,562.27,10-02-2024,W,KO/TKO,Brad Tavares
Brad Tavares,562.66,10-02-2024,L,KO/TKO,Gregory Rodrigues
Ihor Potieria,486.73,10-02-2024,W,U-DEC,Robert Bryczek
Robert Bryczek,482.88,10-02-2024,L,U-DEC,Ihor Potieria
Dan Ige,569.43,10-02-2024,W,KO/TKO,Andre Fili
Andre Fili,495.45,10-02-2024,L,KO/TKO,Dan Ige
Jack Hermansson,580.01,10-02-2024,W,U-DEC,Joe Pyfer
Joe Pyfer,536.66,10-02-2024,L,U-DEC,Jack Hermansson
Miranda Maverick,549.11,17-02-2024,W,U-DEC,Andrea Lee
Andrea Lee,472.44,17-02-2024,L,U-DEC,Miranda Maverick
Oban Elliott,515.04,17-02-2024,W,U-DEC,Val Woodburn
Val Woodburn,469.29,17-02-2024,L,U-DEC,Oban Elliott
Danny Barlow,515.69,17-02-2024,W,KO/TKO,Josh Quinlan
Josh Quinlan,483.06,17-02-2024,L,KO/TKO,Danny Barlow
Zhang Mingyang,515.75,17-02-2024,W,KO/TKO,Brendson Ribeiro
Brendson Ribeiro,484.25,17-02-2024,L,KO/TKO,Zhang Mingyang
Rinya Nakamura,545.75,17-02-2024,W,U-DEC,Carlos Vera
Carlos Vera,484.24,17-02-2024,L,U-DEC,Rinya Nakamura
Marcos Rogerio de Lima,553.73,17-02-2024,W,KO/TKO,Junior Tafa
Junior Tafa,487.06,17-02-2024,L,KO/TKO,Marcos Rogerio de Lima
Amanda Lemos,584.77,17-02-2024,W,U-DEC,Mackenzie Dern
Mackenzie Dern,546.25,17-02-2024,L,U-DEC,Amanda Lemos
Anthony Hernandez,580.54,17-02-2024,W,SUB,Roman Kopylov
Roman Kopylov,513.63,17-02-2024,L,SUB,Anthony Hernandez
Merab Dvalishvili,657.61,17-02-2024,W,U-DEC,Henry Cejudo
Henry Cejudo,607.25,17-02-2024,L,U-DEC,Merab Dvalishvili
Ian Machado Garry,623.33,17-02-2024,W,S-DEC,Geoff Neal
Geoff Neal,554.6,17-02-2024,L,S-DEC,Ian Machado Garry
Robert Whittaker,669.15,17-02-2024,W,U-DEC,Paulo Costa
Paulo Costa,559.02,17-02-2024,L,U-DEC,Robert Whittaker
Ilia Topuria,638.39,17-02-2024,W,KO/TKO,Alexander Volkanovski
Alexander Volkanovski,676.21,17-02-2024,L,KO/TKO,Ilia Topuria
Muhammad Naimov,550.72,24-02-2024,W,KO/TKO,Erik Silva
Erik Silva,465.8,24-02-2024,L,KO/TKO,Muhammad Naimov
Felipe dos Santos,499.66,24-02-2024,W,S-DEC,Victor Altamirano
Victor Altamirano,480.99,24-02-2024,L,S-DEC,Felipe dos Santos
Ronaldo Rodriguez,517.28,24-02-2024,W,SUB,Denys Bondar
Denys Bondar,450.2,24-02-2024,L,SUB,Ronaldo Rodriguez
Fares Ziam,546.44,24-02-2024,W,S-DEC,Claudio Puelles
Claudio Puelles,540.95,24-02-2024,L,S-DEC,Fares Ziam
Edgar Chairez,486.27,24-02-2024,W,SUB,Daniel Lacerda
Daniel Lacerda,434.8,24-02-2024,L,SUB,Edgar Chairez
Jesus Aguilar,512.0,24-02-2024,W,S-DEC,Mateus Mendonca
Mateus Mendonca,454.71,24-02-2024,L,S-DEC,Jesus Aguilar
Raoni Barcelos,539.57,24-02-2024,W,SUB,Cristian Quinonez
Cristian Quinonez,479.72,24-02-2024,L,SUB,Raoni Barcelos
Manuel Torres,551.12,24-02-2024,W,SUB,Chris Duncan
Chris Duncan,510.56,24-02-2024,L,SUB,Manuel Torres
Yazmin Jauregui,526.75,24-02-2024,W,U-DEC,Sam Hughes
Sam Hughes,476.71,24-02-2024,L,U-DEC,Yazmin Jauregui
Daniel Zellhuber,535.54,24-02-2024,W,U-DEC,Francisco Prado
Francisco Prado,484.55,24-02-2024,L,U-DEC,Daniel Zellhuber
Brian Ortega,615.3,24-02-2024,W,SUB,Yair Rodriguez
Yair Rodriguez,589.58,24-02-2024,L,SUB,Brian Ortega
Brandon Royval,563.65,24-02-2024,W,S-DEC,Brandon Moreno
Brandon Moreno,583.41,24-02-2024,L,S-DEC,Brandon Royval
Loik Radzhabov,515.03,02-03-2024,W,KO/TKO,Abdul-Kareem Al-Selwady
Abdul-Kareem Al-Selwady,484.22,02-03-2024,L,KO/TKO,Loik Radzhabov
Ludovit Klein,549.11,02-03-2024,W,KO/TKO,AJ Cunningham
AJ Cunningham,483.69,02-03-2024,L,KO/TKO,Ludovit Klein
Christian Leroy Duncan,528.31,02-03-2024,W,KO/TKO,Claudio Ribeiro
Claudio Ribeiro,467.45,02-03-2024,L,KO/TKO,Christian Leroy Duncan
Aiemann Zahabi,550.98,02-03-2024,W,U-DEC,Javid Basharat
Javid Basharat,514.76,02-03-2024,L,U-DEC,Aiemann Zahabi
Vinicius Oliveira,515.75,02-03-2024,W,KO/TKO,Benardo Sopaj
Benardo Sopaj,484.25,02-03-2024,L,KO/TKO,Vinicius Oliveira
Eryk Anders,489.3,02-03-2024,W,U-DEC,Jamie Pickett
Jamie Pickett,421.25,02-03-2024,L,U-DEC,Eryk Anders
Steve Erceg,548.56,02-03-2024,W,KO/TKO,Matt Schnell
Matt Schnell,497.24,02-03-2024,L,KO/TKO,Steve Erceg
Umar Nurmagomedov,591.51,02-03-2024,W,U-DEC,Bekzat Almakhan
Bekzat Almakhan,485.33,02-03-2024,L,U-DEC,Umar Nurmagomedov
Muhammad Mokaev,606.07,02-03-2024,W,U-DEC,Alex Perez
Alex Perez,528.19,02-03-2024,L,U-DEC,Muhammad Mokaev
Vitor Petrino,565.72,02-03-2024,W,U-DEC,Tyson Pedro
Tyson Pedro,509.33,02-03-2024,L,U-DEC,Vitor Petrino
Jairzinho Rozenstruik,548.64,02-03-2024,W,KO/TKO,Shamil Gaziev
Shamil Gaziev,503.53,02-03-2024,L,KO/TKO,Jairzinho Rozenstruik
Joanne Wood,501.86,09-03-2024,W,S-DEC,Maryna Moroz
Maryna Moroz,494.83,09-03-2024,L,S-DEC,Joanne Wood
Asu Almabayev,535.79,09-03-2024,W,U-DEC,CJ Vergara
CJ Vergara,495.01,09-03-2024,L,U-DEC,Asu Almabayev
Robelis Despaigne,514.04,09-03-2024,W,KO/TKO,Josh Parisian
Josh Parisian,448.01,09-03-2024,L,KO/TKO,Robelis Despaigne
Michel Pereira,619.66,09-03-2024,W,SUB,Michal Oleksiejczuk
Michal Oleksiejczuk,520.51,09-03-2024,L,SUB,Michel Pereira
Philipe Lins,537.49,09-03-2024,W,U-DEC,Ion Cutelaba
Ion Cutelaba,454.67,09-03-2024,L,U-DEC,Philipe Lins
Kyler Phillips,579.42,09-03-2024,W,U-DEC,Pedro Munhoz
Pedro Munhoz,519.29,09-03-2024,L,U-DEC,Kyler Phillips
Mateusz Gamrot,602.33,09-03-2024,W,U-DEC,Rafael Dos Anjos
Rafael Dos Anjos,589.87,09-03-2024,L,U-DEC,Mateusz Gamrot
Maycee Barber,614.54,09-03-2024,W,U-DEC,Katlyn Cerminara
Katlyn Cerminara,566.13,09-03-2024,L,U-DEC,Maycee Barber
Curtis Blaydes,650.43,09-03-2024,W,KO/TKO,Jailton Almeida
Jailton Almeida,598.22,09-03-2024,L,KO/TKO,Curtis Blaydes
Petr Yan,583.02,09-03-2024,W,U-DEC,Song Yadong
Song Yadong,608.13,09-03-2024,L,U-DEC,Petr Yan
Jack Della Maddalena,632.18,09-03-2024,W,KO/TKO,Gilbert Burns
Gilbert Burns,617.15,09-03-2024,L,KO/TKO,Jack Della Maddalena
Michael Page,518.63,09-03-2024,W,U-DEC,Kevin Holland
Kevin Holland,545.63,09-03-2024,L,U-DEC,Michael Page
Dustin Poirier,681.97,09-03-2024,W,KO/TKO,Benoit Saint Denis
Benoit Saint Denis,567.12,09-03-2024,L,KO/TKO,Dustin Poirier
Sean O'Malley,663.69,09-03-2024,W,U-DEC,Marlon Vera
Marlon Vera,610.25,09-03-2024,L,U-DEC,Sean O'Malley
Chad Anheliger,496.1,16-03-2024,W,U-DEC,Charalampos Grigoriou
Charalampos Grigoriou,483.32,16-03-2024,L,U-DEC,Chad Anheliger
Thiago Moises,541.66,16-03-2024,W,KO/TKO,Mitch Ramirez
Mitch Ramirez,485.48,16-03-2024,L,KO/TKO,Thiago Moises
Jaqueline Amorim,521.85,16-03-2024,W,SUB,Cory McKenna
Cory McKenna,511.35,16-03-2024,L,SUB,Jaqueline Amorim
Danny Silva,516.71,16-03-2024,W,S-DEC,Josh Culibao
Josh Culibao,504.53,16-03-2024,L,S-DEC,Danny Silva
Jafel Filho,521.92,16-03-2024,W,SUB,Ode Osbourne
Ode Osbourne,472.36,16-03-2024,L,SUB,Jafel Filho
Chelsea Chandler,516.58,16-03-2024,W,U-DEC,Josiane Nunes
Josiane Nunes,528.94,16-03-2024,L,U-DEC,Chelsea Chandler
Mike Davis,552.87,16-03-2024,W,SUB,Natan Levy
Natan Levy,493.84,16-03-2024,L,SUB,Mike Davis
Gerald Meerschaert,543.31,16-03-2024,W,SUB,Bryan Barberena
Bryan Barberena,486.81,16-03-2024,L,SUB,Gerald Meerschaert
Macy Chiasson,555.07,16-03-2024,W,SUB,Pannie Kianzad
Pannie Kianzad,502.81,16-03-2024,L,SUB,Macy Chiasson
Christian Rodriguez,556.64,16-03-2024,W,S-DEC,Isaac Dulgarian
Isaac Dulgarian,498.9,16-03-2024,L,S-DEC,Christian Rodriguez
Ovince Saint Preux,533.43,16-03-2024,W,S-DEC,Kennedy Nzechukwu
Kennedy Nzechukwu,513.93,16-03-2024,L,S-DEC,Ovince Saint Preux
Bryan Battle,545.33,16-03-2024,L,CNC,Ange Loosa
Ange Loosa,532.29,16-03-2024,W,CNC,Bryan Battle
Marcin Tybura,593.98,16-03-2024,W,SUB,Tai Tuivasa
Tai Tuivasa,518.62,16-03-2024,L,SUB,Marcin Tybura
Mick Parkin,550.06,23-03-2024,W,U-DEC,Mohammed Usman
Mohammed Usman,527.15,23-03-2024,L,U-DEC,Mick Parkin
Andre Lima,515.75,23-03-2024,W,DQ,Igor Severino
Igor Severino,484.25,23-03-2024,L,DQ,Andre Lima
Daria Zhelezniakova,516.49,23-03-2024,W,U-DEC,Montserrat Rendon
Montserrat Rendon,499.91,23-03-2024,L,U-DEC,Daria Zhelezniakova
Jarno Errens,484.89,23-03-2024,W,U-DEC,Steven Nguyen
Steven Nguyen,482.79,23-03-2024,L,U-DEC,Jarno Errens
Miles Johns,549.67,23-03-2024,W,U-DEC,Cody Gibson
Cody Gibson,440.07,23-03-2024,L,U-DEC,Miles Johns
Julian Erosa,523.59,23-03-2024,W,SUB,Ricardo Ramos
Ricardo Ramos,512.28,23-03-2024,L,SUB,Julian Erosa
Trey Ogden,485.11,23-03-2024,W,U-DEC,Kurt Holobaugh
Kurt Holobaugh,446.49,23-03-2024,L,U-DEC,Trey Ogden
Fernando Padilla,517.58,23-03-2024,W,SUB,Luis Pajuelo
Luis Pajuelo,480.52,23-03-2024,L,SUB,Fernando Padilla
Youssef Zalal,515.95,23-03-2024,W,SUB,Billy Quarantillo
Billy Quarantillo,525.86,23-03-2024,L,SUB,Youssef Zalal
Payton Talbott,534.89,23-03-2024,W,KO/TKO,Cameron Saaiman
Cameron Saaiman,512.09,23-03-2024,L,KO/TKO,Payton Talbott
Edmen Shahbazyan,531.52,23-03-2024,W,KO/TKO,AJ Dobson
AJ Dobson,470.53,23-03-2024,L,KO/TKO,Edmen Shahbazyan
Karl Williams,544.59,23-03-2024,W,U-DEC,Justin Tafa
Justin Tafa,514.93,23-03-2024,L,U-DEC,Karl Williams
Rose Namajunas,590.75,23-03-2024,W,U-DEC,Amanda Ribas
Amanda Ribas,549.03,23-03-2024,L,U-DEC,Rose Namajunas
Caolan Loughran,501.38,30-03-2024,W,U-DEC,Angel Pacheco
Angel Pacheco,483.57,30-03-2024,L,U-DEC,Caolan Loughran
Jacob Malkoun,520.31,30-03-2024,W,KO/TKO,Andre Petroski
Andre Petroski,548.06,30-03-2024,L,KO/TKO,Jacob Malkoun
Ibo Aslan,513.61,30-03-2024,W,KO/TKO,Anton Turkalj
Anton Turkalj,438.9,30-03-2024,L,KO/TKO,Ibo Aslan
Dennis Buzukja,485.29,30-03-2024,W,KO/TKO,Connor Matthews
Connor Matthews,482.81,30-03-2024,L,KO/TKO,Dennis Buzukja
Julio Arce,527.4,30-03-2024,W,KO/TKO,Herbert Burns
Herbert Burns,487.43,30-03-2024,L,KO/TKO,Julio Arce
Virna Jandiroba,562.59,30-03-2024,W,U-DEC,Loopy Godinez
Loopy Godinez,552.55,30-03-2024,L,U-DEC,Virna Jandiroba
Nate Landwehr,542.2,30-03-2024,W,KO/TKO,Jamall Emmers
Jamall Emmers,483.63,30-03-2024,L,KO/TKO,Nate Landwehr
Chidi Njokuani,497.61,30-03-2024,W,S-DEC,Rhys McKee
Rhys McKee,440.98,30-03-2024,L,S-DEC,Chidi Njokuani
Kyle Nelson,512.08,30-03-2024,W,KO/TKO,Bill Algeo
Bill Algeo,521.55,30-03-2024,L,KO/TKO,Kyle Nelson
Nursulton Ruziboev,532.82,30-03-2024,W,KO/TKO,Sedriques Dumas
Sedriques Dumas,495.33,30-03-2024,L,KO/TKO,Nursulton Ruziboev
Chris Weidman,589.28,30-03-2024,W,U-DEC,Bruno Silva
Bruno Silva,512.98,30-03-2024,L,U-DEC,Chris Weidman
Joaquin Buckley,571.2,30-03-2024,W,KO/TKO,Vicente Luque
Vicente Luque,629.36,30-03-2024,L,KO/TKO,Joaquin Buckley
Manon Fiorot,626.25,30-03-2024,W,U-DEC,Erin Blanchfield
Erin Blanchfield,596.31,30-03-2024,L,U-DEC,Manon Fiorot
Nora Cornolle,533.52,06-04-2024,W,KO/TKO,Melissa Mullins
Melissa Mullins,500.2,06-04-2024,L,KO/TKO,Nora Cornolle
Cesar Almeida,515.75,06-04-2024,W,KO/TKO,Dylan Budka
Dylan Budka,484.25,06-04-2024,L,KO/TKO,Cesar Almeida
Jean Matsumoto,517.59,06-04-2024,W,SUB,Dan Argueta
Dan Argueta,455.67,06-04-2024,L,SUB,Jean Matsumoto
Victor Hugo,515.75,06-04-2024,W,U-DEC,Pedro Falcao
Pedro Falcao,484.25,06-04-2024,L,U-DEC,Victor Hugo
Norma Dumont,585.82,06-04-2024,W,U-DEC,Germaine de Randamie
Germaine de Randamie,564.89,06-04-2024,L,U-DEC,Norma Dumont
Lukasz Brzeski,473.05,06-04-2024,W,U-DEC,Valter Walker
Valter Walker,482.23,06-04-2024,L,U-DEC,Lukasz Brzeski
Alex Morono,584.89,06-04-2024,W,U-DEC,Court McGee
Court McGee,469.19,06-04-2024,L,U-DEC,Alex Morono
Charlie Campbell,531.51,06-04-2024,W,U-DEC,Trevor Peek
Trevor Peek,497.33,06-04-2024,L,U-DEC,Charlie Campbell
Ignacio Bahamondes,534.39,06-04-2024,W,KO/TKO,Christos Giagos
Christos Giagos,467.66,06-04-2024,L,KO/TKO,Ignacio Bahamondes
Chepe Mariscal,549.95,06-04-2024,W,S-DEC,Morgan Charriere
Morgan Charriere,499.38,06-04-2024,L,S-DEC,Chepe Mariscal
Damon Jackson,552.55,06-04-2024,W,S-DEC,Alexander Hernandez
Alexander Hernandez,495.21,06-04-2024,L,S-DEC,Damon Jackson
Brendan Allen,675.88,06-04-2024,W,S-DEC,Chris Curtis
Chris Curtis,552.11,06-04-2024,L,S-DEC,Brendan Allen
Deiveson Figueiredo,646.7,13-04-2024,W,SUB,Cody Garbrandt
Cody Garbrandt,549.76,13-04-2024,L,SUB,Deiveson Figueiredo
King Green,557.17,13-04-2024,W,U-DEC,Jim Miller
Jim Miller,578.66,13-04-2024,L,U-DEC,King Green
Jessica Andrade,586.27,13-04-2024,W,S-DEC,Marina Rodriguez
Marina Rodriguez,548.22,13-04-2024,L,S-DEC,Jessica Andrade
Renato Moicano,607.71,13-04-2024,W,KO/TKO,Jalin Turner
Jalin Turner,547.92,13-04-2024,L,KO/TKO,Renato Moicano
Diego Lopes,546.29,13-04-2024,W,KO/TKO,Sodiq Yusuff
Sodiq Yusuff,545.94,13-04-2024,L,KO/TKO,Diego Lopes
Kayla Harrison,520.32,13-04-2024,W,SUB,Holly Holm
Holly Holm,502.65,13-04-2024,L,SUB,Kayla Harrison
Aljamain Sterling,703.55,13-04-2024,W,U-DEC,Calvin Kattar
Calvin Kattar,532.51,13-04-2024,L,U-DEC,Aljamain Sterling
Jiri Prochazka,566.6,13-04-2024,W,KO/TKO,Aleksandar Rakic
Aleksandar Rakic,551.22,13-04-2024,L,KO/TKO,Jiri Prochazka
Bo Nickal,552.39,13-04-2024,W,SUB,Cody Brundage
Cody Brundage,485.37,13-04-2024,L,SUB,Bo Nickal
Arman Tsarukyan,633.25,13-04-2024,W,S-DEC,Charles Oliveira
Charles Oliveira,712.27,13-04-2024,L,S-DEC,Arman Tsarukyan
Max Holloway,711.45,13-04-2024,W,KO/TKO,Justin Gaethje
Justin Gaethje,590.97,13-04-2024,L,KO/TKO,Max Holloway
Zhang Weili,632.16,13-04-2024,W,U-DEC,Yan Xiaonan
Yan Xiaonan,572.49,13-04-2024,L,U-DEC,Zhang Weili
Alex Pereira,619.72,13-04-2024,W,KO/TKO,Jamahal Hill
Jamahal Hill,561.54,13-04-2024,L,KO/TKO,Alex Pereira
Maheshate,498.72,27-04-2024,W,S-DEC,Gabriel Benitez
Gabriel Benitez,478.83,27-04-2024,L,S-DEC,Maheshate
Ivana Petrovic,500.91,27-04-2024,W,SUB,Liang Na
Liang Na,436.18,27-04-2024,L,SUB,Ivana Petrovic
Chris Padilla,519.37,27-04-2024,W,SUB,James Llontop
James Llontop,480.63,27-04-2024,L,SUB,Chris Padilla
Ketlen Souza,496.73,27-04-2024,W,U-DEC,Marnic Mann
Marnic Mann,468.34,27-04-2024,L,U-DEC,Ketlen Souza
Don'Tale Mayes,489.31,27-04-2024,W,U-DEC,Caio Machado
Caio Machado,468.02,27-04-2024,L,U-DEC,Don'Tale Mayes
Austin Hubbard,479.46,27-04-2024,W,U-DEC,Michal Figlak
Michal Figlak,467.36,27-04-2024,L,U-DEC,Austin Hubbard
Victor Henry,555.97,27-04-2024,W,KO/TKO,Rani Yahya
Rani Yahya,572.31,27-04-2024,L,KO/TKO,Victor Henry
Uros Medic,524.38,27-04-2024,W,KO/TKO,Tim Means
Tim Means,516.65,27-04-2024,L,KO/TKO,Uros Medic
David Onama,537.01,27-04-2024,W,U-DEC,Jonathan Pearce
Jonathan Pearce,535.03,27-04-2024,L,U-DEC,David Onama
Jhonata Diniz,514.37,27-04-2024,W,KO/TKO,Austen Lane
Austen Lane,455.03,27-04-2024,L,KO/TKO,Jhonata Diniz
Karine Silva,576.0,27-04-2024,W,U-DEC,Ariane da Silva
Ariane da Silva,519.14,27-04-2024,L,U-DEC,Karine Silva
Bogdan Guskov,515.58,27-04-2024,W,KO/TKO,Ryan Spann
Ryan Spann,522.77,27-04-2024,L,KO/TKO,Bogdan Guskov
Alex Perez,545.96,27-04-2024,W,KO/TKO,Matheus Nicolau
Matheus Nicolau,555.17,27-04-2024,L,KO/TKO,Alex Perez
Alessandro Costa,501.23,04-05-2024,W,KO/TKO,Kevin Borjas
Kevin Borjas,468.43,04-05-2024,L,KO/TKO,Alessandro Costa
Ismael Bonfim,515.08,04-05-2024,W,U-DEC,Vinc Pichel
Vinc Pichel,540.49,04-05-2024,L,U-DEC,Ismael Bonfim
Dione Barbosa,515.75,04-05-2024,W,U-DEC,Ernesta Kareckaite
Ernesta Kareckaite,484.25,04-05-2024,L,U-DEC,Dione Barbosa
Mauricio Ruffy,516.01,04-05-2024,W,KO/TKO,Jamie Mullarkey
Jamie Mullarkey,489.66,04-05-2024,L,KO/TKO,Mauricio Ruffy
Drakkar Klose,605.67,04-05-2024,W,U-DEC,Joaquim Silva
Joaquim Silva,509.31,04-05-2024,L,U-DEC,Drakkar Klose
Myktybek Orolbai,538.43,04-05-2024,W,U-DEC,Elves Brener
Elves Brener,531.0,04-05-2024,L,U-DEC,Myktybek Orolbai
Iasmin Lucindo,538.2,04-05-2024,W,U-DEC,Karolina Kowalkiewicz
Karolina Kowalkiewicz,515.95,04-05-2024,L,U-DEC,Iasmin Lucindo
Joanderson Brito,580.96,04-05-2024,W,KO/TKO,Jack Shore
Jack Shore,557.55,04-05-2024,L,KO/TKO,Joanderson Brito
Caio Borralho,603.43,04-05-2024,W,KO/TKO,Paul Craig
Paul Craig,529.83,04-05-2024,L,KO/TKO,Caio Borralho
Michel Pereira,636.06,04-05-2024,W,SUB,Ihor Potieria
Ihor Potieria,470.33,04-05-2024,L,SUB,Michel Pereira
Anthony Smith,577.43,04-05-2024,W,SUB,Vitor Petrino
Vitor Petrino,545.9,04-05-2024,L,SUB,Anthony Smith
Jose Aldo,608.03,04-05-2024,W,U-DEC,Jonathan Martinez
Jonathan Martinez,599.78,04-05-2024,L,U-DEC,Jose Aldo
Alexandre Pantoja,649.85,04-05-2024,W,U-DEC,Steve Erceg
Steve Erceg,533.82,04-05-2024,L,U-DEC,Alexandre Pantoja
Veronica Hardy,515.36,11-05-2024,W,U-DEC,JJ Aldrich
JJ Aldrich,528.5,11-05-2024,L,U-DEC,Veronica Hardy
Charles Johnson,503.03,11-05-2024,W,U-DEC,Jake Hadley
Jake Hadley,483.42,11-05-2024,L,U-DEC,Charles Johnson
Trey Waters,532.87,11-05-2024,W,U-DEC,Billy Ray Goff
Billy Ray Goff,498.57,11-05-2024,L,U-DEC,Trey Waters
Tabatha Ricci,553.77,11-05-2024,W,S-DEC,Tecia Pennington
Tecia Pennington,525.79,11-05-2024,L,S-DEC,Tabatha Ricci
Esteban Ribovics,518.52,11-05-2024,W,KO/TKO,Terrance McKinney
Terrance McKinney,512.37,11-05-2024,L,KO/TKO,Esteban Ribovics
Chase Hooper,550.57,11-05-2024,W,SUB,Viacheslav Borshchev
Viacheslav Borshchev,480.77,11-05-2024,L,SUB,Chase Hooper
Waldo Cortes-Acosta,556.74,11-05-2024,W,U-DEC,Robelis Despaigne
Robelis Despaigne,498.12,11-05-2024,L,U-DEC,Waldo Cortes-Acosta
Sean Woodson,576.64,11-05-2024,W,U-DEC,Alex Caceres
Alex Caceres,547.13,11-05-2024,L,U-DEC,Sean Woodson
Diego Ferreira,590.13,11-05-2024,W,KO/TKO,Mateusz Rebecki
Mateusz Rebecki,536.07,11-05-2024,L,KO/TKO,Diego Ferreira
Carlos Ulberg,591.09,11-05-2024,W,KO/TKO,Alonzo Menifield
Alonzo Menifield,564.84,11-05-2024,L,KO/TKO,Carlos Ulberg
Joaquin Buckley,587.22,11-05-2024,W,U-DEC,Nursulton Ruziboev
Nursulton Ruziboev,516.8,11-05-2024,L,U-DEC,Joaquin Buckley
Derrick Lewis,586.65,11-05-2024,W,KO/TKO,Rodrigo Nascimento
Rodrigo Nascimento,548.03,11-05-2024,L,KO/TKO,Derrick Lewis
Vanessa Demopoulos,546.95,18-05-2024,W,S-DEC,Emily Ducote
Emily Ducote,481.07,18-05-2024,L,S-DEC,Vanessa Demopoulos
Alatengheili,543.75,18-05-2024,W,U-DEC,Kleydson Rodrigues
Kleydson Rodrigues,467.09,18-05-2024,L,U-DEC,Alatengheili
Ariane Carnelossi,517.37,18-05-2024,W,DQ,Piera Rodriguez
Piera Rodriguez,494.97,18-05-2024,L,DQ,Ariane Carnelossi
Abus Magomedov,503.89,18-05-2024,W,U-DEC,Warlley Alves
Warlley Alves,489.39,18-05-2024,L,U-DEC,Abus Magomedov
Melissa Gatto,512.59,18-05-2024,W,KO/TKO,Tamires Vidal
Tamires Vidal,482.13,18-05-2024,L,KO/TKO,Melissa Gatto
Oumar Sy,519.37,18-05-2024,W,SUB,Tuco Tokkos
Tuco Tokkos,480.63,18-05-2024,L,SUB,Oumar Sy
Tom Nolan,500.06,18-05-2024,W,KO/TKO,Victor Martinez
Victor Martinez,469.07,18-05-2024,L,KO/TKO,Tom Nolan
Angela Hill,514.96,18-05-2024,W,SUB,Luana Pinheiro
Luana Pinheiro,506.58,18-05-2024,L,SUB,Angela Hill
Adrian Yanez,557.97,18-05-2024,W,KO/TKO,Vinicius Salvador
Vinicius Salvador,455.26,18-05-2024,L,KO/TKO,Adrian Yanez
Themba Gorimbo,528.23,18-05-2024,W,U-DEC,Ramiz Brahimaj
Ramiz Brahimaj,488.11,18-05-2024,L,U-DEC,Themba Gorimbo
Khaos Williams,565.07,18-05-2024,W,KO/TKO,Carlston Harris
Carlston Harris,537.63,18-05-2024,L,KO/TKO,Khaos Williams
Lerone Murphy,604.13,18-05-2024,W,U-DEC,Edson Barboza
Edson Barboza,552.36,18-05-2024,L,U-DEC,Lerone Murphy
Andre Lima,531.5,01-06-2024,W,S-DEC,Mitch Raposo
Mitch Raposo,484.25,01-06-2024,L,S-DEC,Andre Lima
Ailin Perez,527.69,01-06-2024,W,U-DEC,Joselyne Edwards
Joselyne Edwards,494.19,01-06-2024,L,U-DEC,Ailin Perez
Bassil Hafez,502.52,01-06-2024,W,U-DEC,Mickey Gall
Mickey Gall,500.43,01-06-2024,L,U-DEC,Bassil Hafez
Jake Matthews,572.53,01-06-2024,W,U-DEC,Phil Rowe
Phil Rowe,509.95,01-06-2024,L,U-DEC,Jake Matthews
Grant Dawson,638.37,01-06-2024,W,U-DEC,Joe Solecki
Joe Solecki,538.43,01-06-2024,L,U-DEC,Grant Dawson
Jailton Almeida,615.81,01-06-2024,W,SUB,Alexandr Romanov
Alexandr Romanov,548.55,01-06-2024,L,SUB,Jailton Almeida
Roman Kopylov,529.48,01-06-2024,W,S-DEC,Cesar Almeida
Cesar Almeida,499.9,01-06-2024,L,S-DEC,Roman Kopylov
Randy Brown,626.54,01-06-2024,W,U-DEC,Elizeu Zaleski dos Santos
Elizeu Zaleski dos Santos,586.13,01-06-2024,L,U-DEC,Randy Brown
Niko Price,543.59,01-06-2024,W,U-DEC,Alex Morono
Alex Morono,566.46,01-06-2024,L,U-DEC,Niko Price
Kevin Holland,563.6,01-06-2024,W,SUB,Michal Oleksiejczuk
Michal Oleksiejczuk,502.54,01-06-2024,L,SUB,Kevin Holland
Sean Strickland,636.57,01-06-2024,W,S-DEC,Paulo Costa
Paulo Costa,546.17,01-06-2024,L,S-DEC,Sean Strickland
Islam Makhachev,785.88,01-06-2024,W,SUB,Dustin Poirier
Dustin Poirier,661.88,01-06-2024,L,SUB,Islam Makhachev
Puja Tomar,515.04,08-06-2024,W,S-DEC,Rayanne dos Santos
Rayanne dos Santos,469.21,08-06-2024,L,S-DEC,Puja Tomar
Taylor Lapilus,543.52,08-06-2024,W,U-DEC,Cody Stamann
Cody Stamann,508.07,08-06-2024,L,U-DEC,Taylor Lapilus
Denise Gomes,517.66,08-06-2024,W,S-DEC,Eduarda Moura
Eduarda Moura,498.59,08-06-2024,L,S-DEC,Denise Gomes
Daniel Marcos,534.12,08-06-2024,W,U-DEC,John Castaneda
John Castaneda,522.53,08-06-2024,L,U-DEC,Daniel Marcos
Montana De La Rosa,511.39,08-06-2024,W,S-DEC,Andrea Lee
Andrea Lee,457.79,08-06-2024,L,S-DEC,Montana De La Rosa
Brad Katona,508.63,08-06-2024,W,U-DEC,Jesse Butler
Jesse Butler,471.83,08-06-2024,L,U-DEC,Brad Katona
Carlos Prates,533.81,08-06-2024,W,KO/TKO,Charles Radtke
Charles Radtke,512.76,08-06-2024,L,KO/TKO,Carlos Prates
Ludovit Klein,567.46,08-06-2024,W,U-DEC,Thiago Moises
Thiago Moises,523.31,08-06-2024,L,U-DEC,Ludovit Klein
Punahele Soriano,492.22,08-06-2024,W,U-DEC,Miguel Baeza
Miguel Baeza,488.71,08-06-2024,L,U-DEC,Punahele Soriano
Zachary Reese,499.51,08-06-2024,W,KO/TKO,Julian Marquez
Julian Marquez,485.27,08-06-2024,L,KO/TKO,Zachary Reese
Brunno Ferreira,532.01,08-06-2024,W,KO/TKO,Dustin Stoltzfus
Dustin Stoltzfus,460.59,08-06-2024,L,KO/TKO,Brunno Ferreira
Raul Rosas Jr.,535.28,08-06-2024,W,SUB,Ricky Turcios
Ricky Turcios,493.03,08-06-2024,L,SUB,Raul Rosas Jr.
Dominick Reyes,557.79,08-06-2024,W,KO/TKO,Dustin Jacoby
Dustin Jacoby,518.8,08-06-2024,L,KO/TKO,Dominick Reyes
Nassourdine Imavov,559.58,08-06-2024,W,KO/TKO,Jared Cannonier
Jared Cannonier,579.06,08-06-2024,L,KO/TKO,Nassourdine Imavov
Josefine Knutsson,531.5,15-06-2024,W,U-DEC,Julia Polastri
Julia Polastri,484.25,15-06-2024,L,U-DEC,Josefine Knutsson
Melquizael Costa,502.19,15-06-2024,W,SUB,Shayilan Nuerdanbieke
Shayilan Nuerdanbieke,491.48,15-06-2024,L,SUB,Melquizael Costa
Westin Wilson,489.9,15-06-2024,W,SUB,Jeka Saragih
Jeka Saragih,479.38,15-06-2024,L,SUB,Westin Wilson
Gabriella Fernandes,485.65,15-06-2024,W,S-DEC,Carli Judice
Carli Judice,482.82,15-06-2024,L,S-DEC,Gabriella Fernandes
Nate Maness,542.73,15-06-2024,W,U-DEC,Jimmy Flick
Jimmy Flick,488.07,15-06-2024,L,U-DEC,Nate Maness
Adam Fugitt,497.84,15-06-2024,W,S-DEC,Josh Quinlan
Josh Quinlan,467.26,15-06-2024,L,S-DEC,Adam Fugitt
Asu Almabayev,551.24,15-06-2024,W,U-DEC,Jose Johnson
Jose Johnson,484.03,15-06-2024,L,U-DEC,Asu Almabayev
Brady Hiestand,536.76,15-06-2024,W,SUB,Garrett Armfield
Garrett Armfield,492.89,15-06-2024,L,SUB,Brady Hiestand
Lucas Almeida,498.77,15-06-2024,W,U-DEC,Timmy Cuamba
Timmy Cuamba,468.44,15-06-2024,L,U-DEC,Lucas Almeida
Miles Johns,566.09,15-06-2024,W,U-DEC,Douglas Silva de Andrade
Douglas Silva de Andrade,516.52,15-06-2024,L,U-DEC,Miles Johns
Tatsuro Taira,602.04,15-06-2024,W,KO/TKO,Alex Perez
Alex Perez,528.63,15-06-2024,L,KO/TKO,Tatsuro Taira
ChangHo Lee,515.75,22-06-2024,W,S-DEC,Xiao Long
Xiao Long,484.25,22-06-2024,L,S-DEC,ChangHo Lee
Magomed Gadzhiyasulov,515.04,22-06-2024,W,M-DEC,Brendson Ribeiro
Brendson Ribeiro,469.21,22-06-2024,L,M-DEC,Magomed Gadzhiyasulov
Muin Gafurov,490.05,22-06-2024,W,U-DEC,Kyung Ho Kang
Kyung Ho Kang,553.26,22-06-2024,L,U-DEC,Muin Gafurov
Rinat Fakhretdinov,576.8,22-06-2024,W,S-DEC,Nicolas Dalby
Nicolas Dalby,546.16,22-06-2024,L,S-DEC,Rinat Fakhretdinov
Felipe Lima,521.46,22-06-2024,W,SUB,Muhammad Naimov
Muhammad Naimov,529.26,22-06-2024,L,SUB,Felipe Lima
Nasrat Haqparast,581.91,22-06-2024,W,S-DEC,Jared Gordon
Jared Gordon,543.0,22-06-2024,L,S-DEC,Nasrat Haqparast
Volkan Oezdemir,547.05,22-06-2024,W,KO/TKO,Johnny Walker
Johnny Walker,542.72,22-06-2024,L,KO/TKO,Volkan Oezdemir
Shara Magomedov,533.41,22-06-2024,W,KO/TKO,Antonio Trocoli
Antonio Trocoli,484.34,22-06-2024,L,KO/TKO,Shara Magomedov
Kelvin Gastelum,570.02,22-06-2024,W,U-DEC,Daniel Rodriguez
Daniel Rodriguez,545.81,22-06-2024,L,U-DEC,Kelvin Gastelum
Alexander Volkov,628.43,22-06-2024,W,U-DEC,Sergei Pavlovich
Sergei Pavlovich,570.27,22-06-2024,L,U-DEC,Alexander Volkov
Robert Whittaker,679.53,22-06-2024,W,KO/TKO,Ikram Aliskerov
Ikram Aliskerov,523.37,22-06-2024,L,KO/TKO,Robert Whittaker
Vinicius Oliveira,535.14,29-06-2024,W,U-DEC,Ricky Simon
Ricky Simon,557.87,29-06-2024,L,U-DEC,Vinicius Oliveira
Rei Tsuruya,515.49,29-06-2024,W,U-DEC,Carlos Hernandez
Carlos Hernandez,478.72,29-06-2024,L,U-DEC,Rei Tsuruya
Martin Buday,559.69,29-06-2024,W,S-DEC,Andrei Arlovski
Andrei Arlovski,506.22,29-06-2024,L,S-DEC,Martin Buday
Gillian Robertson,568.43,29-06-2024,W,U-DEC,Michelle Waterson-Gomez
Michelle Waterson-Gomez,461.56,29-06-2024,L,U-DEC,Gillian Robertson
Payton Talbott,549.65,29-06-2024,W,KO/TKO,Yanis Ghemmouri
Yanis Ghemmouri,469.58,29-06-2024,L,KO/TKO,Payton Talbott
Jean Silva,531.41,29-06-2024,W,KO/TKO,Charles Jourdain
Charles Jourdain,496.21,29-06-2024,L,KO/TKO,Jean Silva
Andre Fili,514.08,29-06-2024,W,S-DEC,Cub Swanson
Cub Swanson,541.0,29-06-2024,L,S-DEC,Andre Fili
Joe Pyfer,550.25,29-06-2024,W,KO/TKO,Marc-Andre Barriault
Marc-Andre Barriault,475.01,29-06-2024,L,KO/TKO,Joe Pyfer
Ian Machado Garry,638.19,29-06-2024,W,U-DEC,Michael Page
Michael Page,503.77,29-06-2024,L,U-DEC,Ian Machado Garry
Macy Chiasson,571.54,29-06-2024,W,KO/TKO,Mayra Bueno Silva
Mayra Bueno Silva,538.03,29-06-2024,L,KO/TKO,Macy Chiasson
Roman Dolidze,565.12,29-06-2024,W,U-DEC,Anthony Smith
Anthony Smith,560.35,29-06-2024,L,U-DEC,Roman Dolidze
Diego Lopes,565.49,29-06-2024,W,U-DEC,Dan Ige
Dan Ige,550.23,29-06-2024,L,U-DEC,Diego Lopes
Alex Pereira,634.99,29-06-2024,W,KO/TKO,Jiri Prochazka
Jiri Prochazka,551.33,29-06-2024,L,KO/TKO,Alex Pereira
Evan Elder,503.36,13-07-2024,W,SUB,Darrius Flowers
Darrius Flowers,449.22,13-07-2024,L,SUB,Evan Elder
Andre Petroski,560.88,13-07-2024,W,U-DEC,Josh Fremd
Josh Fremd,469.94,13-07-2024,L,U-DEC,Andre Petroski
Luana Santos,549.62,13-07-2024,W,SUB,Mariya Agapova
Mariya Agapova,463.86,13-07-2024,L,SUB,Luana Santos
Montel Jackson,601.0,13-07-2024,W,KO/TKO,Da'Mon Blackshear
Da'Mon Blackshear,489.79,13-07-2024,L,KO/TKO,Montel Jackson
Jasmine Jasudavicius,547.49,13-07-2024,W,U-DEC,Fatima Kline
Fatima Kline,485.04,13-07-2024,L,U-DEC,Jasmine Jasudavicius
Charles Johnson,522.34,13-07-2024,W,KO/TKO,Joshua Van
Joshua Van,525.5,13-07-2024,L,KO/TKO,Charles Johnson
Abdul Razak Alhassan,475.85,13-07-2024,L,CNC,Cody Brundage
Cody Brundage,500.62,13-07-2024,W,CNC,Abdul Razak Alhassan
Julian Erosa,545.81,13-07-2024,W,SUB,Christian Rodriguez
Christian Rodriguez,534.42,13-07-2024,L,SUB,Julian Erosa
Gabriel Bonfim,540.35,13-07-2024,W,U-DEC,Ange Loosa
Ange Loosa,516.17,13-07-2024,L,U-DEC,Gabriel Bonfim
Jean Silva,549.93,13-07-2024,W,KO/TKO,Drew Dober
Drew Dober,538.44,13-07-2024,L,KO/TKO,Jean Silva
Muslim Salikhov,558.91,13-07-2024,W,S-DEC,Santiago Ponzinibbio
Santiago Ponzinibbio,562.99,13-07-2024,L,S-DEC,Muslim Salikhov
Rose Namajunas,606.76,13-07-2024,W,U-DEC,Tracy Cortez
Tracy Cortez,564.44,13-07-2024,L,U-DEC,Rose Namajunas
Thomas Petersen,501.9,20-07-2024,W,U-DEC,Mohammed Usman
Mohammed Usman,509.46,20-07-2024,L,U-DEC,Thomas Petersen
Luana Carolina,534.5,20-07-2024,W,U-DEC,Lucie Pudilova
Lucie Pudilova,424.15,20-07-2024,L,U-DEC,Luana Carolina
Trey Ogden,503.03,20-07-2024,W,U-DEC,Loik Radzhabov
Loik Radzhabov,497.11,20-07-2024,L,U-DEC,Trey Ogden
Miranda Maverick,564.71,20-07-2024,W,U-DEC,Dione Barbosa
Dione Barbosa,500.15,20-07-2024,L,U-DEC,Miranda Maverick
Cody Gibson,462.41,20-07-2024,W,SUB,Brian Kelleher
Brian Kelleher,471.45,20-07-2024,L,SUB,Cody Gibson
Hyder Amil,531.0,20-07-2024,W,KO/TKO,JeongYeong Lee
JeongYeong Lee,514.0,20-07-2024,L,KO/TKO,Hyder Amil
Dooho Choi,515.08,20-07-2024,W,KO/TKO,Bill Algeo
Bill Algeo,504.75,20-07-2024,L,KO/TKO,Dooho Choi
Bruno Silva,529.24,20-07-2024,W,KO/TKO,Cody Durden
Cody Durden,507.94,20-07-2024,L,KO/TKO,Bruno Silva
Kurt Holobaugh,463.95,20-07-2024,W,U-DEC,Kaynan Kruschewsky
Kaynan Kruschewsky,466.94,20-07-2024,L,U-DEC,Kurt Holobaugh
Steve Garcia,551.18,20-07-2024,W,KO/TKO,SeungWoo Choi
SeungWoo Choi,467.46,20-07-2024,L,KO/TKO,Steve Garcia
Virna Jandiroba,585.76,20-07-2024,W,SUB,Amanda Lemos
Amanda Lemos,561.6,20-07-2024,L,SUB,Virna Jandiroba
Shauna Bannon,500.01,27-07-2024,W,S-DEC,Alice Ardelean
Alice Ardelean,483.5,27-07-2024,L,S-DEC,Shauna Bannon
Mick Parkin,564.13,27-07-2024,W,KO/TKO,Lukasz Brzeski
Lukasz Brzeski,458.98,27-07-2024,L,KO/TKO,Mick Parkin
Sam Patterson,522.32,27-07-2024,W,SUB,Kiefer Crosbie
Kiefer Crosbie,461.66,27-07-2024,L,SUB,Sam Patterson
Modestas Bukauskas,507.01,27-07-2024,W,SUB,Marcin Prachnio
Marcin Prachnio,469.06,27-07-2024,L,SUB,Modestas Bukauskas
Oban Elliott,531.0,27-07-2024,W,U-DEC,Preston Parsons
Preston Parsons,487.77,27-07-2024,L,U-DEC,Oban Elliott
Muhammad Mokaev,622.59,27-07-2024,W,U-DEC,Manel Kape
Manel Kape,524.84,27-07-2024,L,U-DEC,Muhammad Mokaev
Jake Hadley,499.98,27-07-2024,W,U-DEC,Caolan Loughran
Caolan Loughran,484.82,27-07-2024,L,U-DEC,Jake Hadley
Bruna Brasil,502.11,27-07-2024,W,U-DEC,Molly McCann
Molly McCann,498.61,27-07-2024,L,U-DEC,Bruna Brasil
Nathaniel Wood,574.97,27-07-2024,W,U-DEC,Daniel Pineda
Daniel Pineda,498.05,27-07-2024,L,U-DEC,Nathaniel Wood
Arnold Allen,644.65,27-07-2024,W,U-DEC,Giga Chikadze
Giga Chikadze,597.87,27-07-2024,L,U-DEC,Arnold Allen
Gregory Rodrigues,577.84,27-07-2024,W,U-DEC,Christian Leroy Duncan
Christian Leroy Duncan,512.74,27-07-2024,L,U-DEC,Gregory Rodrigues
Paddy Pimblett,614.14,27-07-2024,W,SUB,King Green
King Green,535.62,27-07-2024,L,SUB,Paddy Pimblett
Tom Aspinall,632.04,27-07-2024,W,KO/TKO,Curtis Blaydes
Curtis Blaydes,631.33,27-07-2024,L,KO/TKO,Tom Aspinall
Belal Muhammad,734.95,27-07-2024,W,U-DEC,Leon Edwards
Leon Edwards,705.47,27-07-2024,L,U-DEC,Belal Muhammad
Sedriques Dumas,509.07,03-08-2024,W,U-DEC,Denis Tiuliulin
Denis Tiuliulin,437.06,03-08-2024,L,U-DEC,Sedriques Dumas
Jai Herbert,491.16,03-08-2024,W,U-DEC,Rolando Bedoya
Rolando Bedoya,455.44,03-08-2024,L,U-DEC,Jai Herbert
Sam Hughes,494.73,03-08-2024,W,S-DEC,Viktoriia Dudakova
Viktoriia Dudakova,509.06,03-08-2024,L,S-DEC,Sam Hughes
Guram Kutateladze,500.37,03-08-2024,W,U-DEC,Jordan Vucenic
Jordan Vucenic,483.52,03-08-2024,L,U-DEC,Guram Kutateladze
Shamil Gaziev,518.64,03-08-2024,W,U-DEC,Don'Tale Mayes
Don'Tale Mayes,474.2,03-08-2024,L,U-DEC,Shamil Gaziev
Kaue Fernandes,499.35,03-08-2024,W,KO/TKO,Mohammad Yahya
Mohammad Yahya,468.38,03-08-2024,L,KO/TKO,Kaue Fernandes
Azamat Murzakanov,569.37,03-08-2024,W,KO/TKO,Alonzo Menifield
Alonzo Menifield,546.1,03-08-2024,L,KO/TKO,Azamat Murzakanov
Joel Alvarez,571.73,03-08-2024,W,KO/TKO,Elves Brener
Elves Brener,515.71,03-08-2024,L,KO/TKO,Joel Alvarez
Mackenzie Dern,562.29,03-08-2024,W,U-DEC,Loopy Godinez
Loopy Godinez,536.51,03-08-2024,L,U-DEC,Mackenzie Dern
Michael Chiesa,583.39,03-08-2024,W,SUB,Tony Ferguson
Tony Ferguson,562.55,03-08-2024,L,SUB,Michael Chiesa
Deiveson Figueiredo,662.15,03-08-2024,W,U-DEC,Marlon Vera
Marlon Vera,594.8,03-08-2024,L,U-DEC,Deiveson Figueiredo
Shara Magomedov,549.13,03-08-2024,W,U-DEC,Michal Oleksiejczuk
Michal Oleksiejczuk,486.82,03-08-2024,L,U-DEC,Shara Magomedov
Umar Nurmagomedov,613.15,03-08-2024,W,U-DEC,Cory Sandhagen
Cory Sandhagen,608.22,03-08-2024,L,U-DEC,Umar Nurmagomedov
Stephanie Luciano,516.46,10-08-2024,W,U-DEC,Talita Alencar
Talita Alencar,499.29,10-08-2024,L,U-DEC,Stephanie Luciano
Youssef Zalal,534.44,10-08-2024,W,SUB,Jarno Errens
Jarno Errens,466.4,10-08-2024,L,SUB,Youssef Zalal
Jhonata Diniz,532.3,10-08-2024,W,U-DEC,Karl Williams
Karl Williams,526.66,10-08-2024,L,U-DEC,Jhonata Diniz
Karol Rosa,551.06,10-08-2024,W,U-DEC,Pannie Kianzad
Pannie Kianzad,488.6,10-08-2024,L,U-DEC,Karol Rosa
Toshiomi Kazama,488.19,10-08-2024,W,SUB,Charalampos Grigoriou
Charalampos Grigoriou,463.44,10-08-2024,L,SUB,Toshiomi Kazama
Yana Santos,508.05,10-08-2024,W,U-DEC,Chelsea Chandler
Chelsea Chandler,499.68,10-08-2024,L,U-DEC,Yana Santos
Chris Gutierrez,593.74,10-08-2024,W,U-DEC,Quang Le
Quang Le,487.88,10-08-2024,L,U-DEC,Chris Gutierrez
Danny Barlow,531.45,10-08-2024,W,S-DEC,Nikolay Veretennikov
Nikolay Veretennikov,484.24,10-08-2024,L,S-DEC,Danny Barlow
Chepe Mariscal,568.08,10-08-2024,W,U-DEC,Damon Jackson
Damon Jackson,534.42,10-08-2024,L,U-DEC,Chepe Mariscal
Serghei Spivac,583.14,10-08-2024,W,SUB,Marcin Tybura
Marcin Tybura,572.83,10-08-2024,L,SUB,Serghei Spivac
Jesus Aguilar,532.48,17-08-2024,W,SUB,Stewart Nicoll
Stewart Nicoll,479.52,17-08-2024,L,SUB,Jesus Aguilar
Song Kenan,519.94,17-08-2024,W,U-DEC,Ricky Glenn
Ricky Glenn,477.52,17-08-2024,L,U-DEC,Song Kenan
Tom Nolan,515.14,17-08-2024,W,U-DEC,Alex Reyes
Alex Reyes,454.92,17-08-2024,L,U-DEC,Tom Nolan
Jack Jenkins,528.08,17-08-2024,W,KO/TKO,Herbert Burns
Herbert Burns,472.86,17-08-2024,L,KO/TKO,Jack Jenkins
Casey O'Neill,538.3,17-08-2024,W,U-DEC,Luana Santos
Luana Santos,532.59,17-08-2024,L,U-DEC,Casey O'Neill
Ricardo Ramos,527.68,17-08-2024,W,S-DEC,Josh Culibao
Josh Culibao,489.13,17-08-2024,L,S-DEC,Ricardo Ramos
Valter Walker,501.87,17-08-2024,W,SUB,Junior Tafa
Junior Tafa,467.42,17-08-2024,L,SUB,Valter Walker
Carlos Prates,552.49,17-08-2024,W,KO/TKO,Li Jingliang
Li Jingliang,544.07,17-08-2024,L,KO/TKO,Carlos Prates
Jairzinho Rozenstruik,563.72,17-08-2024,W,S-DEC,Tai Tuivasa
Tai Tuivasa,503.54,17-08-2024,L,S-DEC,Jairzinho Rozenstruik
Dan Hooker,601.08,17-08-2024,W,S-DEC,Mateusz Gamrot
Mateusz Gamrot,584.11,17-08-2024,L,S-DEC,Dan Hooker
Kai Kara-France,554.31,17-08-2024,W,KO/TKO,Steve Erceg
Steve Erceg,518.29,17-08-2024,L,KO/TKO,Kai Kara-France
Dricus Du Plessis,668.21,17-08-2024,W,SUB,Israel Adesanya
Israel Adesanya,637.55,17-08-2024,L,SUB,Dricus Du Plessis
Wang Cong,514.42,24-08-2024,W,KO/TKO,Victoria Leonardo
Victoria Leonardo,456.23,24-08-2024,L,KO/TKO,Wang Cong
Jacqueline Cavalcanti,530.78,24-08-2024,W,S-DEC,Josiane Nunes
Josiane Nunes,511.71,24-08-2024,L,S-DEC,Jacqueline Cavalcanti
Viacheslav Borshchev,496.51,24-08-2024,W,S-DEC,James Llontop
James Llontop,464.89,24-08-2024,L,S-DEC,Viacheslav Borshchev
Zachary Reese,516.03,24-08-2024,W,U-DEC,Jose Daniel Medina
Jose Daniel Medina,483.48,24-08-2024,L,U-DEC,Zachary Reese
Francis Marshall,498.09,24-08-2024,W,S-DEC,Dennis Buzukja
Dennis Buzukja,469.4,24-08-2024,L,S-DEC,Francis Marshall
Gerald Meerschaert,562.6,24-08-2024,W,SUB,Edmen Shahbazyan
Edmen Shahbazyan,512.23,24-08-2024,L,SUB,Gerald Meerschaert
Michael Morales,590.8,24-08-2024,W,KO/TKO,Neil Magny
Neil Magny,602.5,24-08-2024,L,KO/TKO,Michael Morales
Mairon Santos,515.75,24-08-2024,W,KO/TKO,Kaan Ofli
Kaan Ofli,484.25,24-08-2024,L,KO/TKO,Mairon Santos
Ryan Loder,515.75,24-08-2024,W,KO/TKO,Robert Valentin
Robert Valentin,484.25,24-08-2024,L,KO/TKO,Ryan Loder
Tabatha Ricci,568.43,24-08-2024,W,U-DEC,Angela Hill
Angela Hill,500.3,24-08-2024,L,U-DEC,Tabatha Ricci
Caio Borralho,622.26,24-08-2024,W,U-DEC,Jared Cannonier
Jared Cannonier,560.23,24-08-2024,L,U-DEC,Caio Borralho
Nathan Fletcher,519.06,07-09-2024,W,SUB,Zygimantas Ramaska
Zygimantas Ramaska,480.94,07-09-2024,L,SUB,Nathan Fletcher
Andre Petroski,573.8,07-09-2024,W,U-DEC,Dylan Budka
Dylan Budka,471.33,07-09-2024,L,U-DEC,Andre Petroski
Jaqueline Amorim,544.6,07-09-2024,W,SUB,Vanessa Demopoulos
Vanessa Demopoulos,524.2,07-09-2024,L,SUB,Jaqueline Amorim
Gabriel Santos,486.25,07-09-2024,W,U-DEC,Yizha
Yizha,467.85,07-09-2024,L,U-DEC,Gabriel Santos
Andre Lima,547.17,07-09-2024,W,U-DEC,Felipe dos Santos
Felipe dos Santos,483.99,07-09-2024,L,U-DEC,Andre Lima
Isaac Dulgarian,517.15,07-09-2024,W,SUB,Brendon Marotte
Brendon Marotte,465.94,07-09-2024,L,SUB,Isaac Dulgarian
Chris Padilla,534.01,07-09-2024,W,KO/TKO,Rongzhu
Rongzhu,465.3,07-09-2024,L,KO/TKO,Chris Padilla
Yanal Ashmouz,514.89,07-09-2024,W,U-DEC,Trevor Peek
Trevor Peek,481.67,07-09-2024,L,U-DEC,Yanal Ashmouz
Cody Durden,526.41,07-09-2024,W,SUB,Matt Schnell
Matt Schnell,478.77,07-09-2024,L,SUB,Cody Durden
Steve Garcia,567.83,07-09-2024,W,KO/TKO,Kyle Nelson
Kyle Nelson,495.43,07-09-2024,L,KO/TKO,Steve Garcia
Natalia Silva,599.69,07-09-2024,W,U-DEC,Jessica Andrade
Jessica Andrade,566.41,07-09-2024,L,U-DEC,Natalia Silva
Sean Brady,615.97,07-09-2024,W,U-DEC,Gilbert Burns
Gilbert Burns,599.77,07-09-2024,L,U-DEC,Sean Brady
Raul Rosas Jr.,551.62,14-09-2024,W,U-DEC,Aoriqileng
Aoriqileng,500.66,14-09-2024,L,U-DEC,Raul Rosas Jr.
Joshua Van,539.48,14-09-2024,W,U-DEC,Edgar Chairez
Edgar Chairez,472.29,14-09-2024,L,U-DEC,Joshua Van
Ketlen Souza,518.77,14-09-2024,W,SUB,Yazmin Jauregui
Yazmin Jauregui,504.71,14-09-2024,L,SUB,Ketlen Souza
Ignacio Bahamondes,551.68,14-09-2024,W,KO/TKO,Manuel Torres
Manuel Torres,533.83,14-09-2024,L,KO/TKO,Ignacio Bahamondes
Norma Dumont,603.39,14-09-2024,W,U-DEC,Irene Aldana
Irene Aldana,546.38,14-09-2024,L,U-DEC,Norma Dumont
Ronaldo Rodriguez,531.66,14-09-2024,W,U-DEC,Ode Osbourne
Ode Osbourne,457.98,14-09-2024,L,U-DEC,Ronaldo Rodriguez
Esteban Ribovics,536.61,14-09-2024,W,S-DEC,Daniel Zellhuber
Daniel Zellhuber,517.45,14-09-2024,L,S-DEC,Esteban Ribovics
Diego Lopes,586.91,14-09-2024,W,U-DEC,Brian Ortega
Brian Ortega,593.88,14-09-2024,L,U-DEC,Diego Lopes
Valentina Shevchenko,655.61,14-09-2024,W,U-DEC,Alexa Grasso
Alexa Grasso,582.99,14-09-2024,L,U-DEC,Valentina Shevchenko
Merab Dvalishvili,680.5,14-09-2024,W,U-DEC,Sean O'Malley
Sean O'Malley,640.8,14-09-2024,L,U-DEC,Merab Dvalishvili
Renato Moicano,623.62,28-09-2024,W,KO/TKO,Benoit Saint Denis
Benoit Saint Denis,551.21,28-09-2024,L,KO/TKO,Renato Moicano
Nassourdine Imavov,582.4,28-09-2024,W,U-DEC,Brendan Allen
Brendan Allen,653.06,28-09-2024,L,U-DEC,Nassourdine Imavov
William Gomis,567.55,28-09-2024,W,S-DEC,Joanderson Brito
Joanderson Brito,561.25,28-09-2024,L,S-DEC,William Gomis
Bryan Battle,562.11,28-09-2024,W,KO/TKO,Kevin Jousset
Kevin Jousset,519.18,28-09-2024,L,KO/TKO,Bryan Battle
Morgan Charriere,515.26,28-09-2024,W,KO/TKO,Gabriel Miranda
Gabriel Miranda,486.47,28-09-2024,L,KO/TKO,Morgan Charriere
Fares Ziam,563.26,28-09-2024,W,KO/TKO,Matt Frevola
Matt Frevola,506.82,28-09-2024,L,KO/TKO,Fares Ziam
Ion Cutelaba,472.46,28-09-2024,W,S-DEC,Ivan Erslan
Ivan Erslan,482.21,28-09-2024,L,S-DEC,Ion Cutelaba
Oumar Sy,535.27,28-09-2024,W,U-DEC,Da Woon Jung
Da Woon Jung,490.93,28-09-2024,L,U-DEC,Oumar Sy
Ludovit Klein,582.16,28-09-2024,W,U-DEC,Roosevelt Roberts
Roosevelt Roberts,465.48,28-09-2024,L,U-DEC,Ludovit Klein
Taylor Lapilus,556.72,28-09-2024,W,U-DEC,Vince Morales
Vince Morales,459.96,28-09-2024,L,U-DEC,Taylor Lapilus
Ailin Perez,549.12,28-09-2024,W,SUB,Daria Zhelezniakova
Daria Zhelezniakova,495.06,28-09-2024,L,SUB,Ailin Perez
Daniel Barez,495.43,28-09-2024,W,U-DEC,Victor Altamirano
Victor Altamirano,465.18,28-09-2024,L,U-DEC,Daniel Barez
Jacqueline Cavalcanti,548.17,28-09-2024,W,S-DEC,Nora Cornolle
Nora Cornolle,516.13,28-09-2024,L,S-DEC,Jacqueline Cavalcanti
Chris Duncan,530.22,28-09-2024,W,SUB,Bolaji Oki
Bolaji Oki,496.09,28-09-2024,L,SUB,Chris Duncan
Alex Pereira,649.95,05-10-2024,W,KO/TKO,Khalil Rountree Jr.
Khalil Rountree Jr.,548.82,05-10-2024,L,KO/TKO,Alex Pereira
Julianna Pena,590.6,05-10-2024,W,S-DEC,Raquel Pennington
Raquel Pennington,614.93,05-10-2024,L,S-DEC,Julianna Pena
Mario Bautista,629.11,05-10-2024,W,S-DEC,Jose Aldo
Jose Aldo,587.83,05-10-2024,L,S-DEC,Mario Bautista
Roman Dolidze,581.55,05-10-2024,W,KO/TKO,Kevin Holland
Kevin Holland,547.17,05-10-2024,L,KO/TKO,Roman Dolidze
Kayla Harrison,539.31,05-10-2024,W,U-DEC,Ketlen Vieira
Ketlen Vieira,554.26,05-10-2024,L,U-DEC,Kayla Harrison
Joaquin Buckley,605.2,05-10-2024,W,KO/TKO,Stephen Thompson
Stephen Thompson,554.98,05-10-2024,L,KO/TKO,Joaquin Buckley
Iasmin Lucindo,556.72,05-10-2024,W,S-DEC,Marina Rodriguez
Marina Rodriguez,529.7,05-10-2024,L,S-DEC,Iasmin Lucindo
Alexander Hernandez,510.25,05-10-2024,W,S-DEC,Austin Hubbard
Austin Hubbard,464.42,05-10-2024,L,S-DEC,Alexander Hernandez
Cesar Almeida,514.31,05-10-2024,W,U-DEC,Ihor Potieria
Ihor Potieria,455.92,05-10-2024,L,U-DEC,Cesar Almeida
Ryan Spann,542.74,05-10-2024,W,SUB,Ovince Saint Preux
Ovince Saint Preux,513.46,05-10-2024,L,SUB,Ryan Spann
Tecia Pennington,544.38,05-10-2024,W,U-DEC,Carla Esparza
Carla Esparza,570.52,05-10-2024,L,U-DEC,Tecia Pennington
Court McGee,491.19,05-10-2024,W,SUB,Tim Means
Tim Means,494.65,05-10-2024,L,SUB,Court McGee
Brandon Royval,581.97,12-10-2024,W,S-DEC,Tatsuro Taira
Tatsuro Taira,583.72,12-10-2024,L,S-DEC,Brandon Royval
JunYong Park,579.57,12-10-2024,W,S-DEC,Brad Tavares
Brad Tavares,546.97,12-10-2024,L,S-DEC,JunYong Park
Chidi Njokuani,513.24,12-10-2024,W,U-DEC,Jared Gooden
Jared Gooden,463.73,12-10-2024,L,U-DEC,Chidi Njokuani
Grant Dawson,649.7,12-10-2024,W,KO/TKO,Rafa Garcia
Rafa Garcia,514.33,12-10-2024,L,KO/TKO,Grant Dawson
Daniel Rodriguez,562.5,12-10-2024,W,S-DEC,Alex Morono
Alex Morono,549.77,12-10-2024,L,S-DEC,Daniel Rodriguez
Ramazan Temirov,515.52,12-10-2024,W,KO/TKO,CJ Vergara
CJ Vergara,479.49,12-10-2024,L,KO/TKO,Ramazan Temirov
Pat Sabatini,564.64,12-10-2024,W,SUB,Jonathan Pearce
Jonathan Pearce,516.26,12-10-2024,L,SUB,Pat Sabatini
Themba Gorimbo,547.03,12-10-2024,W,U-DEC,Niko Price
Niko Price,524.79,12-10-2024,L,U-DEC,Themba Gorimbo
Junior Tafa,484.64,12-10-2024,W,KO/TKO,Sean Sharaf
Sean Sharaf,482.78,12-10-2024,L,KO/TKO,Junior Tafa
Julia Polastri,501.23,12-10-2024,W,S-DEC,Cory McKenna
Cory McKenna,494.37,12-10-2024,L,S-DEC,Julia Polastri
Cody Haddon,513.75,12-10-2024,W,U-DEC,Dan Argueta
Dan Argueta,441.92,12-10-2024,L,U-DEC,Cody Haddon
Clayton Carpenter,537.21,12-10-2024,W,SUB,Lucas Rocha
Lucas Rocha,481.09,12-10-2024,L,SUB,Clayton Carpenter
Anthony Hernandez,603.13,19-10-2024,W,KO/TKO,Michel Pereira
Michel Pereira,613.47,19-10-2024,L,KO/TKO,Anthony Hernandez
Rob Font,568.22,19-10-2024,W,U-DEC,Kyler Phillips
Kyler Phillips,562.39,19-10-2024,L,U-DEC,Rob Font
Charles Johnson,538.49,19-10-2024,W,U-DEC,Sumudaerji
Sumudaerji,470.4,19-10-2024,L,U-DEC,Charles Johnson
Cameron Smotherman,515.75,19-10-2024,W,U-DEC,Jake Hadley
Jake Hadley,484.23,19-10-2024,L,U-DEC,Cameron Smotherman
Darren Elkins,592.66,19-10-2024,W,U-DEC,Daniel Pineda
Daniel Pineda,485.37,19-10-2024,L,U-DEC,Darren Elkins
Asu Almabayev,569.44,19-10-2024,W,U-DEC,Matheus Nicolau
Matheus Nicolau,536.97,19-10-2024,L,U-DEC,Asu Almabayev
Jean Matsumoto,533.66,19-10-2024,W,U-DEC,Brad Katona
Brad Katona,492.56,19-10-2024,L,U-DEC,Jean Matsumoto
Joselyne Edwards,512.28,19-10-2024,W,SUB,Tamires Vidal
Tamires Vidal,464.04,19-10-2024,L,SUB,Joselyne Edwards
Elise Reed,493.33,19-10-2024,W,U-DEC,Jessica Penne
Jessica Penne,455.02,19-10-2024,L,U-DEC,Elise Reed
Melissa Martinez,499.25,19-10-2024,W,U-DEC,Alice Ardelean
Alice Ardelean,467.75,19-10-2024,L,U-DEC,Melissa Martinez
Austen Lane,472.72,19-10-2024,W,U-DEC,Robelis Despaigne
Robelis Despaigne,480.43,19-10-2024,L,U-DEC,Austen Lane
Ilia Topuria,663.74,26-10-2024,W,KO/TKO,Max Holloway
Max Holloway,686.1,26-10-2024,L,KO/TKO,Ilia Topuria
Khamzat Chimaev,673.72,26-10-2024,W,SUB,Robert Whittaker
Robert Whittaker,651.17,26-10-2024,L,SUB,Khamzat Chimaev
Magomed Ankalaev,658.28,26-10-2024,W,U-DEC,Aleksandar Rakic
Aleksandar Rakic,534.44,26-10-2024,L,U-DEC,Magomed Ankalaev
Lerone Murphy,621.26,26-10-2024,W,U-DEC,Dan Ige
Dan Ige,533.1,26-10-2024,L,U-DEC,Lerone Murphy
Shara Magomedov,565.21,26-10-2024,W,KO/TKO,Armen Petrosyan
Armen Petrosyan,495.89,26-10-2024,L,KO/TKO,Shara Magomedov
Ibo Aslan,529.46,26-10-2024,W,KO/TKO,Rafael Cerqueira
Rafael Cerqueira,484.15,26-10-2024,L,KO/TKO,Ibo Aslan
Geoff Neal,571.94,26-10-2024,W,KO/TKO,Rafael Dos Anjos
Rafael Dos Anjos,572.53,26-10-2024,L,KO/TKO,Geoff Neal
Mateusz Rebecki,551.93,26-10-2024,W,S-DEC,Myktybek Orolbai
Myktybek Orolbai,522.57,26-10-2024,L,S-DEC,Mateusz Rebecki
Abus Magomedov,525.11,26-10-2024,W,SUB,Brunno Ferreira
Brunno Ferreira,510.79,26-10-2024,L,SUB,Abus Magomedov
Kennedy Nzechukwu,528.94,26-10-2024,W,KO/TKO,Chris Barnett
Chris Barnett,482.67,26-10-2024,L,KO/TKO,Kennedy Nzechukwu
Farid Basharat,568.98,26-10-2024,W,U-DEC,Victor Hugo
Victor Hugo,499.67,26-10-2024,L,U-DEC,Farid Basharat
Ismail Naurdiev,521.13,26-10-2024,W,U-DEC,Bruno Silva
Bruno Silva,512.36,26-10-2024,L,U-DEC,Ismail Naurdiev
Rinat Fakhretdinov,591.47,26-10-2024,W,U-DEC,Carlos Leal
Carlos Leal,485.33,26-10-2024,L,U-DEC,Rinat Fakhretdinov
Brandon Moreno,599.35,02-11-2024,W,U-DEC,Amir Albazi
Amir Albazi,571.57,02-11-2024,L,U-DEC,Brandon Moreno
Erin Blanchfield,612.53,02-11-2024,W,U-DEC,Rose Namajunas
Rose Namajunas,590.54,02-11-2024,L,U-DEC,Erin Blanchfield
Brendson Ribeiro,484.91,02-11-2024,W,S-DEC,Caio Machado
Caio Machado,452.32,02-11-2024,L,S-DEC,Brendson Ribeiro
Jasmine Jasudavicius,566.35,02-11-2024,W,SUB,Ariane da Silva
Ariane da Silva,500.28,02-11-2024,L,SUB,Jasmine Jasudavicius
Dustin Stoltzfus,476.99,02-11-2024,W,KO/TKO,Marc-Andre Barriault
Marc-Andre Barriault,458.61,02-11-2024,L,KO/TKO,Dustin Stoltzfus
Mike Malott,556.04,02-11-2024,W,U-DEC,Trevin Giles
Trevin Giles,489.87,02-11-2024,L,U-DEC,Mike Malott
Aiemann Zahabi,568.02,02-11-2024,W,U-DEC,Pedro Munhoz
Pedro Munhoz,502.25,02-11-2024,L,U-DEC,Aiemann Zahabi
Charles Jourdain,518.51,02-11-2024,W,SUB,Victor Henry
Victor Henry,533.67,02-11-2024,L,SUB,Charles Jourdain
Youssef Zalal,556.7,02-11-2024,W,SUB,Jack Shore
Jack Shore,535.29,02-11-2024,L,SUB,Youssef Zalal
Alexandr Romanov,564.28,02-11-2024,W,U-DEC,Rodrigo Nascimento
Rodrigo Nascimento,532.3,02-11-2024,L,U-DEC,Alexandr Romanov
Serhiy Sidey,500.39,02-11-2024,W,S-DEC,Garrett Armfield
Garrett Armfield,476.75,02-11-2024,L,S-DEC,Serhiy Sidey
Cody Gibson,480.5,02-11-2024,W,U-DEC,Chad Anheliger
Chad Anheliger,478.01,02-11-2024,L,U-DEC,Cody Gibson
Jamey-Lyn Horth,513.34,02-11-2024,W,S-DEC,Ivana Petrovic
Ivana Petrovic,485.0,02-11-2024,L,S-DEC,Jamey-Lyn Horth
Carlos Prates,573.06,09-11-2024,W,KO/TKO,Neil Magny
Neil Magny,581.93,09-11-2024,L,KO/TKO,Carlos Prates
Reinier de Ridder,522.08,09-11-2024,W,SUB,Gerald Meerschaert
Gerald Meerschaert,540.52,09-11-2024,L,SUB,Reinier de Ridder
Gaston Bolanos,513.05,09-11-2024,W,U-DEC,Cortavious Romious
Cortavious Romious,484.12,09-11-2024,L,U-DEC,Gaston Bolanos
Gillian Robertson,582.64,09-11-2024,W,U-DEC,Luana Pinheiro
Luana Pinheiro,492.37,09-11-2024,L,U-DEC,Gillian Robertson
Mansur Abdul-Malik,514.85,09-11-2024,W,KO/TKO,Dusko Todorovic
Dusko Todorovic,465.31,09-11-2024,L,KO/TKO,Mansur Abdul-Malik
Denise Gomes,534.08,09-11-2024,W,U-DEC,Karolina Kowalkiewicz
Karolina Kowalkiewicz,499.53,09-11-2024,L,U-DEC,Denise Gomes
Elizeu Zaleski dos Santos,598.05,09-11-2024,W,KO/TKO,Zachary Scroggin
Zachary Scroggin,488.08,09-11-2024,L,KO/TKO,Elizeu Zaleski dos Santos
Charles Radtke,527.71,09-11-2024,W,KO/TKO,Matthew Semelsberger
Matthew Semelsberger,480.1,09-11-2024,L,KO/TKO,Charles Radtke
Da'Mon Blackshear,510.18,09-11-2024,W,SUB,Cody Stamann
Cody Stamann,487.68,09-11-2024,L,SUB,Da'Mon Blackshear
Tresean Gore,508.76,09-11-2024,W,SUB,Antonio Trocoli
Antonio Trocoli,464.3,09-11-2024,L,SUB,Tresean Gore
Melissa Mullins,515.94,09-11-2024,W,KO/TKO,Klaudia Sygula
Klaudia Sygula,484.26,09-11-2024,L,KO/TKO,Melissa Mullins
Jon Jones,842.3,16-11-2024,W,KO/TKO,Stipe Miocic
Stipe Miocic,651.9,16-11-2024,L,KO/TKO,Jon Jones
Charles Oliveira,719.7,16-11-2024,W,U-DEC,Michael Chandler
Michael Chandler,500.69,16-11-2024,L,U-DEC,Charles Oliveira
Bo Nickal,569.22,16-11-2024,W,U-DEC,Paul Craig
Paul Craig,513.0,16-11-2024,L,U-DEC,Bo Nickal
Viviane Araujo,531.82,16-11-2024,W,U-DEC,Karine Silva
Karine Silva,557.44,16-11-2024,L,U-DEC,Viviane Araujo
Mauricio Ruffy,530.1,16-11-2024,W,U-DEC,James Llontop
James Llontop,450.8,16-11-2024,L,U-DEC,Mauricio Ruffy
Marcus McGhee,568.66,16-11-2024,W,U-DEC,Jonathan Martinez
Jonathan Martinez,579.12,16-11-2024,L,U-DEC,Marcus McGhee
Jim Miller,595.58,16-11-2024,W,SUB,Damon Jackson
Damon Jackson,517.5,16-11-2024,L,SUB,Jim Miller
David Onama,552.43,16-11-2024,W,U-DEC,Roberto Romero
Roberto Romero,484.58,16-11-2024,L,U-DEC,David Onama
Marcin Tybura,586.75,16-11-2024,W,KO/TKO,Jhonata Diniz
Jhonata Diniz,518.38,16-11-2024,L,KO/TKO,Marcin Tybura
Ramiz Brahimaj,504.42,16-11-2024,W,KO/TKO,Mickey Gall
Mickey Gall,484.12,16-11-2024,L,KO/TKO,Ramiz Brahimaj
Oban Elliott,546.84,16-11-2024,W,KO/TKO,Bassil Hafez
Bassil Hafez,486.68,16-11-2024,L,KO/TKO,Oban Elliott
Eduarda Moura,515.1,16-11-2024,W,U-DEC,Veronica Hardy
Veronica Hardy,498.85,16-11-2024,L,U-DEC,Eduarda Moura
Petr Yan,603.21,23-11-2024,W,U-DEC,Deiveson Figueiredo
Deiveson Figueiredo,641.96,23-11-2024,L,U-DEC,Petr Yan
Yan Xiaonan,588.06,23-11-2024,W,U-DEC,Tabatha Ricci
Tabatha Ricci,552.86,23-11-2024,L,U-DEC,Yan Xiaonan
Muslim Salikhov,573.57,23-11-2024,W,KO/TKO,Song Kenan
Song Kenan,505.28,23-11-2024,L,KO/TKO,Muslim Salikhov
Gabriella Fernandes,507.26,23-11-2024,W,SUB,Wang Cong
Wang Cong,492.81,23-11-2024,L,SUB,Gabriella Fernandes
Carlos Ulberg,608.79,23-11-2024,W,U-DEC,Volkan Oezdemir
Volkan Oezdemir,529.35,23-11-2024,L,U-DEC,Carlos Ulberg
Zhang Mingyang,531.5,23-11-2024,W,KO/TKO,Ozzy Diaz
Ozzy Diaz,484.25,23-11-2024,L,KO/TKO,Zhang Mingyang
SuYoung You,515.75,23-11-2024,W,U-DEC,Baergeng Jieleyisi
Baergeng Jieleyisi,484.25,23-11-2024,L,U-DEC,SuYoung You
DongHun Choi,515.75,23-11-2024,W,KO/TKO,Kiru Sahota
Kiru Sahota,484.25,23-11-2024,L,KO/TKO,DongHun Choi
Shi Ming,515.75,23-11-2024,W,KO/TKO,Feng Xiaocan
Feng Xiaocan,484.25,23-11-2024,L,KO/TKO,Shi Ming
Carlos Hernandez,495.43,23-11-2024,W,S-DEC,Nyamjargal Tumendemberel
Nyamjargal Tumendemberel,483.29,23-11-2024,L,S-DEC,Carlos Hernandez
Lone'er Kavanagh,515.75,23-11-2024,W,U-DEC,Jose Ochoa
Jose Ochoa,484.25,23-11-2024,L,U-DEC,Lone'er Kavanagh
Xiao Long,500.16,23-11-2024,W,KO/TKO,Quang Le
Quang Le,471.97,23-11-2024,L,KO/TKO,Xiao Long
Nikolas Motta,532.06,23-11-2024,W,U-DEC,Maheshate
Maheshate,483.06,23-11-2024,L,U-DEC,Nikolas Motta
Alexandre Pantoja,664.39,07-12-2024,W,SUB,Kai Asakura
Kai Asakura,485.46,07-12-2024,L,SUB,Alexandre Pantoja
Shavkat Rakhmonov,657.01,07-12-2024,W,U-DEC,Ian Machado Garry
Ian Machado Garry,617.85,07-12-2024,L,U-DEC,Shavkat Rakhmonov
Ciryl Gane,647.59,07-12-2024,W,S-DEC,Alexander Volkov
Alexander Volkov,612.06,07-12-2024,L,S-DEC,Ciryl Gane
Bryce Mitchell,588.62,07-12-2024,W,KO/TKO,Kron Gracie
Kron Gracie,475.84,07-12-2024,L,KO/TKO,Bryce Mitchell
Dooho Choi,532.87,07-12-2024,W,KO/TKO,Nate Landwehr
Nate Landwehr,524.41,07-12-2024,L,KO/TKO,Dooho Choi
Dominick Reyes,574.41,07-12-2024,W,KO/TKO,Anthony Smith
Anthony Smith,543.73,07-12-2024,L,KO/TKO,Dominick Reyes
Vicente Luque,644.23,07-12-2024,W,SUB,Themba Gorimbo
Themba Gorimbo,532.16,07-12-2024,L,SUB,Vicente Luque
Movsar Evloev,667.85,07-12-2024,W,U-DEC,Aljamain Sterling
Aljamain Sterling,678.0,07-12-2024,L,U-DEC,Movsar Evloev
Bryan Battle,583.41,07-12-2024,W,S-DEC,Randy Brown
Randy Brown,605.24,07-12-2024,L,S-DEC,Bryan Battle
Eryk Anders,510.42,07-12-2024,W,KO/TKO,Chris Weidman
Chris Weidman,568.16,07-12-2024,L,KO/TKO,Eryk Anders
Joshua Van,555.36,07-12-2024,W,U-DEC,Cody Durden
Cody Durden,510.53,07-12-2024,L,U-DEC,Joshua Van
Michael Chiesa,599.81,07-12-2024,W,SUB,Max Griffin
Max Griffin,509.62,07-12-2024,L,SUB,Michael Chiesa
Chase Hooper,569.06,07-12-2024,W,SUB,Clay Guida
Clay Guida,474.32,07-12-2024,L,SUB,Chase Hooper
Kennedy Nzechukwu,542.16,07-12-2024,W,KO/TKO,Lukasz Brzeski
Lukasz Brzeski,445.76,07-12-2024,L,KO/TKO,Kennedy Nzechukwu
Joaquin Buckley,626.28,14-12-2024,W,KO/TKO,Colby Covington
Colby Covington,612.34,14-12-2024,L,KO/TKO,Joaquin Buckley
Cub Swanson,556.06,14-12-2024,W,KO/TKO,Billy Quarantillo
Billy Quarantillo,510.8,14-12-2024,L,KO/TKO,Cub Swanson
Manel Kape,540.02,14-12-2024,W,KO/TKO,Bruno Silva
Bruno Silva,497.18,14-12-2024,L,KO/TKO,Manel Kape
Dustin Jacoby,535.78,14-12-2024,W,KO/TKO,Vitor Petrino
Vitor Petrino,528.92,14-12-2024,L,KO/TKO,Dustin Jacoby
Daniel Marcos,553.35,14-12-2024,W,S-DEC,Adrian Yanez
Adrian Yanez,538.74,14-12-2024,L,S-DEC,Daniel Marcos
Navajo Stirling,514.87,14-12-2024,W,U-DEC,Tuco Tokkos
Tuco Tokkos,465.76,14-12-2024,L,U-DEC,Navajo Stirling
Michael Johnson,510.5,14-12-2024,W,KO/TKO,Ottman Azaitar
Ottman Azaitar,481.03,14-12-2024,L,KO/TKO,Michael Johnson
Joel Alvarez,590.66,14-12-2024,W,KO/TKO,Drakkar Klose
Drakkar Klose,586.74,14-12-2024,L,KO/TKO,Joel Alvarez
Sean Woodson,592.86,14-12-2024,W,KO/TKO,Fernando Padilla
Fernando Padilla,501.36,14-12-2024,L,KO/TKO,Sean Woodson
Felipe Lima,540.07,14-12-2024,W,U-DEC,Miles Johns
Miles Johns,547.48,14-12-2024,L,U-DEC,Felipe Lima
Miranda Maverick,580.07,14-12-2024,W,U-DEC,Jamey-Lyn Horth
Jamey-Lyn Horth,497.98,14-12-2024,L,U-DEC,Miranda Maverick
Davey Grant,523.31,14-12-2024,W,U-DEC,Ramon Taveras
Ramon Taveras,499.61,14-12-2024,L,U-DEC,Davey Grant
Piera Rodriguez,512.37,14-12-2024,W,U-DEC,Josefine Knutsson
Josefine Knutsson,514.1,14-12-2024,L,U-DEC,Piera Rodriguez
Mackenzie Dern,581.18,11-01-2025,W,SUB,Amanda Ribas
Amanda Ribas,530.14,11-01-2025,L,SUB,Mackenzie Dern
Santiago Ponzinibbio,577.59,11-01-2025,W,KO/TKO,Carlston Harris
Carlston Harris,523.03,11-01-2025,L,KO/TKO,Santiago Ponzinibbio
Cesar Almeida,528.99,11-01-2025,W,KO/TKO,Abdul Razak Alhassan
Abdul Razak Alhassan,461.17,11-01-2025,L,KO/TKO,Cesar Almeida
Roman Kopylov,547.05,11-01-2025,W,KO/TKO,Chris Curtis
Chris Curtis,534.54,11-01-2025,L,KO/TKO,Roman Kopylov
Christian Rodriguez,548.61,11-01-2025,W,U-DEC,Austin Bashi
Austin Bashi,485.81,11-01-2025,L,U-DEC,Christian Rodriguez
Punahele Soriano,510.24,11-01-2025,W,KO/TKO,Uros Medic
Uros Medic,506.36,11-01-2025,L,KO/TKO,Punahele Soriano
Felipe Bunes,503.55,11-01-2025,W,SUB,Jose Johnson
Jose Johnson,464.67,11-01-2025,L,SUB,Felipe Bunes
Marco Tulio,513.76,11-01-2025,W,KO/TKO,Ihor Potieria
Ihor Potieria,442.16,11-01-2025,L,KO/TKO,Marco Tulio
Thiago Moises,538.14,11-01-2025,W,U-DEC,Trey Ogden
Trey Ogden,488.2,11-01-2025,L,U-DEC,Thiago Moises
Jacobe Smith,515.2,11-01-2025,W,KO/TKO,Preston Parsons
Preston Parsons,472.57,11-01-2025,L,KO/TKO,Jacobe Smith
Ernesta Kareckaite,500.71,11-01-2025,W,S-DEC,Nicolle Caliari
Nicolle Caliari,483.54,11-01-2025,L,S-DEC,Ernesta Kareckaite
Bruno Lopes,516.43,11-01-2025,W,U-DEC,Magomed Gadzhiyasulov
Magomed Gadzhiyasulov,498.61,11-01-2025,L,U-DEC,Bruno Lopes
Fatima Kline,501.88,11-01-2025,W,KO/TKO,Viktoriia Dudakova
Viktoriia Dudakova,492.22,11-01-2025,L,KO/TKO,Fatima Kline
Nurullo Aliev,532.93,11-01-2025,W,U-DEC,Joe Solecki
Joe Solecki,520.83,11-01-2025,L,U-DEC,Nurullo Aliev
Islam Makhachev,801.49,18-01-2025,W,SUB,Renato Moicano
Renato Moicano,608.01,18-01-2025,L,SUB,Islam Makhachev
Merab Dvalishvili,698.69,18-01-2025,W,U-DEC,Umar Nurmagomedov
Umar Nurmagomedov,594.96,18-01-2025,L,U-DEC,Merab Dvalishvili
Jiri Prochazka,567.54,18-01-2025,W,KO/TKO,Jamahal Hill
Jamahal Hill,545.33,18-01-2025,L,KO/TKO,Jiri Prochazka
Jailton Almeida,630.76,18-01-2025,W,KO/TKO,Serghei Spivac
Serghei Spivac,568.19,18-01-2025,L,KO/TKO,Jailton Almeida
Reinier de Ridder,543.84,18-01-2025,W,SUB,Kevin Holland
Kevin Holland,525.41,18-01-2025,L,SUB,Reinier de Ridder
Raoni Barcelos,556.55,18-01-2025,W,U-DEC,Payton Talbott
Payton Talbott,532.67,18-01-2025,L,U-DEC,Raoni Barcelos
Azamat Bekoev,516.48,18-01-2025,W,KO/TKO,Zachary Reese
Zachary Reese,499.55,18-01-2025,L,KO/TKO,Azamat Bekoev
Bogdan Guskov,535.52,18-01-2025,W,SUB,Billy Elekana
Billy Elekana,480.06,18-01-2025,L,SUB,Bogdan Guskov
Grant Dawson,664.02,18-01-2025,W,U-DEC,Diego Ferreira
Diego Ferreira,575.81,18-01-2025,L,U-DEC,Grant Dawson
Ailin Perez,567.97,18-01-2025,W,U-DEC,Karol Rosa
Karol Rosa,532.21,18-01-2025,L,U-DEC,Ailin Perez
Muin Gafurov,509.17,18-01-2025,W,U-DEC,Rinya Nakamura
Rinya Nakamura,526.63,18-01-2025,L,U-DEC,Muin Gafurov
Benardo Sopaj,500.4,18-01-2025,W,U-DEC,Ricky Turcios
Ricky Turcios,476.88,18-01-2025,L,U-DEC,Benardo Sopaj
Tagir Ulanbekov,570.06,18-01-2025,W,U-DEC,Clayton Carpenter
Clayton Carpenter,520.77,18-01-2025,L,U-DEC,Tagir Ulanbekov
Nassourdine Imavov,603.23,01-02-2025,W,KO/TKO,Israel Adesanya
Israel Adesanya,616.72,01-02-2025,L,KO/TKO,Nassourdine Imavov
Michael Page,522.28,01-02-2025,W,U-DEC,Shara Magomedov
Shara Magomedov,546.7,01-02-2025,L,U-DEC,Michael Page
Sergei Pavlovich,585.72,01-02-2025,W,U-DEC,Jairzinho Rozenstruik
Jairzinho Rozenstruik,548.27,01-02-2025,L,U-DEC,Sergei Pavlovich
Vinicius Oliveira,554.76,01-02-2025,W,U-DEC,Said Nurmagomedov
Said Nurmagomedov,563.62,01-02-2025,L,U-DEC,Vinicius Oliveira
Fares Ziam,581.45,01-02-2025,W,U-DEC,Mike Davis
Mike Davis,534.68,01-02-2025,L,U-DEC,Fares Ziam
Muhammad Naimov,542.98,01-02-2025,W,U-DEC,Kaan Ofli
Kaan Ofli,470.53,01-02-2025,L,U-DEC,Muhammad Naimov
Shamil Gaziev,534.35,01-02-2025,W,KO/TKO,Thomas Petersen
Thomas Petersen,486.19,01-02-2025,L,KO/TKO,Shamil Gaziev
Terrance McKinney,526.93,01-02-2025,W,KO/TKO,Damir Hadzovic
Damir Hadzovic,471.58,01-02-2025,L,KO/TKO,Terrance McKinney
Jasmine Jasudavicius,582.89,01-02-2025,W,U-DEC,Mayra Bueno Silva
Mayra Bueno Silva,521.49,01-02-2025,L,U-DEC,Jasmine Jasudavicius
Bogdan Grad,514.82,01-02-2025,W,KO/TKO,Lucas Alexander
Lucas Alexander,464.65,01-02-2025,L,KO/TKO,Bogdan Grad
Hamdy Abdelwahab,530.64,01-02-2025,W,S-DEC,Jamal Pogues
Jamal Pogues,499.14,01-02-2025,L,S-DEC,Hamdy Abdelwahab
Dricus Du Plessis,687.98,08-02-2025,W,U-DEC,Sean Strickland
Sean Strickland,616.8,08-02-2025,L,U-DEC,Dricus Du Plessis
Zhang Weili,650.87,08-02-2025,W,U-DEC,Tatiana Suarez
Tatiana Suarez,612.63,08-02-2025,L,U-DEC,Zhang Weili
Tallison Teixeira,516.43,08-02-2025,W,KO/TKO,Justin Tafa
Justin Tafa,498.5,08-02-2025,L,KO/TKO,Tallison Teixeira
Jimmy Crute,503.09,08-02-2025,L,M-DEC,Rodolfo Bellato
Rodolfo Bellato,514.52,08-02-2025,W,M-DEC,Jimmy Crute
Jake Matthews,584.94,08-02-2025,W,U-DEC,Francisco Prado
Francisco Prado,472.14,08-02-2025,L,U-DEC,Jake Matthews
Gabriel Santos,508.24,08-02-2025,W,SUB,Jack Jenkins
Jack Jenkins,506.09,08-02-2025,L,SUB,Gabriel Santos
Tom Nolan,531.47,08-02-2025,W,U-DEC,Viacheslav Borshchev
Viacheslav Borshchev,480.18,08-02-2025,L,U-DEC,Tom Nolan
Wang Cong,508.98,08-02-2025,W,U-DEC,Bruna Brasil
Bruna Brasil,485.94,08-02-2025,L,U-DEC,Wang Cong
Aleksandre Topuria,515.75,08-02-2025,W,U-DEC,Colby Thicknesse
Colby Thicknesse,484.25,08-02-2025,L,U-DEC,Aleksandre Topuria
Rongzhu,482.62,08-02-2025,W,U-DEC,Kody Steele
Kody Steele,482.68,08-02-2025,L,U-DEC,Rongzhu
Jonathan Micallef,516.62,08-02-2025,W,U-DEC,Kevin Jousset
Kevin Jousset,502.56,08-02-2025,L,U-DEC,Jonathan Micallef
Quillan Salkilld,515.63,08-02-2025,W,KO/TKO,Anshul Jubli
Anshul Jubli,481.65,08-02-2025,L,KO/TKO,Quillan Salkilld
Jared Cannonier,576.78,15-02-2025,W,KO/TKO,Gregory Rodrigues
Gregory Rodrigues,561.29,15-02-2025,L,KO/TKO,Jared Cannonier
Youssef Zalal,573.45,15-02-2025,W,U-DEC,Calvin Kattar
Calvin Kattar,515.76,15-02-2025,L,U-DEC,Youssef Zalal
Edmen Shahbazyan,526.13,15-02-2025,W,KO/TKO,Dylan Budka
Dylan Budka,457.43,15-02-2025,L,KO/TKO,Edmen Shahbazyan
Nazim Sadykhov,550.01,15-02-2025,W,KO/TKO,Ismael Bonfim
Ismael Bonfim,498.75,15-02-2025,L,KO/TKO,Nazim Sadykhov
Andre Petroski,590.09,15-02-2025,W,U-DEC,Rodolfo Vieira
Rodolfo Vieira,538.21,15-02-2025,L,U-DEC,Andre Petroski
Jose Delgado,514.97,15-02-2025,W,KO/TKO,Connor Matthews
Connor Matthews,467.84,15-02-2025,L,KO/TKO,Jose Delgado
Angela Hill,516.89,15-02-2025,W,S-DEC,Ketlen Souza
Ketlen Souza,502.18,15-02-2025,L,S-DEC,Angela Hill
Rafael Estevam,532.31,15-02-2025,W,U-DEC,Jesus Aguilar
Jesus Aguilar,515.15,15-02-2025,L,U-DEC,Rafael Estevam
Gabriel Bonfim,561.73,15-02-2025,W,SUB,Khaos Williams
Khaos Williams,543.69,15-02-2025,L,SUB,Gabriel Bonfim
Elijah Smith,513.94,15-02-2025,W,U-DEC,Vince Morales
Vince Morales,446.02,15-02-2025,L,U-DEC,Elijah Smith
Valter Walker,520.55,15-02-2025,W,SUB,Don'Tale Mayes
Don'Tale Mayes,455.52,15-02-2025,L,SUB,Valter Walker
Jacqueline Cavalcanti,564.11,15-02-2025,W,U-DEC,Julia Avila
Julia Avila,492.25,15-02-2025,L,U-DEC,Jacqueline Cavalcanti
Song Yadong,623.84,22-02-2025,W,U-DEC,Henry Cejudo
Henry Cejudo,591.54,22-02-2025,L,U-DEC,Song Yadong
Anthony Hernandez,626.27,22-02-2025,W,U-DEC,Brendan Allen
Brendan Allen,629.92,22-02-2025,L,U-DEC,Anthony Hernandez
Rob Font,583.08,22-02-2025,W,S-DEC,Jean Matsumoto
Jean Matsumoto,518.8,22-02-2025,L,S-DEC,Rob Font
Jean Silva,566.6,22-02-2025,W,KO/TKO,Melsik Baghdasaryan
Melsik Baghdasaryan,507.48,22-02-2025,L,KO/TKO,Jean Silva
Alonzo Menifield,559.77,22-02-2025,W,S-DEC,Julius Walker
Julius Walker,486.33,22-02-2025,L,S-DEC,Alonzo Menifield
Ion Cutelaba,496.06,22-02-2025,W,SUB,Ibo Aslan
Ibo Aslan,505.86,22-02-2025,L,SUB,Ion Cutelaba
Melquizael Costa,523.18,22-02-2025,W,SUB,Andre Fili
Andre Fili,493.09,22-02-2025,L,SUB,Melquizael Costa
Mansur Abdul-Malik,530.65,22-02-2025,W,KO/TKO,Nick Klein
Nick Klein,484.2,22-02-2025,L,KO/TKO,Mansur Abdul-Malik
Ricky Simon,571.68,22-02-2025,W,KO/TKO,Javid Basharat
Javid Basharat,500.95,22-02-2025,L,KO/TKO,Ricky Simon
Austin Vanderford,515.04,22-02-2025,W,KO/TKO,Nikolay Veretennikov
Nikolay Veretennikov,469.2,22-02-2025,L,KO/TKO,Austin Vanderford
Nursulton Ruziboev,531.79,22-02-2025,W,KO/TKO,Eric McConico
Eric McConico,485.01,22-02-2025,L,KO/TKO,Nursulton Ruziboev
Modestas Bukauskas,522.43,22-02-2025,W,KO/TKO,Rafael Cerqueira
Rafael Cerqueira,468.73,22-02-2025,L,KO/TKO,Modestas Bukauskas
Manel Kape,557.91,01-03-2025,W,KO/TKO,Asu Almabayev
Asu Almabayev,551.55,01-03-2025,L,KO/TKO,Manel Kape
Cody Brundage,515.67,01-03-2025,W,KO/TKO,Julian Marquez
Julian Marquez,470.22,01-03-2025,L,KO/TKO,Cody Brundage
Nasrat Haqparast,598.23,01-03-2025,W,S-DEC,Esteban Ribovics
Esteban Ribovics,520.29,01-03-2025,L,S-DEC,Nasrat Haqparast
Hyder Amil,550.06,01-03-2025,W,S-DEC,William Gomis
William Gomis,548.49,01-03-2025,L,S-DEC,Hyder Amil
Sam Patterson,540.02,01-03-2025,W,KO/TKO,Danny Barlow
Danny Barlow,513.75,01-03-2025,L,KO/TKO,Sam Patterson
Mario Pinto,514.52,01-03-2025,W,KO/TKO,Austen Lane
Austen Lane,458.2,01-03-2025,L,KO/TKO,Mario Pinto
Chepe Mariscal,584.66,01-03-2025,W,U-DEC,Ricardo Ramos
Ricardo Ramos,511.1,01-03-2025,L,U-DEC,Chepe Mariscal
Danny Silva,532.36,01-03-2025,W,S-DEC,Lucas Almeida
Lucas Almeida,483.12,01-03-2025,L,S-DEC,Danny Silva
JJ Aldrich,541.09,01-03-2025,W,U-DEC,Andrea Lee
Andrea Lee,445.2,01-03-2025,L,U-DEC,JJ Aldrich
Ramazan Temirov,533.11,01-03-2025,W,U-DEC,Charles Johnson
Charles Johnson,520.9,01-03-2025,L,U-DEC,Ramazan Temirov
Magomed Ankalaev,680.24,08-03-2025,W,U-DEC,Alex Pereira
Alex Pereira,627.99,08-03-2025,L,U-DEC,Magomed Ankalaev
Justin Gaethje,605.45,08-03-2025,W,U-DEC,Rafael Fiziev
Rafael Fiziev,548.35,08-03-2025,L,U-DEC,Justin Gaethje
Ignacio Bahamondes,572.67,08-03-2025,W,SUB,Jalin Turner
Jalin Turner,526.93,08-03-2025,L,SUB,Ignacio Bahamondes
Amanda Lemos,577.13,08-03-2025,W,U-DEC,Iasmin Lucindo
Iasmin Lucindo,541.19,08-03-2025,L,U-DEC,Amanda Lemos
Mauricio Ruffy,547.62,08-03-2025,W,KO/TKO,King Green
King Green,518.1,08-03-2025,L,KO/TKO,Mauricio Ruffy
Joshua Van,570.64,08-03-2025,W,U-DEC,Rei Tsuruya
Rei Tsuruya,500.21,08-03-2025,L,U-DEC,Joshua Van
Brunno Ferreira,529.03,08-03-2025,W,SUB,Armen Petrosyan
Armen Petrosyan,477.65,08-03-2025,L,SUB,Brunno Ferreira
Carlos Leal,503.97,08-03-2025,W,KO/TKO,Alex Morono
Alex Morono,531.13,08-03-2025,L,KO/TKO,Carlos Leal
Mairon Santos,531.41,08-03-2025,W,S-DEC,Francis Marshall
Francis Marshall,482.43,08-03-2025,L,S-DEC,Mairon Santos
Ozzy Diaz,500.71,08-03-2025,W,U-DEC,Djorden Santos
Djorden Santos,483.54,08-03-2025,L,U-DEC,Ozzy Diaz
Roman Dolidze,598.93,15-03-2025,W,U-DEC,Marvin Vettori
Marvin Vettori,566.79,15-03-2025,L,U-DEC,Roman Dolidze
Chidi Njokuani,534.62,15-03-2025,W,KO/TKO,Elizeu Zaleski dos Santos
Elizeu Zaleski dos Santos,576.67,15-03-2025,L,KO/TKO,Chidi Njokuani
Alexander Hernandez,524.56,15-03-2025,W,U-DEC,Kurt Holobaugh
Kurt Holobaugh,449.64,15-03-2025,L,U-DEC,Alexander Hernandez
Da'Mon Blackshear,528.44,15-03-2025,W,SUB,Cody Gibson
Cody Gibson,462.24,15-03-2025,L,SUB,Da'Mon Blackshear
Brendson Ribeiro,505.74,15-03-2025,W,SUB,Diyar Nurgozhay
Diyar Nurgozhay,479.17,15-03-2025,L,SUB,Brendson Ribeiro
Kevin Vallejos,514.28,15-03-2025,W,KO/TKO,SeungWoo Choi
SeungWoo Choi,453.18,15-03-2025,L,KO/TKO,Kevin Vallejos
Waldo Cortes-Acosta,574.02,15-03-2025,W,KO/TKO,Ryan Spann
Ryan Spann,525.46,15-03-2025,L,KO/TKO,Waldo Cortes-Acosta
SuYoung You,530.73,15-03-2025,W,U-DEC,AJ Cunningham
AJ Cunningham,468.71,15-03-2025,L,U-DEC,SuYoung You
Carlos Vera,504.49,15-03-2025,W,SUB,Josias Musasa
Josias Musasa,479.75,15-03-2025,L,SUB,Carlos Vera
Sam Hughes,512.26,15-03-2025,W,S-DEC,Stephanie Luciano
Stephanie Luciano,498.93,15-03-2025,L,S-DEC,Sam Hughes
Andre Lima,565.42,15-03-2025,W,SUB,Daniel Barez
Daniel Barez,477.18,15-03-2025,L,SUB,Andre Lima
Priscila Cachoeira,484.74,15-03-2025,W,KO/TKO,Josiane Nunes
Josiane Nunes,493.94,15-03-2025,L,KO/TKO,Priscila Cachoeira
Carli Judice,499.35,15-03-2025,W,KO/TKO,Yuneisy Duben
Yuneisy Duben,483.47,15-03-2025,L,KO/TKO,Carli Judice
Sean Brady,641.24,22-03-2025,W,SUB,Leon Edwards
Leon Edwards,680.2,22-03-2025,L,SUB,Sean Brady
Carlos Ulberg,629.79,22-03-2025,W,U-DEC,Jan Blachowicz
Jan Blachowicz,587.84,22-03-2025,L,U-DEC,Carlos Ulberg
Kevin Holland,544.12,22-03-2025,W,U-DEC,Gunnar Nelson
Gunnar Nelson,572.8,22-03-2025,L,U-DEC,Kevin Holland
Alexia Thainara,519.29,22-03-2025,W,SUB,Molly McCann
Molly McCann,479.32,22-03-2025,L,SUB,Alexia Thainara
Chris Duncan,547.52,22-03-2025,W,SUB,Jordan Vucenic
Jordan Vucenic,466.22,22-03-2025,L,SUB,Chris Duncan
Nathaniel Wood,588.66,22-03-2025,W,U-DEC,Morgan Charriere
Morgan Charriere,501.57,22-03-2025,L,U-DEC,Nathaniel Wood
Chris Padilla,549.14,22-03-2025,W,S-DEC,Jai Herbert
Jai Herbert,476.03,22-03-2025,L,S-DEC,Chris Padilla
Lone'er Kavanagh,530.75,22-03-2025,W,U-DEC,Felipe dos Santos
Felipe dos Santos,468.99,22-03-2025,L,U-DEC,Lone'er Kavanagh
Marcin Tybura,602.18,22-03-2025,W,U-DEC,Mick Parkin
Mick Parkin,548.7,22-03-2025,L,U-DEC,Marcin Tybura
Christian Leroy Duncan,527.91,22-03-2025,W,U-DEC,Andrey Pulyaev
Andrey Pulyaev,484.83,22-03-2025,L,U-DEC,Christian Leroy Duncan
Shauna Bannon,520.84,22-03-2025,W,SUB,Puja Tomar
Puja Tomar,494.21,22-03-2025,L,SUB,Shauna Bannon
Caolan Loughran,502.12,22-03-2025,W,S-DEC,Nathan Fletcher
Nathan Fletcher,501.76,22-03-2025,L,S-DEC,Caolan Loughran
Kaue Fernandes,515.9,22-03-2025,W,U-DEC,Guram Kutateladze
Guram Kutateladze,483.82,22-03-2025,L,U-DEC,Kaue Fernandes
Brandon Moreno,612.07,29-03-2025,W,U-DEC,Steve Erceg
Steve Erceg,505.57,29-03-2025,L,U-DEC,Brandon Moreno
Manuel Torres,549.79,29-03-2025,W,KO/TKO,Drew Dober
Drew Dober,522.48,29-03-2025,L,KO/TKO,Manuel Torres
Edgar Chairez,492.06,29-03-2025,W,SUB,CJ Vergara
CJ Vergara,459.72,29-03-2025,L,SUB,Edgar Chairez
Raul Rosas Jr.,564.31,29-03-2025,W,U-DEC,Vince Morales
Vince Morales,433.33,29-03-2025,L,U-DEC,Raul Rosas Jr.
David Martinez,514.35,29-03-2025,W,KO/TKO,Saimon Oliveira
Saimon Oliveira,454.78,29-03-2025,L,KO/TKO,David Martinez
Kevin Borjas,487.02,29-03-2025,W,U-DEC,Ronaldo Rodriguez
Ronaldo Rodriguez,513.07,29-03-2025,L,U-DEC,Kevin Borjas
Ateba Gautier,515.0,29-03-2025,W,KO/TKO,Jose Daniel Medina
Jose Daniel Medina,468.48,29-03-2025,L,KO/TKO,Ateba Gautier
Melquizael Costa,541.69,29-03-2025,W,U-DEC,Christian Rodriguez
Christian Rodriguez,530.1,29-03-2025,L,U-DEC,Melquizael Costa
Loopy Godinez,550.67,29-03-2025,W,U-DEC,Julia Polastri
Julia Polastri,487.07,29-03-2025,L,U-DEC,Loopy Godinez
Rafa Garcia,531.26,29-03-2025,W,U-DEC,Vinc Pichel
Vinc Pichel,523.56,29-03-2025,L,U-DEC,Rafa Garcia
Jamall Emmers,499.51,29-03-2025,W,KO/TKO,Gabriel Miranda
Gabriel Miranda,470.59,29-03-2025,L,KO/TKO,Jamall Emmers
MarQuel Mederos,529.18,29-03-2025,W,S-DEC,Austin Hubbard
Austin Hubbard,450.31,29-03-2025,L,S-DEC,MarQuel Mederos
Lerone Murphy,640.7,05-04-2025,W,U-DEC,Josh Emmett
Josh Emmett,576.03,05-04-2025,L,U-DEC,Lerone Murphy
Pat Sabatini,580.98,05-04-2025,W,U-DEC,Joanderson Brito
Joanderson Brito,544.91,05-04-2025,L,U-DEC,Pat Sabatini
ChangHo Lee,530.75,05-04-2025,W,KO/TKO,Cortavious Romious
Cortavious Romious,469.12,05-04-2025,L,KO/TKO,ChangHo Lee
Brad Tavares,562.43,05-04-2025,W,U-DEC,Gerald Meerschaert
Gerald Meerschaert,525.06,05-04-2025,L,U-DEC,Brad Tavares
Ode Osbourne,475.63,05-04-2025,W,KO/TKO,Luis Gurule
Luis Gurule,482.35,05-04-2025,L,KO/TKO,Ode Osbourne
Torrez Finney,515.04,05-04-2025,W,S-DEC,Robert Valentin
Robert Valentin,469.21,05-04-2025,L,S-DEC,Torrez Finney
Dione Barbosa,516.6,05-04-2025,W,SUB,Diana Belbita
Diana Belbita,430.83,05-04-2025,L,SUB,Dione Barbosa
Rhys McKee,459.38,05-04-2025,W,KO/TKO,Daniel Frunza
Daniel Frunza,481.6,05-04-2025,L,KO/TKO,Rhys McKee
Loma Lookboonmee,570.91,05-04-2025,W,U-DEC,Istela Nunes
Istela Nunes,424.02,05-04-2025,L,U-DEC,Loma Lookboonmee
Victor Henry,547.19,05-04-2025,W,U-DEC,Pedro Falcao
Pedro Falcao,470.73,05-04-2025,L,U-DEC,Victor Henry
Martin Buday,573.38,05-04-2025,W,U-DEC,Uran Satybaldiev
Uran Satybaldiev,486.31,05-04-2025,L,U-DEC,Martin Buday
Talita Alencar,516.17,05-04-2025,W,U-DEC,Vanessa Demopoulos
Vanessa Demopoulos,507.32,05-04-2025,L,U-DEC,Talita Alencar
Alexander Volkanovski,688.0,12-04-2025,W,U-DEC,Diego Lopes
Diego Lopes,575.12,12-04-2025,L,U-DEC,Alexander Volkanovski
Paddy Pimblett,628.0,12-04-2025,W,KO/TKO,Michael Chandler
Michael Chandler,486.83,12-04-2025,L,KO/TKO,Paddy Pimblett
Yair Rodriguez,601.36,12-04-2025,W,U-DEC,Patricio Freire
Patricio Freire,488.22,12-04-2025,L,U-DEC,Yair Rodriguez
Jean Silva,590.72,12-04-2025,W,SUB,Bryce Mitchell
Bryce Mitchell,564.5,12-04-2025,L,SUB,Jean Silva
Dominick Reyes,591.51,12-04-2025,W,KO/TKO,Nikita Krylov
Nikita Krylov,554.25,12-04-2025,L,KO/TKO,Dominick Reyes
Dan Ige,551.53,12-04-2025,W,KO/TKO,Sean Woodson
Sean Woodson,574.43,12-04-2025,L,KO/TKO,Dan Ige
Virna Jandiroba,604.63,12-04-2025,W,U-DEC,Yan Xiaonan
Yan Xiaonan,569.19,12-04-2025,L,U-DEC,Virna Jandiroba
Chase Hooper,589.24,12-04-2025,W,U-DEC,Jim Miller
Jim Miller,575.4,12-04-2025,L,U-DEC,Chase Hooper
Julian Erosa,565.37,12-04-2025,W,KO/TKO,Darren Elkins
Darren Elkins,573.1,12-04-2025,L,KO/TKO,Julian Erosa
Michal Oleksiejczuk,503.58,12-04-2025,W,KO/TKO,Sedriques Dumas
Sedriques Dumas,492.31,12-04-2025,L,KO/TKO,Michal Oleksiejczuk
Sumudaerji,486.78,12-04-2025,W,S-DEC,Mitch Raposo
Mitch Raposo,467.87,12-04-2025,L,S-DEC,Sumudaerji
Marco Tulio,530.02,12-04-2025,W,KO/TKO,Tresean Gore
Tresean Gore,492.5,12-04-2025,L,KO/TKO,Marco Tulio
Nora Cornolle,533.44,12-04-2025,W,SUB,Hailey Cowan
Hailey Cowan,466.94,12-04-2025,L,SUB,Nora Cornolle
Ian Machado Garry,631.58,26-04-2025,W,U-DEC,Carlos Prates
Carlos Prates,559.33,26-04-2025,L,U-DEC,Ian Machado Garry
Zhang Mingyang,549.36,26-04-2025,W,KO/TKO,Anthony Smith
Anthony Smith,525.87,26-04-2025,L,KO/TKO,Zhang Mingyang
David Onama,572.77,26-04-2025,W,U-DEC,Giga Chikadze
Giga Chikadze,577.53,26-04-2025,L,U-DEC,David Onama
Abus Magomedov,546.65,26-04-2025,W,U-DEC,Michel Pereira
Michel Pereira,591.93,26-04-2025,L,U-DEC,Abus Magomedov
Randy Brown,618.34,26-04-2025,W,KO/TKO,Nicolas Dalby
Nicolas Dalby,533.06,26-04-2025,L,KO/TKO,Randy Brown
Ikram Aliskerov,541.42,26-04-2025,W,KO/TKO,Andre Muniz
Andre Muniz,556.34,26-04-2025,L,KO/TKO,Ikram Aliskerov
Matt Schnell,494.94,26-04-2025,W,U-DEC,Jimmy Flick
Jimmy Flick,471.9,26-04-2025,L,U-DEC,Matt Schnell
Evan Elder,520.44,26-04-2025,W,U-DEC,Gauge Young
Gauge Young,482.92,26-04-2025,L,U-DEC,Evan Elder
Chris Gutierrez,606.9,26-04-2025,W,S-DEC,John Castaneda
John Castaneda,509.37,26-04-2025,L,S-DEC,Chris Gutierrez
Da'Mon Blackshear,546.45,26-04-2025,W,U-DEC,Alatengheili
Alatengheili,525.74,26-04-2025,L,U-DEC,Da'Mon Blackshear
Malcolm Wellmaker,516.3,26-04-2025,W,KO/TKO,Cameron Saaiman
Cameron Saaiman,495.79,26-04-2025,L,KO/TKO,Malcolm Wellmaker
Jaqueline Amorim,561.88,26-04-2025,W,SUB,Polyana Viana
Polyana Viana,454.53,26-04-2025,L,SUB,Jaqueline Amorim
Timmy Cuamba,484.92,26-04-2025,W,KO/TKO,Roberto Romero
Roberto Romero,468.1,26-04-2025,L,KO/TKO,Timmy Cuamba
Joselyne Edwards,528.18,26-04-2025,W,KO/TKO,Chelsea Chandler
Chelsea Chandler,483.78,26-04-2025,L,KO/TKO,Joselyne Edwards
Cory Sandhagen,625.49,03-05-2025,W,KO/TKO,Deiveson Figueiredo
Deiveson Figueiredo,624.69,03-05-2025,L,KO/TKO,Cory Sandhagen
Reinier de Ridder,562.35,03-05-2025,W,KO/TKO,Bo Nickal
Bo Nickal,550.71,03-05-2025,L,KO/TKO,Reinier de Ridder
Daniel Rodriguez,579.72,03-05-2025,W,KO/TKO,Santiago Ponzinibbio
Santiago Ponzinibbio,560.37,03-05-2025,L,KO/TKO,Daniel Rodriguez
Montel Jackson,617.84,03-05-2025,W,U-DEC,Daniel Marcos
Daniel Marcos,536.51,03-05-2025,L,U-DEC,Montel Jackson
Serhiy Sidey,517.62,03-05-2025,W,U-DEC,Cameron Smotherman
Cameron Smotherman,498.52,03-05-2025,L,U-DEC,Serhiy Sidey
Mason Jones,514.08,03-05-2025,W,U-DEC,Jeremy Stephens
Jeremy Stephens,474.65,03-05-2025,L,U-DEC,Mason Jones
Yana Santos,525.34,03-05-2025,W,U-DEC,Miesha Tate
Miesha Tate,507.34,03-05-2025,L,U-DEC,Yana Santos
Azamat Bekoev,532.95,03-05-2025,W,KO/TKO,Ryan Loder
Ryan Loder,499.28,03-05-2025,L,KO/TKO,Azamat Bekoev
Gillian Robertson,597.92,03-05-2025,W,KO/TKO,Marina Rodriguez
Marina Rodriguez,514.42,03-05-2025,L,KO/TKO,Gillian Robertson
Quang Le,493.27,03-05-2025,W,SUB,Gaston Bolanos
Gaston Bolanos,491.75,03-05-2025,L,SUB,Quang Le
Thomas Petersen,500.55,03-05-2025,W,U-DEC,Don'Tale Mayes
Don'Tale Mayes,441.16,03-05-2025,L,U-DEC,Thomas Petersen
Juliana Miller,497.7,03-05-2025,W,U-DEC,Ivana Petrovic
Ivana Petrovic,469.11,03-05-2025,L,U-DEC,Juliana Miller
Jack Della Maddalena,659.22,10-05-2025,W,U-DEC,Belal Muhammad
Belal Muhammad,707.91,10-05-2025,L,U-DEC,Jack Della Maddalena
Valentina Shevchenko,670.72,10-05-2025,W,U-DEC,Manon Fiorot
Manon Fiorot,611.14,10-05-2025,L,U-DEC,Valentina Shevchenko
Aiemann Zahabi,588.63,10-05-2025,W,U-DEC,Jose Aldo
Jose Aldo,567.22,10-05-2025,L,U-DEC,Aiemann Zahabi
Natalia Silva,618.97,10-05-2025,W,U-DEC,Alexa Grasso
Alexa Grasso,563.71,10-05-2025,L,U-DEC,Natalia Silva
Benoit Saint Denis,565.85,10-05-2025,W,SUB,Kyle Prepolec
Kyle Prepolec,454.64,10-05-2025,L,SUB,Benoit Saint Denis
Mike Malott,571.2,10-05-2025,W,KO/TKO,Charles Radtke
Charles Radtke,512.55,10-05-2025,L,KO/TKO,Mike Malott
Jasmine Jasudavicius,604.86,10-05-2025,W,SUB,Jessica Andrade
Jessica Andrade,544.44,10-05-2025,L,SUB,Jasmine Jasudavicius
Modestas Bukauskas,538.37,10-05-2025,W,S-DEC,Ion Cutelaba
Ion Cutelaba,480.12,10-05-2025,L,S-DEC,Modestas Bukauskas
Navajo Stirling,529.82,10-05-2025,W,U-DEC,Ivan Erslan
Ivan Erslan,467.26,10-05-2025,L,U-DEC,Navajo Stirling
Marc-Andre Barriault,476.1,10-05-2025,W,KO/TKO,Bruno Silva
Bruno Silva,479.69,10-05-2025,L,KO/TKO,Marc-Andre Barriault
Daniel Santos,535.86,10-05-2025,W,U-DEC,JeongYeong Lee
JeongYeong Lee,496.99,10-05-2025,L,U-DEC,Daniel Santos
Bekzat Almakhan,501.41,10-05-2025,W,KO/TKO,Brad Katona
Brad Katona,476.48,10-05-2025,L,KO/TKO,Bekzat Almakhan
Michael Morales,610.8,17-05-2025,W,KO/TKO,Gilbert Burns
Gilbert Burns,579.77,17-05-2025,L,KO/TKO,Michael Morales
Mairon Santos,549.38,17-05-2025,W,U-DEC,Sodiq Yusuff
Sodiq Yusuff,527.97,17-05-2025,L,U-DEC,Mairon Santos
Nursulton Ruziboev,545.71,17-05-2025,W,U-DEC,Dustin Stoltzfus
Dustin Stoltzfus,463.07,17-05-2025,L,U-DEC,Nursulton Ruziboev
Melquizael Costa,560.91,17-05-2025,W,U-DEC,Julian Erosa
Julian Erosa,546.15,17-05-2025,L,U-DEC,Melquizael Costa
Gabe Green,506.21,17-05-2025,W,SUB,Matheus Camilo
Matheus Camilo,480.2,17-05-2025,L,SUB,Gabe Green
Jared Gordon,558.53,17-05-2025,W,KO/TKO,Thiago Moises
Thiago Moises,522.61,17-05-2025,L,KO/TKO,Jared Gordon
Yadier del Valle,517.58,17-05-2025,W,SUB,Connor Matthews
Connor Matthews,450.26,17-05-2025,L,SUB,Yadier del Valle
Luana Santos,551.69,17-05-2025,W,SUB,Tainara Lisboa
Tainara Lisboa,514.33,17-05-2025,L,SUB,Luana Santos
Denise Gomes,549.32,17-05-2025,W,KO/TKO,Elise Reed
Elise Reed,478.09,17-05-2025,L,KO/TKO,Denise Gomes
HyunSung Park,551.77,17-05-2025,W,SUB,Carlos Hernandez
Carlos Hernandez,476.49,17-05-2025,L,SUB,HyunSung Park
Tecia Pennington,558.43,17-05-2025,W,U-DEC,Luana Pinheiro
Luana Pinheiro,478.32,17-05-2025,L,U-DEC,Tecia Pennington
Mateusz Gamrot,599.77,31-05-2025,W,U-DEC,Ludovit Klein
Ludovit Klein,566.5,31-05-2025,L,U-DEC,Mateusz Gamrot
Ramiz Brahimaj,524.37,31-05-2025,W,SUB,Billy Ray Goff
Billy Ray Goff,478.62,31-05-2025,L,SUB,Ramiz Brahimaj
Dustin Jacoby,551.36,31-05-2025,W,KO/TKO,Bruno Lopes
Bruno Lopes,500.85,31-05-2025,L,KO/TKO,Dustin Jacoby
Ketlen Vieira,570.79,31-05-2025,W,U-DEC,Macy Chiasson
Macy Chiasson,555.01,31-05-2025,L,U-DEC,Ketlen Vieira
Zachary Reese,513.75,31-05-2025,W,U-DEC,Dusko Todorovic
Dusko Todorovic,451.11,31-05-2025,L,U-DEC,Zachary Reese
Allan Nascimento,539.12,31-05-2025,W,U-DEC,Jafel Filho
Jafel Filho,504.67,31-05-2025,L,U-DEC,Allan Nascimento
Jordan Leavitt,523.21,31-05-2025,W,SUB,Kurt Holobaugh
Kurt Holobaugh,433.44,31-05-2025,L,SUB,Jordan Leavitt
Bolaji Oki,512.02,31-05-2025,W,U-DEC,Michael Aswell
Michael Aswell,484.07,31-05-2025,L,U-DEC,Bolaji Oki
Alice Ardelean,483.57,31-05-2025,W,U-DEC,Rayanne dos Santos
Rayanne dos Santos,453.39,31-05-2025,L,U-DEC,Alice Ardelean
Merab Dvalishvili,721.04,07-06-2025,W,SUB,Sean O'Malley
Sean O'Malley,618.45,07-06-2025,L,SUB,Merab Dvalishvili
Kayla Harrison,563.24,07-06-2025,W,SUB,Julianna Pena
Julianna Pena,566.67,07-06-2025,L,SUB,Kayla Harrison
Joe Pyfer,567.69,07-06-2025,W,U-DEC,Kelvin Gastelum
Kelvin Gastelum,552.58,07-06-2025,L,U-DEC,Joe Pyfer
Mario Bautista,642.65,07-06-2025,W,U-DEC,Patchy Mix
Patchy Mix,486.46,07-06-2025,L,U-DEC,Mario Bautista
Kevin Holland,569.68,07-06-2025,W,SUB,Vicente Luque
Vicente Luque,618.67,07-06-2025,L,SUB,Kevin Holland
Joshua Van,584.03,07-06-2025,W,KO/TKO,Bruno Silva
Bruno Silva,466.3,07-06-2025,L,KO/TKO,Joshua Van
Azamat Murzakanov,584.72,07-06-2025,W,KO/TKO,Brendson Ribeiro
Brendson Ribeiro,490.39,07-06-2025,L,KO/TKO,Azamat Murzakanov
Waldo Cortes-Acosta,592.46,07-06-2025,W,U-DEC,Serghei Spivac
Serghei Spivac,549.75,07-06-2025,L,U-DEC,Waldo Cortes-Acosta
Andreas Gustafsson,517.72,07-06-2025,W,U-DEC,Khaos Williams
Khaos Williams,525.97,07-06-2025,L,U-DEC,Andreas Gustafsson
Wang Cong,525.07,07-06-2025,W,U-DEC,Ariane da Silva
Ariane da Silva,484.19,07-06-2025,L,U-DEC,Wang Cong
JooSang Yoo,514.82,07-06-2025,W,KO/TKO,Jeka Saragih
Jeka Saragih,464.56,07-06-2025,L,KO/TKO,JooSang Yoo
Quillan Salkilld,532.09,07-06-2025,W,U-DEC,Yanal Ashmouz
Yanal Ashmouz,498.43,07-06-2025,L,U-DEC,Quillan Salkilld
MarQuel Mederos,544.98,07-06-2025,W,U-DEC,Mark Choinski
Mark Choinski,484.2,07-06-2025,L,U-DEC,MarQuel Mederos
Kamaru Usman,703.74,14-06-2025,W,U-DEC,Joaquin Buckley
Joaquin Buckley,613.43,14-06-2025,L,U-DEC,Kamaru Usman
Rose Namajunas,605.82,14-06-2025,W,U-DEC,Miranda Maverick
Miranda Maverick,564.79,14-06-2025,L,U-DEC,Rose Namajunas
Edmen Shahbazyan,545.63,14-06-2025,W,U-DEC,Andre Petroski
Andre Petroski,570.59,14-06-2025,L,U-DEC,Edmen Shahbazyan
Raoni Barcelos,573.46,14-06-2025,W,U-DEC,Cody Garbrandt
Cody Garbrandt,532.85,14-06-2025,L,U-DEC,Raoni Barcelos
Mansur Abdul-Malik,547.16,14-06-2025,W,U-DEC,Cody Brundage
Cody Brundage,499.16,14-06-2025,L,U-DEC,Mansur Abdul-Malik
Alonzo Menifield,575.11,14-06-2025,W,U-DEC,Oumar Sy
Oumar Sy,519.93,14-06-2025,L,U-DEC,Alonzo Menifield
Paul Craig,498.07,14-06-2025,L,CNC,Rodolfo Bellato
Rodolfo Bellato,529.45,14-06-2025,W,CNC,Paul Craig
Michael Chiesa,611.84,14-06-2025,W,U-DEC,Court McGee
Court McGee,479.16,14-06-2025,L,U-DEC,Michael Chiesa
Malcolm Wellmaker,530.57,14-06-2025,W,KO/TKO,Kris Moutinho
Kris Moutinho,454.68,14-06-2025,L,KO/TKO,Malcolm Wellmaker
Jose Ochoa,501.19,14-06-2025,W,KO/TKO,Cody Durden
Cody Durden,493.59,14-06-2025,L,KO/TKO,Jose Ochoa
Ricky Simon,584.76,14-06-2025,W,U-DEC,Cameron Smotherman
Cameron Smotherman,485.44,14-06-2025,L,U-DEC,Ricky Simon
Phil Rowe,525.98,14-06-2025,W,KO/TKO,Ange Loosa
Ange Loosa,500.14,14-06-2025,L,KO/TKO,Phil Rowe
Jamey-Lyn Horth,514.15,14-06-2025,W,U-DEC,Vanessa Demopoulos
Vanessa Demopoulos,491.15,14-06-2025,L,U-DEC,Jamey-Lyn Horth
Khalil Rountree Jr.,564.41,21-06-2025,W,U-DEC,Jamahal Hill
Jamahal Hill,529.74,21-06-2025,L,U-DEC,Khalil Rountree Jr.
Rafael Fiziev,565.2,21-06-2025,W,U-DEC,Ignacio Bahamondes
Ignacio Bahamondes,555.82,21-06-2025,L,U-DEC,Rafael Fiziev
Curtis Blaydes,641.39,21-06-2025,W,S-DEC,Rizvan Kuniev
Rizvan Kuniev,489.94,21-06-2025,L,S-DEC,Curtis Blaydes
Myktybek Orolbai,540.69,21-06-2025,W,SUB,Tofiq Musayev
Tofiq Musayev,481.88,21-06-2025,L,SUB,Myktybek Orolbai
Nazim Sadykhov,567.08,21-06-2025,W,KO/TKO,Nikolas Motta
Nikolas Motta,514.99,21-06-2025,L,KO/TKO,Nazim Sadykhov
Muhammad Naimov,558.15,21-06-2025,W,U-DEC,Bogdan Grad
Bogdan Grad,499.65,21-06-2025,L,U-DEC,Muhammad Naimov
Seokhyeon Ko,517.86,21-06-2025,W,U-DEC,Oban Elliott
Oban Elliott,528.98,21-06-2025,L,U-DEC,Seokhyeon Ko
JunYong Park,593.32,21-06-2025,W,U-DEC,Ismail Naurdiev
Ismail Naurdiev,507.38,21-06-2025,L,U-DEC,JunYong Park
Daria Zhelezniakova,511.76,21-06-2025,W,U-DEC,Melissa Mullins
Melissa Mullins,499.24,21-06-2025,L,U-DEC,Daria Zhelezniakova
Klaudia Sygula,500.9,21-06-2025,W,U-DEC,Irina Alekseeva
Irina Alekseeva,487.19,21-06-2025,L,U-DEC,Klaudia Sygula
Tagir Ulanbekov,584.35,21-06-2025,W,U-DEC,Azat Maksum
Azat Maksum,483.14,21-06-2025,L,U-DEC,Tagir Ulanbekov
Mohammed Usman,526.17,21-06-2025,W,U-DEC,Hamdy Abdelwahab
Hamdy Abdelwahab,513.93,21-06-2025,L,U-DEC,Mohammed Usman
Ilia Topuria,688.96,28-06-2025,W,KO/TKO,Charles Oliveira
Charles Oliveira,694.48,28-06-2025,L,KO/TKO,Ilia Topuria
Alexandre Pantoja,681.72,28-06-2025,W,SUB,Kai Kara-France
Kai Kara-France,536.98,28-06-2025,L,SUB,Alexandre Pantoja
Joshua Van,602.67,28-06-2025,W,U-DEC,Brandon Royval
Brandon Royval,563.33,28-06-2025,L,U-DEC,Joshua Van
Beneil Dariush,675.92,28-06-2025,W,U-DEC,Renato Moicano
Renato Moicano,594.72,28-06-2025,L,U-DEC,Beneil Dariush
Payton Talbott,548.76,28-06-2025,W,U-DEC,Felipe Lima
Felipe Lima,523.98,28-06-2025,L,U-DEC,Payton Talbott
Gregory Rodrigues,577.89,28-06-2025,W,KO/TKO,Jack Hermansson
Jack Hermansson,563.41,28-06-2025,L,KO/TKO,Gregory Rodrigues
Jose Delgado,533.13,28-06-2025,W,KO/TKO,Hyder Amil
Hyder Amil,531.9,28-06-2025,L,KO/TKO,Jose Delgado
Tracy Cortez,578.72,28-06-2025,W,U-DEC,Viviane Araujo
Viviane Araujo,517.54,28-06-2025,L,U-DEC,Tracy Cortez
Terrance McKinney,544.51,28-06-2025,W,SUB,Viacheslav Borshchev
Viacheslav Borshchev,462.6,28-06-2025,L,SUB,Terrance McKinney
Jacobe Smith,535.72,28-06-2025,W,SUB,Niko Price
Niko Price,504.27,28-06-2025,L,SUB,Jacobe Smith
Jhonata Diniz,533.3,28-06-2025,W,U-DEC,Alvin Hines
Alvin Hines,485.08,28-06-2025,L,U-DEC,Jhonata Diniz
Derrick Lewis,599.86,12-07-2025,W,KO/TKO,Tallison Teixeira
Tallison Teixeira,503.22,12-07-2025,L,KO/TKO,Derrick Lewis
Gabriel Bonfim,578.64,12-07-2025,W,S-DEC,Stephen Thompson
Stephen Thompson,538.07,12-07-2025,L,S-DEC,Gabriel Bonfim
Steve Garcia,584.43,12-07-2025,W,U-DEC,Calvin Kattar
Calvin Kattar,499.16,12-07-2025,L,U-DEC,Steve Garcia
Morgan Charriere,518.35,12-07-2025,W,KO/TKO,Nate Landwehr
Nate Landwehr,507.63,12-07-2025,L,KO/TKO,Morgan Charriere
Vitor Petrino,544.4,12-07-2025,W,SUB,Austen Lane
Austen Lane,442.72,12-07-2025,L,SUB,Vitor Petrino
Tuco Tokkos,485.85,12-07-2025,W,SUB,Junior Tafa
Junior Tafa,464.55,12-07-2025,L,SUB,Tuco Tokkos
Chris Curtis,549.16,12-07-2025,W,S-DEC,Max Griffin
Max Griffin,495.0,12-07-2025,L,S-DEC,Chris Curtis
Jake Matthews,603.11,12-07-2025,W,SUB,Chidi Njokuani
Chidi Njokuani,516.45,12-07-2025,L,SUB,Jake Matthews
Eduarda Moura,533.03,12-07-2025,W,U-DEC,Lauren Murphy
Lauren Murphy,527.41,12-07-2025,L,U-DEC,Eduarda Moura
Valter Walker,543.09,12-07-2025,W,SUB,Kennedy Nzechukwu
Kennedy Nzechukwu,519.62,12-07-2025,L,SUB,Valter Walker
Mike Davis,548.21,12-07-2025,W,KO/TKO,Mitch Ramirez
Mitch Ramirez,471.95,12-07-2025,L,KO/TKO,Mike Davis
Fatima Kline,518.26,12-07-2025,W,KO/TKO,Melissa Martinez
Melissa Martinez,482.87,12-07-2025,L,KO/TKO,Fatima Kline
Max Holloway,700.75,19-07-2025,W,U-DEC,Dustin Poirier
Dustin Poirier,647.23,19-07-2025,L,U-DEC,Max Holloway
Paulo Costa,561.96,19-07-2025,W,U-DEC,Roman Kopylov
Roman Kopylov,531.26,19-07-2025,L,U-DEC,Paulo Costa
Daniel Rodriguez,596.47,19-07-2025,W,U-DEC,Kevin Holland
Kevin Holland,552.93,19-07-2025,L,U-DEC,Daniel Rodriguez
Patricio Freire,506.81,19-07-2025,W,U-DEC,Dan Ige
Dan Ige,532.94,19-07-2025,L,U-DEC,Patricio Freire
Michael Johnson,528.1,19-07-2025,W,U-DEC,Daniel Zellhuber
Daniel Zellhuber,499.85,19-07-2025,L,U-DEC,Michael Johnson
Vinicius Oliveira,573.16,19-07-2025,W,U-DEC,Kyler Phillips
Kyler Phillips,543.99,19-07-2025,L,U-DEC,Vinicius Oliveira
Brendan Allen,642.84,19-07-2025,W,U-DEC,Marvin Vettori
Marvin Vettori,553.87,19-07-2025,L,U-DEC,Brendan Allen
Nikolay Veretennikov,485.08,19-07-2025,W,S-DEC,Francisco Prado
Francisco Prado,456.26,19-07-2025,L,S-DEC,Nikolay Veretennikov
Ateba Gautier,529.34,19-07-2025,W,KO/TKO,Robert Valentin
Robert Valentin,454.87,19-07-2025,L,KO/TKO,Ateba Gautier
Islam Dulatov,515.65,19-07-2025,W,KO/TKO,Adam Fugitt
Adam Fugitt,482.19,19-07-2025,L,KO/TKO,Islam Dulatov
Jimmy Crute,520.57,19-07-2025,W,SUB,Marcin Prachnio
Marcin Prachnio,451.58,19-07-2025,L,SUB,Jimmy Crute
Ryan Spann,540.46,19-07-2025,W,SUB,Lukasz Brzeski
Lukasz Brzeski,430.76,19-07-2025,L,SUB,Ryan Spann
Brunno Ferreira,547.63,19-07-2025,W,SUB,Jackson McVey
Jackson McVey,481.4,19-07-2025,L,SUB,Brunno Ferreira
Carli Judice,515.1,19-07-2025,W,KO/TKO,Nicolle Caliari
Nicolle Caliari,467.79,19-07-2025,L,KO/TKO,Carli Judice
Reinier de Ridder,584.85,26-07-2025,W,S-DEC,Robert Whittaker
Robert Whittaker,628.67,26-07-2025,L,S-DEC,Reinier de Ridder
Petr Yan,618.75,26-07-2025,W,U-DEC,Marcus McGhee
Marcus McGhee,553.12,26-07-2025,L,U-DEC,Petr Yan
Shara Magomedov,559.29,26-07-2025,W,U-DEC,Marc-Andre Barriault
Marc-Andre Barriault,463.51,26-07-2025,L,U-DEC,Shara Magomedov
Asu Almabayev,565.03,26-07-2025,W,U-DEC,Jose Ochoa
Jose Ochoa,487.71,26-07-2025,L,U-DEC,Asu Almabayev
Bogdan Guskov,554.49,26-07-2025,W,KO/TKO,Nikita Krylov
Nikita Krylov,535.28,26-07-2025,L,KO/TKO,Bogdan Guskov
Bryce Mitchell,580.21,26-07-2025,W,U-DEC,Said Nurmagomedov
Said Nurmagomedov,547.91,26-07-2025,L,U-DEC,Bryce Mitchell
Muslim Salikhov,587.41,26-07-2025,W,KO/TKO,Carlos Leal
Carlos Leal,490.13,26-07-2025,L,KO/TKO,Muslim Salikhov
Davey Grant,540.91,26-07-2025,W,U-DEC,Da'Mon Blackshear
Da'Mon Blackshear,528.85,26-07-2025,L,U-DEC,Davey Grant
Tabatha Ricci,567.58,26-07-2025,W,KO/TKO,Amanda Ribas
Amanda Ribas,515.42,26-07-2025,L,KO/TKO,Tabatha Ricci
Billy Elekana,496.98,26-07-2025,W,U-DEC,Ibo Aslan
Ibo Aslan,488.94,26-07-2025,L,U-DEC,Billy Elekana
Steven Nguyen,497.89,26-07-2025,W,KO/TKO,Mohammad Yahya
Mohammad Yahya,453.28,26-07-2025,L,KO/TKO,Steven Nguyen
Martin Buday,587.04,26-07-2025,W,U-DEC,Marcus Buchecha
Marcus Buchecha,486.34,26-07-2025,L,U-DEC,Martin Buday
Tatsuro Taira,601.03,02-08-2025,W,SUB,HyunSung Park
HyunSung Park,534.46,02-08-2025,L,SUB,Tatsuro Taira
Chris Duncan,564.99,02-08-2025,W,U-DEC,Mateusz Rebecki
Mateusz Rebecki,534.46,02-08-2025,L,U-DEC,Chris Duncan
Esteban Ribovics,535.83,02-08-2025,W,U-DEC,Elves Brener
Elves Brener,500.17,02-08-2025,L,U-DEC,Esteban Ribovics
Karol Rosa,548.02,02-08-2025,W,U-DEC,Nora Cornolle
Nora Cornolle,517.63,02-08-2025,L,U-DEC,Karol Rosa
Neil Magny,597.44,02-08-2025,W,KO/TKO,Elizeu Zaleski dos Santos
Elizeu Zaleski dos Santos,561.16,02-08-2025,L,KO/TKO,Neil Magny
Kevin Vallejos,531.64,02-08-2025,W,U-DEC,Danny Silva
Danny Silva,515.0,02-08-2025,L,U-DEC,Kevin Vallejos
Rinya Nakamura,541.25,02-08-2025,W,KO/TKO,Nathan Fletcher
Nathan Fletcher,487.14,02-08-2025,L,KO/TKO,Rinya Nakamura
Rodolfo Vieira,551.9,02-08-2025,W,U-DEC,Tresean Gore
Tresean Gore,478.81,02-08-2025,L,U-DEC,Rodolfo Vieira
Andrey Pulyaev,500.55,02-08-2025,W,KO/TKO,Nick Klein
Nick Klein,468.48,02-08-2025,L,KO/TKO,Andrey Pulyaev
Austin Bashi,505.97,02-08-2025,W,SUB,John Yannis
John Yannis,479.84,02-08-2025,L,SUB,Austin Bashi
Rafael Estevam,548.14,02-08-2025,W,U-DEC,Felipe Bunes
Felipe Bunes,487.72,02-08-2025,L,U-DEC,Rafael Estevam
Piera Rodriguez,528.39,02-08-2025,W,S-DEC,Ketlen Souza
Ketlen Souza,486.16,02-08-2025,L,S-DEC,Piera Rodriguez
Anthony Hernandez,648.91,09-08-2025,W,SUB,Roman Dolidze
Roman Dolidze,576.29,09-08-2025,L,SUB,Anthony Hernandez
Steve Erceg,519.97,09-08-2025,W,U-DEC,Ode Osbourne
Ode Osbourne,461.23,09-08-2025,L,U-DEC,Steve Erceg
Iasmin Lucindo,555.84,09-08-2025,W,U-DEC,Angela Hill
Angela Hill,502.24,09-08-2025,L,U-DEC,Iasmin Lucindo
Andre Fili,510.51,09-08-2025,W,S-DEC,Christian Rodriguez
Christian Rodriguez,512.68,09-08-2025,L,S-DEC,Andre Fili
Jean Matsumoto,535.85,09-08-2025,W,S-DEC,Miles Johns
Miles Johns,530.43,09-08-2025,L,S-DEC,Jean Matsumoto
Christian Leroy Duncan,543.58,09-08-2025,W,KO/TKO,Eryk Anders
Eryk Anders,494.75,09-08-2025,L,KO/TKO,Christian Leroy Duncan
Julius Walker,501.28,09-08-2025,W,U-DEC,Rafael Cerqueira
Rafael Cerqueira,453.78,09-08-2025,L,U-DEC,Julius Walker
Elijah Smith,529.22,09-08-2025,W,KO/TKO,Toshiomi Kazama
Toshiomi Kazama,472.91,09-08-2025,L,KO/TKO,Elijah Smith
Joselyne Edwards,543.28,09-08-2025,W,KO/TKO,Priscila Cachoeira
Priscila Cachoeira,469.64,09-08-2025,L,KO/TKO,Joselyne Edwards
Uros Medic,521.0,09-08-2025,W,KO/TKO,Gilbert Urbina
Gilbert Urbina,467.16,09-08-2025,L,KO/TKO,Uros Medic
Gabriella Fernandes,522.02,09-08-2025,W,U-DEC,Julija Stoliarenko
Julija Stoliarenko,442.04,09-08-2025,L,U-DEC,Gabriella Fernandes
Eric McConico,501.4,09-08-2025,W,S-DEC,Cody Brundage
Cody Brundage,482.77,09-08-2025,L,S-DEC,Eric McConico
Khamzat Chimaev,696.36,16-08-2025,W,U-DEC,Dricus Du Plessis
Dricus Du Plessis,665.34,16-08-2025,L,U-DEC,Khamzat Chimaev
Lerone Murphy,654.09,16-08-2025,W,KO/TKO,Aaron Pico
Aaron Pico,486.61,16-08-2025,L,KO/TKO,Lerone Murphy
Carlos Prates,575.65,16-08-2025,W,KO/TKO,Geoff Neal
Geoff Neal,555.62,16-08-2025,L,KO/TKO,Carlos Prates
Michael Page,541.35,16-08-2025,W,U-DEC,Jared Cannonier
Jared Cannonier,557.71,16-08-2025,L,U-DEC,Michael Page
Tim Elliott,518.35,16-08-2025,W,SUB,Kai Asakura
Kai Asakura,466.28,16-08-2025,L,SUB,Tim Elliott
Baisangur Susurkaev,519.06,16-08-2025,W,SUB,Eric Nolan
Eric Nolan,480.94,16-08-2025,L,SUB,Baisangur Susurkaev
Michal Oleksiejczuk,521.1,16-08-2025,W,KO/TKO,Gerald Meerschaert
Gerald Meerschaert,507.54,16-08-2025,L,KO/TKO,Michal Oleksiejczuk
Loopy Godinez,566.87,16-08-2025,W,U-DEC,Jessica Andrade
Jessica Andrade,528.24,16-08-2025,L,U-DEC,Loopy Godinez
Alexander Hernandez,544.98,16-08-2025,W,KO/TKO,Chase Hooper
Chase Hooper,568.82,16-08-2025,L,KO/TKO,Alexander Hernandez
Drakkar Klose,600.94,16-08-2025,W,U-DEC,Edson Barboza
Edson Barboza,538.16,16-08-2025,L,U-DEC,Drakkar Klose
Karine Silva,571.35,16-08-2025,W,U-DEC,Dione Barbosa
Dione Barbosa,502.69,16-08-2025,L,U-DEC,Karine Silva
Joseph Morales,505.49,16-08-2025,W,SUB,Alibi Idiris
Alibi Idiris,480.16,16-08-2025,L,SUB,Joseph Morales
Johnny Walker,558.77,23-08-2025,W,KO/TKO,Zhang Mingyang
Zhang Mingyang,533.31,23-08-2025,L,KO/TKO,Johnny Walker
Aljamain Sterling,690.01,23-08-2025,W,U-DEC,Brian Ortega
Brian Ortega,581.87,23-08-2025,L,U-DEC,Aljamain Sterling
Sergei Pavlovich,598.23,23-08-2025,W,U-DEC,Waldo Cortes Acosta
Waldo Cortes Acosta,487.49,23-08-2025,L,U-DEC,Sergei Pavlovich
Sumudaerji,503.29,23-08-2025,W,U-DEC,Kevin Borjas
Kevin Borjas,470.51,23-08-2025,L,U-DEC,Sumudaerji
Taiyilake Nueraji,514.02,23-08-2025,W,KO/TKO,Kiefer Crosbie
Kiefer Crosbie,447.64,23-08-2025,L,KO/TKO,Taiyilake Nueraji
Gauge Young,498.68,23-08-2025,W,U-DEC,Maheshate
Maheshate,467.3,23-08-2025,L,U-DEC,Gauge Young
Charles Johnson,537.1,23-08-2025,W,KO/TKO,Lone'er Kavanagh
Lone'er Kavanagh,514.55,23-08-2025,L,KO/TKO,Charles Johnson
Rongzhu,497.59,23-08-2025,W,U-DEC,Austin Hubbard
Austin Hubbard,435.34,23-08-2025,L,U-DEC,Rongzhu
Kyle Daukaus,509.93,23-08-2025,W,KO/TKO,Michel Pereira
Michel Pereira,571.67,23-08-2025,L,KO/TKO,Kyle Daukaus
Yizha,484.6,23-08-2025,W,KO/TKO,Westin Wilson
Westin Wilson,473.15,23-08-2025,L,KO/TKO,Yizha
SuYoung You,546.47,23-08-2025,W,U-DEC,Xiao Long
Xiao Long,484.42,23-08-2025,L,U-DEC,SuYoung You
Uran Satybaldiev,505.28,23-08-2025,W,SUB,Diyar Nurgozhay
Diyar Nurgozhay,460.2,23-08-2025,L,SUB,Uran Satybaldiev
Nassourdine Imavov,623.01,06-09-2025,W,U-DEC,Caio Borralho
Caio Borralho,602.48,06-09-2025,L,U-DEC,Nassourdine Imavov
Benoit Saint Denis,584.77,06-09-2025,W,SUB,Mauricio Ruffy
Mauricio Ruffy,528.7,06-09-2025,L,SUB,Benoit Saint Denis
Modestas Bukauskas,554.29,06-09-2025,W,KO/TKO,Paul Craig
Paul Craig,482.15,06-09-2025,L,KO/TKO,Modestas Bukauskas
Mason Jones,530.48,06-09-2025,W,KO/TKO,Bolaji Oki
Bolaji Oki,495.62,06-09-2025,L,KO/TKO,Mason Jones
Axel Sola,513.92,06-09-2025,W,KO/TKO,Rhys McKee
Rhys McKee,445.46,06-09-2025,L,KO/TKO,Axel Sola
William Gomis,562.06,06-09-2025,W,U-DEC,Robert Ruchala
Robert Ruchala,486.43,06-09-2025,L,U-DEC,William Gomis
Oumar Sy,534.34,06-09-2025,W,KO/TKO,Brendson Ribeiro
Brendson Ribeiro,475.98,06-09-2025,L,KO/TKO,Oumar Sy
Ante Delija,520.25,06-09-2025,W,KO/TKO,Marcin Tybura
Marcin Tybura,581.93,06-09-2025,L,KO/TKO,Ante Delija
Kaue Fernandes,532.36,06-09-2025,W,KO/TKO,Harry Hardwick
Harry Hardwick,483.54,06-09-2025,L,KO/TKO,Kaue Fernandes
Sam Patterson,557.65,06-09-2025,W,KO/TKO,Trey Waters
Trey Waters,515.24,06-09-2025,L,KO/TKO,Sam Patterson
Robert Bryczek,502.17,06-09-2025,W,KO/TKO,Brad Tavares
Brad Tavares,543.14,06-09-2025,L,KO/TKO,Robert Bryczek
Rinat Fakhretdinov,606.89,06-09-2025,W,KO/TKO,Andreas Gustafsson
Andreas Gustafsson,502.3,06-09-2025,L,KO/TKO,Rinat Fakhretdinov
Sam Hughes,533.65,06-09-2025,W,SUB,Shauna Bannon
Shauna Bannon,499.45,06-09-2025,L,SUB,Sam Hughes
Diego Lopes,591.58,13-09-2025,W,KO/TKO,Jean Silva
Jean Silva,574.26,13-09-2025,L,KO/TKO,Diego Lopes
David Martinez,534.07,13-09-2025,W,U-DEC,Rob Font
Rob Font,563.36,13-09-2025,L,U-DEC,David Martinez
Rafa Garcia,549.05,13-09-2025,W,KO/TKO,Jared Gordon
Jared Gordon,540.74,13-09-2025,L,KO/TKO,Rafa Garcia
Kelvin Gastelum,564.36,13-09-2025,W,U-DEC,Dustin Stoltzfus
Dustin Stoltzfus,451.29,13-09-2025,L,U-DEC,Kelvin Gastelum
Alexander Hernandez,564.57,13-09-2025,W,KO/TKO,Diego Ferreira
Diego Ferreira,556.22,13-09-2025,L,KO/TKO,Alexander Hernandez
Santiago Luna,515.44,13-09-2025,W,KO/TKO,Quang Le
Quang Le,477.83,13-09-2025,L,KO/TKO,Santiago Luna
Dusko Todorovic,471.45,13-09-2025,W,SUB,Jose Daniel Medina
Jose Daniel Medina,448.14,13-09-2025,L,SUB,Dusko Todorovic
Joaquim Silva,526.49,13-09-2025,W,S-DEC,Claudio Puelles
Claudio Puelles,523.77,13-09-2025,L,S-DEC,Joaquim Silva
Tatiana Suarez,626.78,13-09-2025,W,U-DEC,Amanda Lemos
Amanda Lemos,562.98,13-09-2025,L,U-DEC,Tatiana Suarez
Jesus Aguilar,529.42,13-09-2025,W,U-DEC,Luis Gurule
Luis Gurule,468.08,13-09-2025,L,U-DEC,Jesus Aguilar
Zach Reese,484.67,13-09-2025,L,CNC,Sedriques Dumas
Sedriques Dumas,507.64,13-09-2025,W,CNC,Zach Reese
Alden Coria,515.81,13-09-2025,W,KO/TKO,Alessandro Costa
Alessandro Costa,485.42,13-09-2025,L,KO/TKO,Alden Coria
Montse Rendon,515.75,13-09-2025,W,S-DEC,Alice Pereira
Alice Pereira,484.25,13-09-2025,L,S-DEC,Montse Rendon
Daniil Donchenko,515.75,13-09-2025,W,KO/TKO,Rodrigo Sezinando
Rodrigo Sezinando,484.25,13-09-2025,L,KO/TKO,Daniil Donchenko
Carlos Ulberg,649.15,27-09-2025,W,KO/TKO,Dominick Reyes
Dominick Reyes,572.15,27-09-2025,L,KO/TKO,Carlos Ulberg
Jimmy Crute,537.78,27-09-2025,W,SUB,Ivan Erslan
Ivan Erslan,450.05,27-09-2025,L,SUB,Jimmy Crute
Jack Jenkins,521.55,27-09-2025,W,U-DEC,Ramon Taveras
Ramon Taveras,484.15,27-09-2025,L,U-DEC,Jack Jenkins
Neil Magny,617.4,27-09-2025,W,SUB,Jake Matthews
Jake Matthews,583.15,27-09-2025,L,SUB,Neil Magny
Tom Nolan,553.61,27-09-2025,W,SUB,Charlie Campbell
Charlie Campbell,509.37,27-09-2025,L,SUB,Tom Nolan
Navajo Stirling,547.05,27-09-2025,W,U-DEC,Rodolfo Bellato
Rodolfo Bellato,512.22,27-09-2025,L,U-DEC,Navajo Stirling
Cam Rowston,518.91,27-09-2025,W,KO/TKO,Andre Petroski
Andre Petroski,551.68,27-09-2025,L,KO/TKO,Cam Rowston
Jamie Mullarkey,503.86,27-09-2025,W,U-DEC,Rolando Bedoya
Rolando Bedoya,441.24,27-09-2025,L,U-DEC,Jamie Mullarkey
Colby Thicknesse,499.8,27-09-2025,W,U-DEC,Josias Musasa
Josias Musasa,464.2,27-09-2025,L,U-DEC,Colby Thicknesse
Michelle Montague,517.31,27-09-2025,W,U-DEC,Luana Carolina
Luana Carolina,517.19,27-09-2025,L,U-DEC,Michelle Montague
Brando Pericic,515.75,27-09-2025,W,KO/TKO,Elisha Ellison
Elisha Ellison,484.25,27-09-2025,L,KO/TKO,Brando Pericic
Alexia Thainara,538.22,27-09-2025,W,U-DEC,Loma Lookboonmee
Loma Lookboonmee,551.98,27-09-2025,L,U-DEC,Alexia Thainara
Alex Pereira,646.09,04-10-2025,W,KO/TKO,Magomed Ankalaev
Magomed Ankalaev,662.14,04-10-2025,L,KO/TKO,Alex Pereira
Merab Dvalishvili,737.5,04-10-2025,W,U-DEC,Cory Sandhagen
Cory Sandhagen,609.03,04-10-2025,L,U-DEC,Merab Dvalishvili
Jiri Prochazka,583.89,04-10-2025,W,KO/TKO,Khalil Rountree Jr.
Khalil Rountree Jr.,548.06,04-10-2025,L,KO/TKO,Jiri Prochazka
Youssef Zalal,596.68,04-10-2025,W,SUB,Josh Emmett
Josh Emmett,552.8,04-10-2025,L,SUB,Youssef Zalal
Joe Pyfer,587.3,04-10-2025,W,SUB,Abus Magomedov
Abus Magomedov,527.04,04-10-2025,L,SUB,Joe Pyfer
Ateba Gautier,545.14,04-10-2025,W,KO/TKO,Tre'ston Vines
Tre'ston Vines,484.2,04-10-2025,L,KO/TKO,Ateba Gautier
Daniel Santos,552.77,04-10-2025,W,KO/TKO,JooSang Yoo
JooSang Yoo,497.91,04-10-2025,L,KO/TKO,Daniel Santos
Jakub Wiklacz,515.14,04-10-2025,W,S-DEC,Patchy Mix
Patchy Mix,471.32,04-10-2025,L,S-DEC,Jakub Wiklacz
Edmen Shahbazyan,563.41,04-10-2025,W,KO/TKO,Andre Muniz
Andre Muniz,538.56,04-10-2025,L,KO/TKO,Edmen Shahbazyan
Punahele Soriano,526.24,04-10-2025,W,U-DEC,Nikolay Veretennikov
Nikolay Veretennikov,469.08,04-10-2025,L,U-DEC,Punahele Soriano
Yana Santos,544.06,04-10-2025,W,U-DEC,Macy Chiasson
Macy Chiasson,536.29,04-10-2025,L,U-DEC,Yana Santos
Farid Basharat,589.77,04-10-2025,W,U-DEC,Chris Gutierrez
Chris Gutierrez,586.11,04-10-2025,L,U-DEC,Farid Basharat
Ramiz Brahimaj,544.68,04-10-2025,W,SUB,Austin Vanderford
Austin Vanderford,494.73,04-10-2025,L,SUB,Ramiz Brahimaj
Veronica Hardy,513.23,04-10-2025,W,U-DEC,Brogan Walker
Brogan Walker,454.12,04-10-2025,L,U-DEC,Veronica Hardy
Charles Oliveira,708.47,11-10-2025,W,SUB,Mateusz Gamrot
Mateusz Gamrot,585.78,11-10-2025,L,SUB,Charles Oliveira
Deiveson Figueiredo,640.13,11-10-2025,W,S-DEC,Montel Jackson
Montel Jackson,602.4,11-10-2025,L,S-DEC,Deiveson Figueiredo
Joel Alvarez,610.11,11-10-2025,W,U-DEC,Vicente Luque
Vicente Luque,599.22,11-10-2025,L,U-DEC,Joel Alvarez
Mario Pinto,531.91,11-10-2025,W,KO/TKO,Jhonata Diniz
Jhonata Diniz,515.91,11-10-2025,L,KO/TKO,Mario Pinto
Kaan Ofli,492.15,11-10-2025,W,SUB,Ricardo Ramos
Ricardo Ramos,489.48,11-10-2025,L,SUB,Kaan Ofli
Michael Aswell Jr.,514.99,11-10-2025,W,KO/TKO,Lucas Almeida
Lucas Almeida,468.13,11-10-2025,L,KO/TKO,Michael Aswell Jr.
Jafel Filho,524.94,11-10-2025,W,SUB,Clayton Carpenter
Clayton Carpenter,500.5,11-10-2025,L,SUB,Jafel Filho
Vitor Petrino,558.83,11-10-2025,W,KO/TKO,Thomas Petersen
Thomas Petersen,486.12,11-10-2025,L,KO/TKO,Vitor Petrino
Bia Mesquita,518.36,11-10-2025,W,SUB,Irina Alekseeva
Irina Alekseeva,468.83,11-10-2025,L,SUB,Bia Mesquita
Lucas Rocha,496.77,11-10-2025,W,U-DEC,Stewart Nicoll
Stewart Nicoll,463.84,11-10-2025,L,U-DEC,Lucas Rocha
Julia Polastri,503.38,11-10-2025,W,KO/TKO,Karolina Kowalkiewicz
Karolina Kowalkiewicz,483.22,11-10-2025,L,KO/TKO,Julia Polastri
Luan Lacerda,487.19,11-10-2025,W,SUB,Saimon Oliveira
Saimon Oliveira,436.5,11-10-2025,L,SUB,Luan Lacerda
Brendan Allen,656.61,18-10-2025,W,KO/TKO,Reinier de Ridder
Reinier de Ridder,571.08,18-10-2025,L,KO/TKO,Brendan Allen
Mike Malott,587.54,18-10-2025,W,U-DEC,Kevin Holland
Kevin Holland,536.59,18-10-2025,L,U-DEC,Mike Malott
Aiemann Zahabi,609.24,18-10-2025,W,S-DEC,Marlon Vera
Marlon Vera,574.19,18-10-2025,L,S-DEC,Aiemann Zahabi
Manon Fiorot,626.61,18-10-2025,W,KO/TKO,Jasmine Jasudavicius
Jasmine Jasudavicius,589.39,18-10-2025,L,KO/TKO,Manon Fiorot
Charles Jourdain,540.11,18-10-2025,W,SUB,Davey Grant
Davey Grant,519.31,18-10-2025,L,SUB,Charles Jourdain
Kyle Nelson,511.7,18-10-2025,W,U-DEC,Matt Frevola
Matt Frevola,490.55,18-10-2025,L,U-DEC,Kyle Nelson
Drew Dober,535.19,18-10-2025,W,KO/TKO,Kyle Prepolec
Kyle Prepolec,441.93,18-10-2025,L,KO/TKO,Drew Dober
Aoriqileng,514.68,18-10-2025,W,KO/TKO,Cody Gibson
Cody Gibson,448.22,18-10-2025,L,KO/TKO,Aoriqileng
Bruno Silva,488.67,18-10-2025,W,SUB,HyunSung Park
HyunSung Park,512.09,18-10-2025,L,SUB,Bruno Silva
Djorden Santos,500.66,18-10-2025,W,U-DEC,Danny Barlow
Danny Barlow,496.63,18-10-2025,L,U-DEC,Djorden Santos
Stephanie Luciano,516.89,18-10-2025,W,SUB,Ravena Oliveira
Ravena Oliveira,466.38,18-10-2025,L,SUB,Stephanie Luciano
Yousri Belgaroui,517.24,18-10-2025,W,KO/TKO,Azamat Bekoev
Azamat Bekoev,515.71,18-10-2025,L,KO/TKO,Yousri Belgaroui
Melissa Croden,516.4,18-10-2025,W,KO/TKO,Tainara Lisboa
Tainara Lisboa,497.93,18-10-2025,L,KO/TKO,Melissa Croden
Tom Aspinall,617.71,25-10-2025,L,CNC,Ciryl Gane
Ciryl Gane,661.92,25-10-2025,W,CNC,Tom Aspinall
Mackenzie Dern,599.59,25-10-2025,W,U-DEC,Virna Jandiroba
Virna Jandiroba,586.22,25-10-2025,L,U-DEC,Mackenzie Dern
Umar Nurmagomedov,612.86,25-10-2025,W,U-DEC,Mario Bautista
Mario Bautista,624.75,25-10-2025,L,U-DEC,Umar Nurmagomedov
Alexander Volkov,628.66,25-10-2025,W,S-DEC,Jailton Almeida
Jailton Almeida,614.16,25-10-2025,L,S-DEC,Alexander Volkov
Azamat Murzakanov,601.42,25-10-2025,W,KO/TKO,Aleksandar Rakic
Aleksandar Rakic,517.74,25-10-2025,L,KO/TKO,Azamat Murzakanov
Quillan Salkilld,552.58,25-10-2025,W,KO/TKO,Nasrat Haqparast
Nasrat Haqparast,577.74,25-10-2025,L,KO/TKO,Quillan Salkilld
Ikram Aliskerov,560.37,25-10-2025,W,U-DEC,JunYong Park
JunYong Park,574.37,25-10-2025,L,U-DEC,Ikram Aliskerov
Ludovit Klein,580.8,25-10-2025,W,M-DEC,Mateusz Rebecki
Mateusz Rebecki,520.16,25-10-2025,L,M-DEC,Ludovit Klein
Valter Walker,562.5,25-10-2025,W,SUB,Louie Sutherland
Louie Sutherland,480.59,25-10-2025,L,SUB,Valter Walker
Nathaniel Wood,603.18,25-10-2025,W,U-DEC,Jose Delgado
Jose Delgado,518.61,25-10-2025,L,U-DEC,Nathaniel Wood
Hamdy Abdelwahab,528.27,25-10-2025,W,U-DEC,Chris Barnett
Chris Barnett,468.33,25-10-2025,L,U-DEC,Hamdy Abdelwahab
Mitch Raposo,484.31,25-10-2025,W,U-DEC,Azat Maksum
Azat Maksum,466.7,25-10-2025,L,U-DEC,Mitch Raposo
Mizuki,532.24,25-10-2025,W,U-DEC,Jaqueline Amorim
Jaqueline Amorim,543.1,25-10-2025,L,U-DEC,Mizuki
Steve Garcia,604.0,01-11-2025,W,KO/TKO,David Onama
David Onama,553.2,01-11-2025,L,KO/TKO,Steve Garcia
Waldo Cortes Acosta,504.72,01-11-2025,W,KO/TKO,Ante Delija
Ante Delija,503.02,01-11-2025,L,KO/TKO,Waldo Cortes Acosta
Jeremiah Wells,547.57,01-11-2025,W,U-DEC,Themba Gorimbo
Themba Gorimbo,516.39,01-11-2025,L,U-DEC,Jeremiah Wells
Yadier del Valle,537.85,01-11-2025,W,SUB,Isaac Dulgarian
Isaac Dulgarian,496.88,01-11-2025,L,SUB,Yadier del Valle
Charles Radtke,529.63,01-11-2025,W,SUB,Daniel Frunza
Daniel Frunza,464.52,01-11-2025,L,SUB,Charles Radtke
Allan Nascimento,558.06,01-11-2025,W,SUB,Cody Durden
Cody Durden,474.65,01-11-2025,L,SUB,Allan Nascimento
Billy Elekana,517.45,01-11-2025,W,SUB,Kevin Christian
Kevin Christian,479.53,01-11-2025,L,SUB,Billy Elekana
Timmy Cuamba,503.58,01-11-2025,W,U-DEC,ChangHo Lee
ChangHo Lee,512.09,01-11-2025,L,U-DEC,Timmy Cuamba
Donte Johnson,519.48,01-11-2025,W,SUB,Sedriques Dumas
Sedriques Dumas,488.16,01-11-2025,L,SUB,Donte Johnson
Norma Dumont,621.07,01-11-2025,W,S-DEC,Ketlen Vieira
Ketlen Vieira,553.11,01-11-2025,L,S-DEC,Norma Dumont
Alice Ardelean,499.31,01-11-2025,W,U-DEC,Montserrat Conejo Ruiz
Montserrat Conejo Ruiz,451.8,01-11-2025,L,U-DEC,Alice Ardelean
Seokhyeon Ko,534.75,01-11-2025,W,U-DEC,Phil Rowe
Phil Rowe,509.09,01-11-2025,L,U-DEC,Seokhyeon Ko
Talita Alencar,535.87,01-11-2025,W,SUB,Ariane Carnelossi
Ariane Carnelossi,497.67,01-11-2025,L,SUB,Talita Alencar
Gabriel Bonfim,598.69,08-11-2025,W,KO/TKO,Randy Brown
Randy Brown,598.29,08-11-2025,L,KO/TKO,Gabriel Bonfim
Joseph Morales,525.17,08-11-2025,W,SUB,Matt Schnell
Matt Schnell,475.26,08-11-2025,L,SUB,Joseph Morales
Uros Medic,540.62,08-11-2025,W,KO/TKO,Muslim Salikhov
Muslim Salikhov,567.79,08-11-2025,L,KO/TKO,Uros Medic
Chris Padilla,564.55,08-11-2025,W,KO/TKO,Ismael Bonfim
Ismael Bonfim,483.34,08-11-2025,L,KO/TKO,Chris Padilla
Christian Leroy Duncan,560.16,08-11-2025,W,KO/TKO,Marco Tulio
Marco Tulio,513.44,08-11-2025,L,KO/TKO,Christian Leroy Duncan
Jamall Emmers,517.54,08-11-2025,W,U-DEC,Hyder Amil
Hyder Amil,513.87,08-11-2025,L,U-DEC,Jamall Emmers
Raoni Barcelos,592.05,08-11-2025,W,U-DEC,Ricky Simon
Ricky Simon,566.17,08-11-2025,L,U-DEC,Raoni Barcelos
Jacqueline Cavalcanti,580.57,08-11-2025,W,U-DEC,Mayra Bueno Silva
Mayra Bueno Silva,505.03,08-11-2025,L,U-DEC,Jacqueline Cavalcanti
Josh Hokit,515.75,08-11-2025,W,KO/TKO,Max Gimenis
Max Gimenis,484.25,08-11-2025,L,KO/TKO,Josh Hokit
Denise Gomes,567.79,08-11-2025,W,U-DEC,Tecia Pennington
Tecia Pennington,539.96,08-11-2025,L,U-DEC,Denise Gomes
Daniel Marcos,555.23,08-11-2025,W,SUB,Miles Johns
Miles Johns,511.71,08-11-2025,L,SUB,Daniel Marcos
Zach Reese,503.55,08-11-2025,W,SUB,Jackson McVey
Jackson McVey,462.52,08-11-2025,L,SUB,Zach Reese
Islam Makhachev,815.26,15-11-2025,W,U-DEC,Jack Della Maddalena
Jack Della Maddalena,645.45,15-11-2025,L,U-DEC,Islam Makhachev
Valentina Shevchenko,686.99,15-11-2025,W,U-DEC,Zhang Weili
Zhang Weili,634.6,15-11-2025,L,U-DEC,Valentina Shevchenko
Michael Morales,632.82,15-11-2025,W,KO/TKO,Sean Brady
Sean Brady,619.22,15-11-2025,L,KO/TKO,Michael Morales
Carlos Prates,596.97,15-11-2025,W,KO/TKO,Leon Edwards
Leon Edwards,658.88,15-11-2025,L,KO/TKO,Carlos Prates
Benoit Saint Denis,606.44,15-11-2025,W,KO/TKO,Beneil Dariush
Beneil Dariush,654.25,15-11-2025,L,KO/TKO,Benoit Saint Denis
Bo Nickal,566.51,15-11-2025,W,KO/TKO,Rodolfo Vieira
Rodolfo Vieira,536.1,15-11-2025,L,KO/TKO,Bo Nickal
Gregory Rodrigues,592.19,15-11-2025,W,U-DEC,Roman Kopylov
Roman Kopylov,516.96,15-11-2025,L,U-DEC,Gregory Rodrigues
Erin Blanchfield,630.56,15-11-2025,W,SUB,Tracy Cortez
Tracy Cortez,560.69,15-11-2025,L,SUB,Erin Blanchfield
Ethyn Ewing,517.13,15-11-2025,W,U-DEC,Malcolm Wellmaker
Malcolm Wellmaker,513.44,15-11-2025,L,U-DEC,Ethyn Ewing
Kyle Daukaus,530.09,15-11-2025,W,SUB,Gerald Meerschaert
Gerald Meerschaert,487.38,15-11-2025,L,SUB,Kyle Daukaus
Pat Sabatini,598.41,15-11-2025,W,U-DEC,Chepe Mariscal
Chepe Mariscal,567.23,15-11-2025,L,U-DEC,Pat Sabatini
Fatima Kline,534.72,15-11-2025,W,U-DEC,Angela Hill
Angela Hill,485.78,15-11-2025,L,U-DEC,Fatima Kline
Baisangur Susurkaev,534.72,15-11-2025,W,KO/TKO,Eric McConico
Eric McConico,485.74,15-11-2025,L,KO/TKO,Baisangur Susurkaev
Matheus Camilo,495.15,15-11-2025,W,U-DEC,Viacheslav Borshchev
Viacheslav Borshchev,447.65,15-11-2025,L,U-DEC,Matheus Camilo
Arman Tsarukyan,653.84,22-11-2025,W,SUB,Dan Hooker
Dan Hooker,580.49,22-11-2025,L,SUB,Arman Tsarukyan
Ian Machado Garry,651.65,22-11-2025,W,U-DEC,Belal Muhammad
Belal Muhammad,687.84,22-11-2025,L,U-DEC,Ian Machado Garry
Volkan Oezdemir,547.16,22-11-2025,W,KO/TKO,Alonzo Menifield
Alonzo Menifield,557.3,22-11-2025,L,KO/TKO,Volkan Oezdemir
Myktybek Orolbai,558.27,22-11-2025,W,KO/TKO,Jack Hermansson
Jack Hermansson,545.83,22-11-2025,L,KO/TKO,Myktybek Orolbai
Waldo Cortes Acosta,522.62,22-11-2025,W,KO/TKO,Shamil Gaziev
Shamil Gaziev,516.45,22-11-2025,L,KO/TKO,Waldo Cortes Acosta
Kyoji Horiguchi,605.56,22-11-2025,W,SUB,Tagir Ulanbekov
Tagir Ulanbekov,562.92,22-11-2025,L,SUB,Kyoji Horiguchi
Luke Riley,515.73,22-11-2025,W,KO/TKO,Bogdan Grad
Bogdan Grad,483.92,22-11-2025,L,KO/TKO,Luke Riley
Nicolas Dalby,547.32,22-11-2025,W,S-DEC,Saygid Izagakhmaev
Saygid Izagakhmaev,485.74,22-11-2025,L,S-DEC,Nicolas Dalby
Asu Almabayev,582.62,22-11-2025,W,SUB,Alex Perez
Alex Perez,511.04,22-11-2025,L,SUB,Asu Almabayev
Abdul Rakhman Yakhyaev,516.81,22-11-2025,W,SUB,Rafael Cerqueira
Rafael Cerqueira,436.97,22-11-2025,L,SUB,Abdul Rakhman Yakhyaev
Aleksandre Topuria,531.57,22-11-2025,W,U-DEC,Bekzat Almakhan
Bekzat Almakhan,485.59,22-11-2025,L,U-DEC,Aleksandre Topuria
Ismail Naurdiev,522.76,22-11-2025,W,KO/TKO,Ryan Loder
Ryan Loder,483.9,22-11-2025,L,KO/TKO,Ismail Naurdiev
Nurullo Aliev,548.55,22-11-2025,W,U-DEC,Shem Rock
Shem Rock,484.38,22-11-2025,L,U-DEC,Nurullo Aliev
Denzel Freeman,515.75,22-11-2025,W,U-DEC,Marek Bujlo
Marek Bujlo,484.25,22-11-2025,L,U-DEC,Denzel Freeman
Petr Yan,642.67,06-12-2025,W,U-DEC,Merab Dvalishvili
Merab Dvalishvili,713.58,06-12-2025,L,U-DEC,Petr Yan
Joshua Van,626.53,06-12-2025,W,KO/TKO,Alexandre Pantoja
Alexandre Pantoja,657.86,06-12-2025,L,KO/TKO,Joshua Van
Tatsuro Taira,618.05,06-12-2025,W,KO/TKO,Brandon Moreno
Brandon Moreno,595.05,06-12-2025,L,KO/TKO,Tatsuro Taira
Payton Talbott,567.28,06-12-2025,W,U-DEC,Henry Cejudo
Henry Cejudo,573.02,06-12-2025,L,U-DEC,Payton Talbott
Jan Blachowicz,586.4,06-12-2025,L,M-DEC,Bogdan Guskov
Bogdan Guskov,555.93,06-12-2025,W,M-DEC,Jan Blachowicz
Manuel Torres,571.53,06-12-2025,W,KO/TKO,Grant Dawson
Grant Dawson,642.28,06-12-2025,L,KO/TKO,Manuel Torres
Chris Duncan,585.83,06-12-2025,W,SUB,Terrance McKinney
Terrance McKinney,523.67,06-12-2025,L,SUB,Chris Duncan
Maycee Barber,632.29,06-12-2025,W,U-DEC,Karine Silva
Karine Silva,553.6,06-12-2025,L,U-DEC,Maycee Barber
Fares Ziam,600.14,06-12-2025,W,KO/TKO,Nazim Sadykhov
Nazim Sadykhov,548.39,06-12-2025,L,KO/TKO,Fares Ziam
Brunno Ferreira,565.19,06-12-2025,W,U-DEC,Marvin Vettori
Marvin Vettori,536.31,06-12-2025,L,U-DEC,Brunno Ferreira
Jalin Turner,543.19,06-12-2025,W,KO/TKO,Edson Barboza
Edson Barboza,521.9,06-12-2025,L,KO/TKO,Jalin Turner
Iwo Baraniewski,515.25,06-12-2025,W,KO/TKO,Ibo Aslan
Ibo Aslan,473.69,06-12-2025,L,KO/TKO,Iwo Baraniewski
Mansur Abdul-Malik,564.12,06-12-2025,W,SUB,Antonio Trocoli
Antonio Trocoli,447.34,06-12-2025,L,SUB,Mansur Abdul-Malik
Mairon Santos,567.83,06-12-2025,W,KO/TKO,Muhammad Naimov
Muhammad Naimov,539.7,06-12-2025,L,KO/TKO,Mairon Santos
Manel Kape,575.43,13-12-2025,W,KO/TKO,Brandon Royval
Brandon Royval,545.81,13-12-2025,L,KO/TKO,Manel Kape
Kevin Vallejos,551.16,13-12-2025,W,KO/TKO,Giga Chikadze
Giga Chikadze,558.01,13-12-2025,L,KO/TKO,Kevin Vallejos
Cezary Oleksiejczuk,517.06,13-12-2025,W,U-DEC,Cesar Almeida
Cesar Almeida,511.93,13-12-2025,L,U-DEC,Cezary Oleksiejczuk
Melquizael Costa,577.37,13-12-2025,W,KO/TKO,Morgan Charriere
Morgan Charriere,501.89,13-12-2025,L,KO/TKO,Melquizael Costa
Kennedy Nzechukwu,518.19,13-12-2025,L,U-DEC,Marcus Buchecha
Marcus Buchecha,487.77,13-12-2025,W,U-DEC,Kennedy Nzechukwu
King Green,533.03,13-12-2025,W,S-DEC,Lance Gibson Jr.
Lance Gibson Jr.,485.07,13-12-2025,L,S-DEC,King Green
Yaroslav Amosov,525.68,13-12-2025,W,SUB,Neil Magny
Neil Magny,591.72,13-12-2025,L,SUB,Yaroslav Amosov
Joanderson Brito,558.64,13-12-2025,W,U-DEC,Isaac Thomson
Isaac Thomson,486.27,13-12-2025,L,U-DEC,Joanderson Brito
Steven Asplund,514.97,13-12-2025,W,KO/TKO,Sean Sharaf
Sean Sharaf,467.81,13-12-2025,L,KO/TKO,Steven Asplund
Luana Santos,566.52,13-12-2025,W,U-DEC,Melissa Croden
Melissa Croden,501.57,13-12-2025,L,U-DEC,Luana Santos
Guilherme Pat,515.75,13-12-2025,W,U-DEC,Allen Frye Jr.
Allen Frye Jr.,484.25,13-12-2025,L,U-DEC,Guilherme Pat
Jamey-Lyn Horth,529.98,13-12-2025,W,KO/TKO,Tereza Bleda
Tereza Bleda,484.2,13-12-2025,L,KO/TKO,Jamey-Lyn Horth
